DELETE [tb_sis_Documento_Tipo]
DELETE [tb_persona_tipo]
DELETE [tb_mes]
DELETE [tb_dia]
DELETE [tb_banco]
DELETE [fa_formaPago]
DELETE [ct_anio_fiscal]
DELETE [cp_TipoDocumento]
DELETE [cp_pais_sri]
DELETE [cp_pagos_sri]
DELETE [cp_orden_pago_tipo]
DELETE [cp_orden_pago_estado_aprob]
DELETE [com_estado_cierre]
DELETE [caj_catalogo_tipo]
DELETE [caj_catalogo]
DELETE [ba_Cbte_Ban_tipo]
DELETE [imp_catalogo]
DELETE [imp_catalogo_tipo]
DELETE [in_Catalogo]
DELETE [in_CatalogoTipo]
DELETE [fa_catalogo]
DELETE [fa_catalogo_tipo]
DELETE [tb_ciudad]
DELETE [Af_Catalogo]
DELETE [Af_CatalogoTipo]
DELETE [tb_Catalogo]
DELETE [tb_CatalogoTipo]
DELETE [com_catalogo]
DELETE [com_catalogo_tipo]
DELETE [tb_provincia]
DELETE [tb_region]
DELETE [tb_pais]
DELETE [cp_orden_pago_formapago]
DELETE [web].[tb_sis_reporte]
DELETE [tb_modulo]
DELETE [cxc_Catalogo]
DELETE [cxc_CatalogoTipo]
DELETE [cxc_cobro_tipo]
DELETE [cxc_cobro_tipo_motivo]
DELETE [tb_sis_Impuesto]
DELETE [tb_sis_Impuesto_Tipo]
DELETE [seg_usuario]
DELETE [seg_Menu]
DELETE [ba_Catalogo]
DELETE [ba_CatalogoTipo]
DELETE [cp_codigo_SRI]
DELETE [cp_codigo_SRI_tipo]
DELETE [cp_catalogo]
DELETE [cp_catalogo_tipo]
DELETE [tb_parroquia]

INSERT [dbo].[cp_catalogo_tipo] ([IdCatalogo_tipo], [Descripcion], [Estado]) VALUES (N'EST_CIE', N'ESTADO DE CIERRE DE CAJA', N'A')
INSERT [dbo].[cp_catalogo_tipo] ([IdCatalogo_tipo], [Descripcion], [Estado]) VALUES (N'EST_DOC', N'ESTADO DE SALDO DE DOCUMENTOS', N'A')
INSERT [dbo].[cp_catalogo_tipo] ([IdCatalogo_tipo], [Descripcion], [Estado]) VALUES (N'T_GASTOS', N'TIPO DE GASTOS', N'A')
INSERT [dbo].[cp_catalogo_tipo] ([IdCatalogo_tipo], [Descripcion], [Estado]) VALUES (N'T_IMPR_RET', N'TIPO DE IMPRESION DE RETENCION', N'A')
INSERT [dbo].[cp_catalogo_tipo] ([IdCatalogo_tipo], [Descripcion], [Estado]) VALUES (N'T_SERVI', N'TIPO DE SERVICIO', N'A')
INSERT [dbo].[cp_catalogo_tipo] ([IdCatalogo_tipo], [Descripcion], [Estado]) VALUES (N'T_SUJERO_RET', N'TIPO DE SUJETO A RETENCION', N'A')
INSERT [dbo].[cp_catalogo_tipo] ([IdCatalogo_tipo], [Descripcion], [Estado]) VALUES (N'T_TIP_CTA_ACRE', N'TIPO DE CTA ACREDITACION', N'A')
INSERT [dbo].[cp_catalogo_tipo] ([IdCatalogo_tipo], [Descripcion], [Estado]) VALUES (N'T_TIP_NOTA', N'TIPO DE NOTAS', N'A')
INSERT [dbo].[cp_catalogo] ([IdCatalogo], [IdCatalogo_tipo], [Nombre], [Estado], [Abrebiatura], [NombreIngles], [Orden], [IdUsuario], [IdUsuarioUltMod], [FechaUltMod], [nom_pc], [ip]) VALUES (N'AHO', N'T_TIP_CTA_ACRE', N'Ahorro', N'A', NULL, NULL, NULL, NULL, NULL, NULL, NULL, NULL)
INSERT [dbo].[cp_catalogo] ([IdCatalogo], [IdCatalogo_tipo], [Nombre], [Estado], [Abrebiatura], [NombreIngles], [Orden], [IdUsuario], [IdUsuarioUltMod], [FechaUltMod], [nom_pc], [ip]) VALUES (N'CHE', N'T_TIP_CTA_ACRE', N'Cheque', N'A', NULL, NULL, NULL, NULL, NULL, NULL, NULL, NULL)
INSERT [dbo].[cp_catalogo] ([IdCatalogo], [IdCatalogo_tipo], [Nombre], [Estado], [Abrebiatura], [NombreIngles], [Orden], [IdUsuario], [IdUsuarioUltMod], [FechaUltMod], [nom_pc], [ip]) VALUES (N'COMP_CON_RET', N'T_SUJERO_RET', N'Compras&Servicios CON RETENCION', N'A', NULL, NULL, NULL, NULL, NULL, NULL, NULL, NULL)
INSERT [dbo].[cp_catalogo] ([IdCatalogo], [IdCatalogo_tipo], [Nombre], [Estado], [Abrebiatura], [NombreIngles], [Orden], [IdUsuario], [IdUsuarioUltMod], [FechaUltMod], [nom_pc], [ip]) VALUES (N'COMP_SIN_RET', N'T_SUJERO_RET', N'Compras&Servicios NO SUJETAN RETENCION', N'A', NULL, NULL, NULL, NULL, NULL, NULL, NULL, NULL)
INSERT [dbo].[cp_catalogo] ([IdCatalogo], [IdCatalogo_tipo], [Nombre], [Estado], [Abrebiatura], [NombreIngles], [Orden], [IdUsuario], [IdUsuarioUltMod], [FechaUltMod], [nom_pc], [ip]) VALUES (N'COMP_SIN_RET_OT', N'T_SUJERO_RET', N's NO SUJETAN RETENCION /332/333/334', N'A', NULL, NULL, NULL, NULL, NULL, NULL, NULL, NULL)
INSERT [dbo].[cp_catalogo] ([IdCatalogo], [IdCatalogo_tipo], [Nombre], [Estado], [Abrebiatura], [NombreIngles], [Orden], [IdUsuario], [IdUsuarioUltMod], [FechaUltMod], [nom_pc], [ip]) VALUES (N'COR', N'T_TIP_CTA_ACRE', N'Corriente', N'A', NULL, NULL, NULL, NULL, NULL, NULL, NULL, NULL)
INSERT [dbo].[cp_catalogo] ([IdCatalogo], [IdCatalogo_tipo], [Nombre], [Estado], [Abrebiatura], [NombreIngles], [Orden], [IdUsuario], [IdUsuarioUltMod], [FechaUltMod], [nom_pc], [ip]) VALUES (N'EFE', N'T_TIP_CTA_ACRE', N'Efectivo', N'A', NULL, NULL, NULL, NULL, NULL, NULL, NULL, NULL)
INSERT [dbo].[cp_catalogo] ([IdCatalogo], [IdCatalogo_tipo], [Nombre], [Estado], [Abrebiatura], [NombreIngles], [Orden], [IdUsuario], [IdUsuarioUltMod], [FechaUltMod], [nom_pc], [ip]) VALUES (N'EST_CIE_ABI', N'EST_CIE', N'Abierta', N'A', NULL, NULL, NULL, NULL, NULL, NULL, NULL, NULL)
INSERT [dbo].[cp_catalogo] ([IdCatalogo], [IdCatalogo_tipo], [Nombre], [Estado], [Abrebiatura], [NombreIngles], [Orden], [IdUsuario], [IdUsuarioUltMod], [FechaUltMod], [nom_pc], [ip]) VALUES (N'EST_CIE_CER', N'EST_CIE', N'Cerrada', N'A', NULL, NULL, NULL, NULL, NULL, NULL, NULL, NULL)
INSERT [dbo].[cp_catalogo] ([IdCatalogo], [IdCatalogo_tipo], [Nombre], [Estado], [Abrebiatura], [NombreIngles], [Orden], [IdUsuario], [IdUsuarioUltMod], [FechaUltMod], [nom_pc], [ip]) VALUES (N'EST_DOC_CAN', N'EST_DOC', N'Canceladas', N'A', NULL, NULL, NULL, NULL, NULL, NULL, NULL, NULL)
INSERT [dbo].[cp_catalogo] ([IdCatalogo], [IdCatalogo_tipo], [Nombre], [Estado], [Abrebiatura], [NombreIngles], [Orden], [IdUsuario], [IdUsuarioUltMod], [FechaUltMod], [nom_pc], [ip]) VALUES (N'EST_DOC_PEN', N'EST_DOC', N'Pendiente', N'A', NULL, NULL, NULL, NULL, NULL, NULL, NULL, NULL)
INSERT [dbo].[cp_catalogo] ([IdCatalogo], [IdCatalogo_tipo], [Nombre], [Estado], [Abrebiatura], [NombreIngles], [Orden], [IdUsuario], [IdUsuarioUltMod], [FechaUltMod], [nom_pc], [ip]) VALUES (N'EST_DOC_TODS', N'EST_DOC', N'Todos', N'A', NULL, NULL, NULL, NULL, NULL, NULL, NULL, NULL)
INSERT [dbo].[cp_catalogo] ([IdCatalogo], [IdCatalogo_tipo], [Nombre], [Estado], [Abrebiatura], [NombreIngles], [Orden], [IdUsuario], [IdUsuarioUltMod], [FechaUltMod], [nom_pc], [ip]) VALUES (N'T_GASTOS_001', N'T_GASTOS', N'NO ESPECIFICADO', N'A', NULL, NULL, 1, NULL, NULL, NULL, NULL, NULL)
INSERT [dbo].[cp_catalogo] ([IdCatalogo], [IdCatalogo_tipo], [Nombre], [Estado], [Abrebiatura], [NombreIngles], [Orden], [IdUsuario], [IdUsuarioUltMod], [FechaUltMod], [nom_pc], [ip]) VALUES (N'T_GASTOS_002', N'T_GASTOS', N'Gastos Proveedores Locales', N'A', NULL, NULL, 2, NULL, NULL, NULL, NULL, NULL)
INSERT [dbo].[cp_catalogo] ([IdCatalogo], [IdCatalogo_tipo], [Nombre], [Estado], [Abrebiatura], [NombreIngles], [Orden], [IdUsuario], [IdUsuarioUltMod], [FechaUltMod], [nom_pc], [ip]) VALUES (N'T_GASTOS_003', N'T_GASTOS', N'Gastos Proveedores Exte', N'A', NULL, NULL, 3, NULL, NULL, NULL, NULL, NULL)
INSERT [dbo].[cp_catalogo] ([IdCatalogo], [IdCatalogo_tipo], [Nombre], [Estado], [Abrebiatura], [NombreIngles], [Orden], [IdUsuario], [IdUsuarioUltMod], [FechaUltMod], [nom_pc], [ip]) VALUES (N'T_GASTOS_004', N'T_GASTOS', N'Gastos Empleados', N'A', NULL, NULL, 4, NULL, NULL, NULL, NULL, NULL)
INSERT [dbo].[cp_catalogo] ([IdCatalogo], [IdCatalogo_tipo], [Nombre], [Estado], [Abrebiatura], [NombreIngles], [Orden], [IdUsuario], [IdUsuarioUltMod], [FechaUltMod], [nom_pc], [ip]) VALUES (N'T_IMPR_RET_IMPR', N'T_IMPR_RET', N'IMPRESO', N'A', N'IMP', NULL, 2, N'admin', NULL, NULL, NULL, NULL)
INSERT [dbo].[cp_catalogo] ([IdCatalogo], [IdCatalogo_tipo], [Nombre], [Estado], [Abrebiatura], [NombreIngles], [Orden], [IdUsuario], [IdUsuarioUltMod], [FechaUltMod], [nom_pc], [ip]) VALUES (N'T_IMPR_RET_NO_IMP', N'T_IMPR_RET', N'NO IMPRESO', N'A', N'NIMP', NULL, 1, NULL, NULL, NULL, NULL, NULL)
INSERT [dbo].[cp_catalogo] ([IdCatalogo], [IdCatalogo_tipo], [Nombre], [Estado], [Abrebiatura], [NombreIngles], [Orden], [IdUsuario], [IdUsuarioUltMod], [FechaUltMod], [nom_pc], [ip]) VALUES (N'T_SERVI_001', N'T_SERVI', N'NO ESPECIFICADO', N'A', NULL, NULL, 1, NULL, NULL, NULL, NULL, NULL)
INSERT [dbo].[cp_catalogo] ([IdCatalogo], [IdCatalogo_tipo], [Nombre], [Estado], [Abrebiatura], [NombreIngles], [Orden], [IdUsuario], [IdUsuarioUltMod], [FechaUltMod], [nom_pc], [ip]) VALUES (N'T_TIP_NOTA_INT', N'T_TIP_NOTA', N'Uso Interno', N'A', NULL, NULL, NULL, NULL, NULL, NULL, NULL, NULL)
INSERT [dbo].[cp_catalogo] ([IdCatalogo], [IdCatalogo_tipo], [Nombre], [Estado], [Abrebiatura], [NombreIngles], [Orden], [IdUsuario], [IdUsuarioUltMod], [FechaUltMod], [nom_pc], [ip]) VALUES (N'T_TIP_NOTA_SRI', N'T_TIP_NOTA', N'Autorizado x SRI', N'A', NULL, NULL, 1, NULL, NULL, NULL, NULL, NULL)
INSERT [dbo].[cp_catalogo] ([IdCatalogo], [IdCatalogo_tipo], [Nombre], [Estado], [Abrebiatura], [NombreIngles], [Orden], [IdUsuario], [IdUsuarioUltMod], [FechaUltMod], [nom_pc], [ip]) VALUES (N'TIPOSERVPR_001', N'T_SERVI', N'PROV. DEL EXTERIOR', N'A', NULL, NULL, 16, NULL, NULL, NULL, NULL, NULL)
INSERT [dbo].[cp_catalogo] ([IdCatalogo], [IdCatalogo_tipo], [Nombre], [Estado], [Abrebiatura], [NombreIngles], [Orden], [IdUsuario], [IdUsuarioUltMod], [FechaUltMod], [nom_pc], [ip]) VALUES (N'TIPOSERVPR_002', N'T_SERVI', N'HONORARIOS PROFESIONALES', N'A', NULL, NULL, 15, NULL, NULL, NULL, NULL, NULL)
INSERT [dbo].[cp_catalogo] ([IdCatalogo], [IdCatalogo_tipo], [Nombre], [Estado], [Abrebiatura], [NombreIngles], [Orden], [IdUsuario], [IdUsuarioUltMod], [FechaUltMod], [nom_pc], [ip]) VALUES (N'TIPOSERVPR_003', N'T_SERVI', N'INTERNO', N'A', NULL, NULL, 14, NULL, NULL, NULL, NULL, NULL)
INSERT [dbo].[cp_catalogo] ([IdCatalogo], [IdCatalogo_tipo], [Nombre], [Estado], [Abrebiatura], [NombreIngles], [Orden], [IdUsuario], [IdUsuarioUltMod], [FechaUltMod], [nom_pc], [ip]) VALUES (N'TIPOSERVPR_004', N'T_SERVI', N'ASESORIAS', N'A', NULL, NULL, 13, NULL, NULL, NULL, NULL, NULL)
INSERT [dbo].[cp_catalogo] ([IdCatalogo], [IdCatalogo_tipo], [Nombre], [Estado], [Abrebiatura], [NombreIngles], [Orden], [IdUsuario], [IdUsuarioUltMod], [FechaUltMod], [nom_pc], [ip]) VALUES (N'TIPOSERVPR_005', N'T_SERVI', N'BANCOS', N'A', NULL, NULL, 12, NULL, NULL, NULL, NULL, NULL)
INSERT [dbo].[cp_catalogo] ([IdCatalogo], [IdCatalogo_tipo], [Nombre], [Estado], [Abrebiatura], [NombreIngles], [Orden], [IdUsuario], [IdUsuarioUltMod], [FechaUltMod], [nom_pc], [ip]) VALUES (N'TIPOSERVPR_007', N'T_SERVI', N'COMBUSTIBLE', N'A', NULL, NULL, 1, NULL, NULL, NULL, NULL, NULL)
INSERT [dbo].[cp_catalogo] ([IdCatalogo], [IdCatalogo_tipo], [Nombre], [Estado], [Abrebiatura], [NombreIngles], [Orden], [IdUsuario], [IdUsuarioUltMod], [FechaUltMod], [nom_pc], [ip]) VALUES (N'TIPOSERVPR_008', N'T_SERVI', N'INSTITUCIONES PUBLICAS', N'A', NULL, NULL, 10, NULL, NULL, NULL, NULL, NULL)
INSERT [dbo].[cp_catalogo] ([IdCatalogo], [IdCatalogo_tipo], [Nombre], [Estado], [Abrebiatura], [NombreIngles], [Orden], [IdUsuario], [IdUsuarioUltMod], [FechaUltMod], [nom_pc], [ip]) VALUES (N'TIPOSERVPR_009', N'T_SERVI', N'NACIONALIZACION', N'A', NULL, NULL, 19, NULL, NULL, NULL, NULL, NULL)
INSERT [dbo].[cp_catalogo] ([IdCatalogo], [IdCatalogo_tipo], [Nombre], [Estado], [Abrebiatura], [NombreIngles], [Orden], [IdUsuario], [IdUsuarioUltMod], [FechaUltMod], [nom_pc], [ip]) VALUES (N'TIPOSERVPR_010', N'T_SERVI', N'OTROS', N'A', NULL, NULL, 24, NULL, NULL, NULL, NULL, NULL)
INSERT [dbo].[cp_catalogo] ([IdCatalogo], [IdCatalogo_tipo], [Nombre], [Estado], [Abrebiatura], [NombreIngles], [Orden], [IdUsuario], [IdUsuarioUltMod], [FechaUltMod], [nom_pc], [ip]) VALUES (N'TIPOSERVPR_011', N'T_SERVI', N'OTROS ADMINISTRACION', N'A', NULL, NULL, 8, NULL, NULL, NULL, NULL, NULL)
INSERT [dbo].[cp_catalogo] ([IdCatalogo], [IdCatalogo_tipo], [Nombre], [Estado], [Abrebiatura], [NombreIngles], [Orden], [IdUsuario], [IdUsuarioUltMod], [FechaUltMod], [nom_pc], [ip]) VALUES (N'TIPOSERVPR_012', N'T_SERVI', N'PROVEEDOR ADMINISTRACION', N'A', NULL, NULL, 7, NULL, NULL, NULL, NULL, NULL)
INSERT [dbo].[cp_catalogo] ([IdCatalogo], [IdCatalogo_tipo], [Nombre], [Estado], [Abrebiatura], [NombreIngles], [Orden], [IdUsuario], [IdUsuarioUltMod], [FechaUltMod], [nom_pc], [ip]) VALUES (N'TIPOSERVPR_013', N'T_SERVI', N'PROVEEDOR INSUMOS PLANTA', N'A', NULL, NULL, 6, NULL, NULL, NULL, NULL, NULL)
INSERT [dbo].[cp_catalogo] ([IdCatalogo], [IdCatalogo_tipo], [Nombre], [Estado], [Abrebiatura], [NombreIngles], [Orden], [IdUsuario], [IdUsuarioUltMod], [FechaUltMod], [nom_pc], [ip]) VALUES (N'TIPOSERVPR_014', N'T_SERVI', N'SEGUROS/AFP', N'A', NULL, NULL, 5, NULL, NULL, NULL, NULL, NULL)
INSERT [dbo].[cp_catalogo] ([IdCatalogo], [IdCatalogo_tipo], [Nombre], [Estado], [Abrebiatura], [NombreIngles], [Orden], [IdUsuario], [IdUsuarioUltMod], [FechaUltMod], [nom_pc], [ip]) VALUES (N'TIPOSERVPR_015', N'T_SERVI', N'SERVICIOS BASICOS', N'A', NULL, NULL, 4, NULL, NULL, NULL, NULL, NULL)
INSERT [dbo].[cp_catalogo] ([IdCatalogo], [IdCatalogo_tipo], [Nombre], [Estado], [Abrebiatura], [NombreIngles], [Orden], [IdUsuario], [IdUsuarioUltMod], [FechaUltMod], [nom_pc], [ip]) VALUES (N'TIPOSERVPR_016', N'T_SERVI', N'SERVICIOS PUBLICOS', N'A', NULL, NULL, 3, NULL, NULL, NULL, NULL, NULL)
INSERT [dbo].[cp_catalogo] ([IdCatalogo], [IdCatalogo_tipo], [Nombre], [Estado], [Abrebiatura], [NombreIngles], [Orden], [IdUsuario], [IdUsuarioUltMod], [FechaUltMod], [nom_pc], [ip]) VALUES (N'TIPOSERVPR_017', N'T_SERVI', N'T. IMPORTACION', N'A', NULL, NULL, 9, NULL, NULL, NULL, NULL, NULL)
INSERT [dbo].[cp_catalogo] ([IdCatalogo], [IdCatalogo_tipo], [Nombre], [Estado], [Abrebiatura], [NombreIngles], [Orden], [IdUsuario], [IdUsuarioUltMod], [FechaUltMod], [nom_pc], [ip]) VALUES (N'TIPOSERVPR_018', N'T_SERVI', N'T. NACIONAL', N'A', NULL, NULL, 11, NULL, NULL, NULL, NULL, NULL)
INSERT [dbo].[cp_catalogo] ([IdCatalogo], [IdCatalogo_tipo], [Nombre], [Estado], [Abrebiatura], [NombreIngles], [Orden], [IdUsuario], [IdUsuarioUltMod], [FechaUltMod], [nom_pc], [ip]) VALUES (N'TIPOSERVPR_019', N'T_SERVI', N'ADMINISTRATIVO', N'A', NULL, NULL, 22, NULL, NULL, NULL, NULL, NULL)
INSERT [dbo].[cp_catalogo] ([IdCatalogo], [IdCatalogo_tipo], [Nombre], [Estado], [Abrebiatura], [NombreIngles], [Orden], [IdUsuario], [IdUsuarioUltMod], [FechaUltMod], [nom_pc], [ip]) VALUES (N'TIPOSERVPR_020', N'T_SERVI', N'CASA MATRIZ', N'A', NULL, NULL, 20, NULL, NULL, NULL, NULL, NULL)
INSERT [dbo].[cp_catalogo] ([IdCatalogo], [IdCatalogo_tipo], [Nombre], [Estado], [Abrebiatura], [NombreIngles], [Orden], [IdUsuario], [IdUsuarioUltMod], [FechaUltMod], [nom_pc], [ip]) VALUES (N'TIPOSERVPR_021', N'T_SERVI', N'ACERIA', N'A', NULL, NULL, 37, NULL, NULL, NULL, NULL, NULL)
INSERT [dbo].[cp_catalogo] ([IdCatalogo], [IdCatalogo_tipo], [Nombre], [Estado], [Abrebiatura], [NombreIngles], [Orden], [IdUsuario], [IdUsuarioUltMod], [FechaUltMod], [nom_pc], [ip]) VALUES (N'TIPOSERVPR_022', N'T_SERVI', N'COMPACTADO', N'A', NULL, NULL, 36, NULL, NULL, NULL, NULL, NULL)
INSERT [dbo].[cp_catalogo] ([IdCatalogo], [IdCatalogo_tipo], [Nombre], [Estado], [Abrebiatura], [NombreIngles], [Orden], [IdUsuario], [IdUsuarioUltMod], [FechaUltMod], [nom_pc], [ip]) VALUES (N'TIPOSERVPR_023', N'T_SERVI', N'DOBLADOS', N'A', NULL, NULL, 35, NULL, NULL, NULL, NULL, NULL)
INSERT [dbo].[cp_catalogo] ([IdCatalogo], [IdCatalogo_tipo], [Nombre], [Estado], [Abrebiatura], [NombreIngles], [Orden], [IdUsuario], [IdUsuarioUltMod], [FechaUltMod], [nom_pc], [ip]) VALUES (N'TIPOSERVPR_024', N'T_SERVI', N'FLEJE', N'A', NULL, NULL, 34, NULL, NULL, NULL, NULL, NULL)
INSERT [dbo].[cp_catalogo] ([IdCatalogo], [IdCatalogo_tipo], [Nombre], [Estado], [Abrebiatura], [NombreIngles], [Orden], [IdUsuario], [IdUsuarioUltMod], [FechaUltMod], [nom_pc], [ip]) VALUES (N'TIPOSERVPR_025', N'T_SERVI', N'OXICORTE', N'A', NULL, NULL, 33, NULL, NULL, NULL, NULL, NULL)
INSERT [dbo].[cp_catalogo] ([IdCatalogo], [IdCatalogo_tipo], [Nombre], [Estado], [Abrebiatura], [NombreIngles], [Orden], [IdUsuario], [IdUsuarioUltMod], [FechaUltMod], [nom_pc], [ip]) VALUES (N'TIPOSERVPR_026', N'T_SERVI', N'PATIO CHATARRA', N'A', NULL, NULL, 32, NULL, NULL, NULL, NULL, NULL)
INSERT [dbo].[cp_catalogo] ([IdCatalogo], [IdCatalogo_tipo], [Nombre], [Estado], [Abrebiatura], [NombreIngles], [Orden], [IdUsuario], [IdUsuarioUltMod], [FechaUltMod], [nom_pc], [ip]) VALUES (N'TIPOSERVPR_027', N'T_SERVI', N'PLANTA', N'A', NULL, NULL, 31, NULL, NULL, NULL, NULL, NULL)
INSERT [dbo].[cp_catalogo] ([IdCatalogo], [IdCatalogo_tipo], [Nombre], [Estado], [Abrebiatura], [NombreIngles], [Orden], [IdUsuario], [IdUsuarioUltMod], [FechaUltMod], [nom_pc], [ip]) VALUES (N'TIPOSERVPR_028', N'T_SERVI', N'TECHOS', N'A', NULL, NULL, 30, NULL, NULL, NULL, NULL, NULL)
INSERT [dbo].[cp_catalogo] ([IdCatalogo], [IdCatalogo_tipo], [Nombre], [Estado], [Abrebiatura], [NombreIngles], [Orden], [IdUsuario], [IdUsuarioUltMod], [FechaUltMod], [nom_pc], [ip]) VALUES (N'TIPOSERVPR_029', N'T_SERVI', N'VENTAS', N'A', NULL, NULL, 40, NULL, NULL, NULL, NULL, NULL)
INSERT [dbo].[cp_catalogo] ([IdCatalogo], [IdCatalogo_tipo], [Nombre], [Estado], [Abrebiatura], [NombreIngles], [Orden], [IdUsuario], [IdUsuarioUltMod], [FechaUltMod], [nom_pc], [ip]) VALUES (N'TIPOSERVPR_030', N'T_SERVI', N'COMEDOR', N'A', NULL, NULL, 29, NULL, NULL, NULL, NULL, NULL)
INSERT [dbo].[cp_catalogo] ([IdCatalogo], [IdCatalogo_tipo], [Nombre], [Estado], [Abrebiatura], [NombreIngles], [Orden], [IdUsuario], [IdUsuarioUltMod], [FechaUltMod], [nom_pc], [ip]) VALUES (N'TIPOSERVPR_031', N'T_SERVI', N'OBRAS Y PROYECTOS', N'A', NULL, NULL, 28, NULL, NULL, NULL, NULL, NULL)
INSERT [dbo].[cp_catalogo] ([IdCatalogo], [IdCatalogo_tipo], [Nombre], [Estado], [Abrebiatura], [NombreIngles], [Orden], [IdUsuario], [IdUsuarioUltMod], [FechaUltMod], [nom_pc], [ip]) VALUES (N'TIPOSERVPR_032', N'T_SERVI', N'BUNKER', N'A', NULL, NULL, 27, NULL, NULL, NULL, NULL, NULL)
INSERT [dbo].[cp_catalogo] ([IdCatalogo], [IdCatalogo_tipo], [Nombre], [Estado], [Abrebiatura], [NombreIngles], [Orden], [IdUsuario], [IdUsuarioUltMod], [FechaUltMod], [nom_pc], [ip]) VALUES (N'TIPOSERVPR_033', N'T_SERVI', N'NOMINA', N'A', NULL, NULL, 21, NULL, NULL, NULL, NULL, NULL)
INSERT [dbo].[cp_catalogo] ([IdCatalogo], [IdCatalogo_tipo], [Nombre], [Estado], [Abrebiatura], [NombreIngles], [Orden], [IdUsuario], [IdUsuarioUltMod], [FechaUltMod], [nom_pc], [ip]) VALUES (N'TIPOSERVPR_034', N'T_SERVI', N'NOMINA', N'A', NULL, NULL, 26, NULL, NULL, NULL, NULL, NULL)
INSERT [dbo].[cp_catalogo] ([IdCatalogo], [IdCatalogo_tipo], [Nombre], [Estado], [Abrebiatura], [NombreIngles], [Orden], [IdUsuario], [IdUsuarioUltMod], [FechaUltMod], [nom_pc], [ip]) VALUES (N'TIPOSERVPR_035', N'T_SERVI', N'NOMINA', N'A', NULL, NULL, 38, NULL, NULL, NULL, NULL, NULL)
INSERT [dbo].[cp_catalogo] ([IdCatalogo], [IdCatalogo_tipo], [Nombre], [Estado], [Abrebiatura], [NombreIngles], [Orden], [IdUsuario], [IdUsuarioUltMod], [FechaUltMod], [nom_pc], [ip]) VALUES (N'TIPOSERVPR_036', N'T_SERVI', N'ENERGIA ELECTRICA', N'A', NULL, NULL, 25, NULL, NULL, NULL, NULL, NULL)
INSERT [dbo].[cp_catalogo] ([IdCatalogo], [IdCatalogo_tipo], [Nombre], [Estado], [Abrebiatura], [NombreIngles], [Orden], [IdUsuario], [IdUsuarioUltMod], [FechaUltMod], [nom_pc], [ip]) VALUES (N'TIPOSERVPR_037', N'T_SERVI', N'OTROS', N'A', NULL, NULL, 39, NULL, NULL, NULL, NULL, NULL)
INSERT [dbo].[cp_catalogo] ([IdCatalogo], [IdCatalogo_tipo], [Nombre], [Estado], [Abrebiatura], [NombreIngles], [Orden], [IdUsuario], [IdUsuarioUltMod], [FechaUltMod], [nom_pc], [ip]) VALUES (N'TIPOSERVPR_038', N'T_SERVI', N'OTROS', N'A', NULL, NULL, 23, NULL, NULL, NULL, NULL, NULL)
INSERT [dbo].[cp_catalogo] ([IdCatalogo], [IdCatalogo_tipo], [Nombre], [Estado], [Abrebiatura], [NombreIngles], [Orden], [IdUsuario], [IdUsuarioUltMod], [FechaUltMod], [nom_pc], [ip]) VALUES (N'TIPOSERVPR_039', N'T_SERVI', N'PROV. BIENES', N'A', NULL, NULL, 2, NULL, NULL, NULL, NULL, NULL)
INSERT [dbo].[cp_catalogo] ([IdCatalogo], [IdCatalogo_tipo], [Nombre], [Estado], [Abrebiatura], [NombreIngles], [Orden], [IdUsuario], [IdUsuarioUltMod], [FechaUltMod], [nom_pc], [ip]) VALUES (N'TIPOSERVPR_040', N'T_SERVI', N'PROV. SERVICIOS', N'A', NULL, NULL, 18, NULL, NULL, NULL, NULL, NULL)
INSERT [dbo].[cp_catalogo] ([IdCatalogo], [IdCatalogo_tipo], [Nombre], [Estado], [Abrebiatura], [NombreIngles], [Orden], [IdUsuario], [IdUsuarioUltMod], [FechaUltMod], [nom_pc], [ip]) VALUES (N'TIPOSERVPR_041', N'T_SERVI', N'TRANSPORTISTAS', N'A', NULL, NULL, 17, NULL, NULL, NULL, NULL, NULL)
INSERT [dbo].[cp_catalogo] ([IdCatalogo], [IdCatalogo_tipo], [Nombre], [Estado], [Abrebiatura], [NombreIngles], [Orden], [IdUsuario], [IdUsuarioUltMod], [FechaUltMod], [nom_pc], [ip]) VALUES (N'VRT', N'T_TIP_CTA_ACRE', N'Virtual', N'A', NULL, NULL, NULL, NULL, NULL, NULL, NULL, NULL)
INSERT [dbo].[cp_codigo_SRI_tipo] ([IdTipoSRI], [descripcion], [IdUsuario], [Fecha_Transac], [IdUsuarioUltMod], [Fecha_UltMod], [estado], [IdUsuarioUltAnu], [Fecha_UltAnu], [nom_pc], [ip]) VALUES (N'COD_101', N'Codigos 101', NULL, NULL, NULL, NULL, N'A', NULL, NULL, NULL, NULL)
INSERT [dbo].[cp_codigo_SRI_tipo] ([IdTipoSRI], [descripcion], [IdUsuario], [Fecha_Transac], [IdUsuarioUltMod], [Fecha_UltMod], [estado], [IdUsuarioUltAnu], [Fecha_UltAnu], [nom_pc], [ip]) VALUES (N'COD_ICE', N'Codigos ICE', NULL, NULL, NULL, NULL, N'A', NULL, NULL, NULL, NULL)
INSERT [dbo].[cp_codigo_SRI_tipo] ([IdTipoSRI], [descripcion], [IdUsuario], [Fecha_Transac], [IdUsuarioUltMod], [Fecha_UltMod], [estado], [IdUsuarioUltAnu], [Fecha_UltAnu], [nom_pc], [ip]) VALUES (N'COD_IDCREDITO', N'Codigos Identificacion de Credito', NULL, NULL, NULL, NULL, N'A', NULL, NULL, NULL, NULL)
INSERT [dbo].[cp_codigo_SRI_tipo] ([IdTipoSRI], [descripcion], [IdUsuario], [Fecha_Transac], [IdUsuarioUltMod], [Fecha_UltMod], [estado], [IdUsuarioUltAnu], [Fecha_UltAnu], [nom_pc], [ip]) VALUES (N'COD_IMPT_IVA', N'Codigos de Impuesto IVA', NULL, NULL, NULL, NULL, N'A', NULL, NULL, NULL, NULL)
INSERT [dbo].[cp_codigo_SRI_tipo] ([IdTipoSRI], [descripcion], [IdUsuario], [Fecha_Transac], [IdUsuarioUltMod], [Fecha_UltMod], [estado], [IdUsuarioUltAnu], [Fecha_UltAnu], [nom_pc], [ip]) VALUES (N'COD_RET_FUE', N'Codigo Retenciones en la fuente', NULL, NULL, NULL, NULL, N'A', NULL, NULL, NULL, NULL)
INSERT [dbo].[cp_codigo_SRI_tipo] ([IdTipoSRI], [descripcion], [IdUsuario], [Fecha_Transac], [IdUsuarioUltMod], [Fecha_UltMod], [estado], [IdUsuarioUltAnu], [Fecha_UltAnu], [nom_pc], [ip]) VALUES (N'COD_RET_IVA', N'Codigo Retenciones en la Iva', NULL, NULL, NULL, NULL, N'A', NULL, NULL, NULL, NULL)
INSERT [dbo].[cp_codigo_SRI] ([IdCodigo_SRI], [codigoSRI], [co_codigoBase], [co_descripcion], [co_porRetencion], [co_f_valides_desde], [co_f_valides_hasta], [co_estado], [IdTipoSRI], [IdUsuario], [Fecha_Transac], [IdUsuarioUltMod], [Fecha_UltMod], [IdUsuarioUltAnu], [Fecha_UltAnu], [nom_pc], [ip], [MotivoAnulacion]) VALUES (837, N'00', N'001', N'No Aplica', 0, datefromparts(2000,1,1), datefromparts(2050,12,31), N'A', N'COD_101', N'admin', NULL, NULL, NULL, NULL, NULL, NULL, NULL, NULL)
INSERT [dbo].[cp_codigo_SRI] ([IdCodigo_SRI], [codigoSRI], [co_codigoBase], [co_descripcion], [co_porRetencion], [co_f_valides_desde], [co_f_valides_hasta], [co_estado], [IdTipoSRI], [IdUsuario], [Fecha_Transac], [IdUsuarioUltMod], [Fecha_UltMod], [IdUsuarioUltAnu], [Fecha_UltAnu], [nom_pc], [ip], [MotivoAnulacion]) VALUES (838, N'01', N'001', N'C. netas servicios y bienes distintos de inven y AF que sustentan crédito tributario', 0, datefromparts(2000,1,1), datefromparts(2050,12,31), N'A', N'COD_IDCREDITO', N'admin', NULL, NULL, NULL, NULL, NULL, NULL, NULL, NULL)
INSERT [dbo].[cp_codigo_SRI] ([IdCodigo_SRI], [codigoSRI], [co_codigoBase], [co_descripcion], [co_porRetencion], [co_f_valides_desde], [co_f_valides_hasta], [co_estado], [IdTipoSRI], [IdUsuario], [Fecha_Transac], [IdUsuarioUltMod], [Fecha_UltMod], [IdUsuarioUltAnu], [Fecha_UltAnu], [nom_pc], [ip], [MotivoAnulacion]) VALUES (839, N'02', N'002', N'C netas  servicios y bienes distintos de inven y AF que NO sustentan crédito tributario', 0, datefromparts(2000,1,1), datefromparts(2050,12,31), N'A', N'COD_IDCREDITO', N'admin', NULL, NULL, NULL, NULL, NULL, NULL, NULL, N'gtio')
INSERT [dbo].[cp_codigo_SRI] ([IdCodigo_SRI], [codigoSRI], [co_codigoBase], [co_descripcion], [co_porRetencion], [co_f_valides_desde], [co_f_valides_hasta], [co_estado], [IdTipoSRI], [IdUsuario], [Fecha_Transac], [IdUsuarioUltMod], [Fecha_UltMod], [IdUsuarioUltAnu], [Fecha_UltAnu], [nom_pc], [ip], [MotivoAnulacion]) VALUES (840, N'03', N'003', N'C. netas AF que sustentan crédito tributario', 0, datefromparts(2000,1,1), datefromparts(2050,12,31), N'A', N'COD_IDCREDITO', N'admin', NULL, NULL, NULL, NULL, NULL, NULL, NULL, NULL)
INSERT [dbo].[cp_codigo_SRI] ([IdCodigo_SRI], [codigoSRI], [co_codigoBase], [co_descripcion], [co_porRetencion], [co_f_valides_desde], [co_f_valides_hasta], [co_estado], [IdTipoSRI], [IdUsuario], [Fecha_Transac], [IdUsuarioUltMod], [Fecha_UltMod], [IdUsuarioUltAnu], [Fecha_UltAnu], [nom_pc], [ip], [MotivoAnulacion]) VALUES (841, N'04', N'004', N'C. netas AF que NO sustentan crédito tributario', 0, datefromparts(2000,1,1), datefromparts(2050,12,31), N'A', N'COD_IDCREDITO', N'admin', NULL, NULL, NULL, NULL, NULL, NULL, NULL, NULL)
INSERT [dbo].[cp_codigo_SRI] ([IdCodigo_SRI], [codigoSRI], [co_codigoBase], [co_descripcion], [co_porRetencion], [co_f_valides_desde], [co_f_valides_hasta], [co_estado], [IdTipoSRI], [IdUsuario], [Fecha_Transac], [IdUsuarioUltMod], [Fecha_UltMod], [IdUsuarioUltAnu], [Fecha_UltAnu], [nom_pc], [ip], [MotivoAnulacion]) VALUES (842, N'05', N'005', N'Liquidación de gastos de viaje a nombre de empleados y no de la empresa', 0, datefromparts(2000,1,1), datefromparts(2050,12,31), N'A', N'COD_IDCREDITO', N'admin', NULL, NULL, NULL, NULL, NULL, NULL, NULL, NULL)
INSERT [dbo].[cp_codigo_SRI] ([IdCodigo_SRI], [codigoSRI], [co_codigoBase], [co_descripcion], [co_porRetencion], [co_f_valides_desde], [co_f_valides_hasta], [co_estado], [IdTipoSRI], [IdUsuario], [Fecha_Transac], [IdUsuarioUltMod], [Fecha_UltMod], [IdUsuarioUltAnu], [Fecha_UltAnu], [nom_pc], [ip], [MotivoAnulacion]) VALUES (844, N'07', N'007', N'C. netas de inventarios que NO sustentan crédito tributario', 0, datefromparts(2000,1,1), datefromparts(2050,12,31), N'A', N'COD_IDCREDITO', N'admin', NULL, NULL, NULL, NULL, NULL, NULL, NULL, NULL)
INSERT [dbo].[cp_codigo_SRI] ([IdCodigo_SRI], [codigoSRI], [co_codigoBase], [co_descripcion], [co_porRetencion], [co_f_valides_desde], [co_f_valides_hasta], [co_estado], [IdTipoSRI], [IdUsuario], [Fecha_Transac], [IdUsuarioUltMod], [Fecha_UltMod], [IdUsuarioUltAnu], [Fecha_UltAnu], [nom_pc], [ip], [MotivoAnulacion]) VALUES (845, N'08', N'008', N'Valor pagado o recibido por Reembolso de gasto.', 0, datefromparts(2000,1,1), datefromparts(2050,12,31), N'A', N'COD_IDCREDITO', N'admin', NULL, NULL, NULL, NULL, NULL, NULL, NULL, NULL)
INSERT [dbo].[cp_codigo_SRI] ([IdCodigo_SRI], [codigoSRI], [co_codigoBase], [co_descripcion], [co_porRetencion], [co_f_valides_desde], [co_f_valides_hasta], [co_estado], [IdTipoSRI], [IdUsuario], [Fecha_Transac], [IdUsuarioUltMod], [Fecha_UltMod], [IdUsuarioUltAnu], [Fecha_UltAnu], [nom_pc], [ip], [MotivoAnulacion]) VALUES (846, N'09', N'009', N'Reembolso por gastos médicos y medicina prepagada', 0, datefromparts(2000,1,1), datefromparts(2050,12,31), N'A', N'COD_IDCREDITO', N'admin', NULL, NULL, NULL, NULL, NULL, NULL, NULL, NULL)
INSERT [dbo].[cp_codigo_SRI] ([IdCodigo_SRI], [codigoSRI], [co_codigoBase], [co_descripcion], [co_porRetencion], [co_f_valides_desde], [co_f_valides_hasta], [co_estado], [IdTipoSRI], [IdUsuario], [Fecha_Transac], [IdUsuarioUltMod], [Fecha_UltMod], [IdUsuarioUltAnu], [Fecha_UltAnu], [nom_pc], [ip], [MotivoAnulacion]) VALUES (847, N'10', N'010', N'Compras a Contribuyentes RISE', 0, datefromparts(2000,1,1), datefromparts(2050,12,31), N'A', N'COD_IDCREDITO', N'admin', NULL, NULL, NULL, NULL, NULL, NULL, NULL, NULL)
INSERT [dbo].[cp_codigo_SRI] ([IdCodigo_SRI], [codigoSRI], [co_codigoBase], [co_descripcion], [co_porRetencion], [co_f_valides_desde], [co_f_valides_hasta], [co_estado], [IdTipoSRI], [IdUsuario], [Fecha_Transac], [IdUsuarioUltMod], [Fecha_UltMod], [IdUsuarioUltAnu], [Fecha_UltAnu], [nom_pc], [ip], [MotivoAnulacion]) VALUES (849, N'801', N'801', N'IVA Prestacion servicios Profesionales', 0, datefromparts(2000,1,1), datefromparts(2050,12,31), N'I', N'COD_101', N'admin', NULL, NULL, NULL, NULL, NULL, NULL, NULL, NULL)
INSERT [dbo].[cp_codigo_SRI] ([IdCodigo_SRI], [codigoSRI], [co_codigoBase], [co_descripcion], [co_porRetencion], [co_f_valides_desde], [co_f_valides_hasta], [co_estado], [IdTipoSRI], [IdUsuario], [Fecha_Transac], [IdUsuarioUltMod], [Fecha_UltMod], [IdUsuarioUltAnu], [Fecha_UltAnu], [nom_pc], [ip], [MotivoAnulacion]) VALUES (859, N'000', N'000', N'RETENCION IVA 0%', 0, datefromparts(2000,1,1), datefromparts(2050,12,31), N'A', N'COD_RET_IVA', N'admin', NULL, NULL, NULL, NULL, NULL, NULL, NULL, NULL)
INSERT [dbo].[cp_codigo_SRI] ([IdCodigo_SRI], [codigoSRI], [co_codigoBase], [co_descripcion], [co_porRetencion], [co_f_valides_desde], [co_f_valides_hasta], [co_estado], [IdTipoSRI], [IdUsuario], [Fecha_Transac], [IdUsuarioUltMod], [Fecha_UltMod], [IdUsuarioUltAnu], [Fecha_UltAnu], [nom_pc], [ip], [MotivoAnulacion]) VALUES (860, N'725', N'725', N'RETENCION IVA 30 %', 30, datefromparts(2000,1,1), datefromparts(2050,12,31), N'A', N'COD_RET_IVA', N'admin', NULL, NULL, NULL, NULL, NULL, NULL, NULL, NULL)
INSERT [dbo].[cp_codigo_SRI] ([IdCodigo_SRI], [codigoSRI], [co_codigoBase], [co_descripcion], [co_porRetencion], [co_f_valides_desde], [co_f_valides_hasta], [co_estado], [IdTipoSRI], [IdUsuario], [Fecha_Transac], [IdUsuarioUltMod], [Fecha_UltMod], [IdUsuarioUltAnu], [Fecha_UltAnu], [nom_pc], [ip], [MotivoAnulacion]) VALUES (861, N'729', N'729', N'RETENCION IVA 70%', 70, datefromparts(2000,1,1), datefromparts(2050,12,31), N'A', N'COD_RET_IVA', N'admin', NULL, NULL, NULL, NULL, NULL, NULL, NULL, NULL)
INSERT [dbo].[cp_codigo_SRI] ([IdCodigo_SRI], [codigoSRI], [co_codigoBase], [co_descripcion], [co_porRetencion], [co_f_valides_desde], [co_f_valides_hasta], [co_estado], [IdTipoSRI], [IdUsuario], [Fecha_Transac], [IdUsuarioUltMod], [Fecha_UltMod], [IdUsuarioUltAnu], [Fecha_UltAnu], [nom_pc], [ip], [MotivoAnulacion]) VALUES (862, N'731', N'731', N'RETENCION IVA 100%', 100, datefromparts(2000,1,1), datefromparts(2050,12,31), N'A', N'COD_RET_IVA', N'admin', NULL, NULL, NULL, NULL, NULL, NULL, NULL, NULL)
INSERT [dbo].[cp_codigo_SRI] ([IdCodigo_SRI], [codigoSRI], [co_codigoBase], [co_descripcion], [co_porRetencion], [co_f_valides_desde], [co_f_valides_hasta], [co_estado], [IdTipoSRI], [IdUsuario], [Fecha_Transac], [IdUsuarioUltMod], [Fecha_UltMod], [IdUsuarioUltAnu], [Fecha_UltAnu], [nom_pc], [ip], [MotivoAnulacion]) VALUES (866, N'000', N'000', N'NO APLICA', 0, datefromparts(2000,1,1), datefromparts(2050,12,31), N'A', N'COD_ICE', N'admin', NULL, NULL, NULL, NULL, NULL, NULL, NULL, NULL)
INSERT [dbo].[cp_codigo_SRI] ([IdCodigo_SRI], [codigoSRI], [co_codigoBase], [co_descripcion], [co_porRetencion], [co_f_valides_desde], [co_f_valides_hasta], [co_estado], [IdTipoSRI], [IdUsuario], [Fecha_Transac], [IdUsuarioUltMod], [Fecha_UltMod], [IdUsuarioUltAnu], [Fecha_UltAnu], [nom_pc], [ip], [MotivoAnulacion]) VALUES (867, N'3011', N'3011', N'CigarrilloRubio 77.25%', 77.25, datefromparts(2000,1,1), datefromparts(2050,12,31), N'A', N'COD_ICE', N'admin', NULL, NULL, NULL, NULL, NULL, NULL, NULL, NULL)
INSERT [dbo].[cp_codigo_SRI] ([IdCodigo_SRI], [codigoSRI], [co_codigoBase], [co_descripcion], [co_porRetencion], [co_f_valides_desde], [co_f_valides_hasta], [co_estado], [IdTipoSRI], [IdUsuario], [Fecha_Transac], [IdUsuarioUltMod], [Fecha_UltMod], [IdUsuarioUltAnu], [Fecha_UltAnu], [nom_pc], [ip], [MotivoAnulacion]) VALUES (868, N'3021', N'3021', N'Cigarrillo Negro 18.54%', 18.54, datefromparts(2000,1,1), datefromparts(2050,12,31), N'A', N'COD_ICE', N'admin', NULL, NULL, NULL, NULL, NULL, NULL, NULL, NULL)
INSERT [dbo].[cp_codigo_SRI] ([IdCodigo_SRI], [codigoSRI], [co_codigoBase], [co_descripcion], [co_porRetencion], [co_f_valides_desde], [co_f_valides_hasta], [co_estado], [IdTipoSRI], [IdUsuario], [Fecha_Transac], [IdUsuarioUltMod], [Fecha_UltMod], [IdUsuarioUltAnu], [Fecha_UltAnu], [nom_pc], [ip], [MotivoAnulacion]) VALUES (869, N'3041', N'3041', N'Cerveza 30.90%', 30.9, datefromparts(2000,1,1), datefromparts(2050,12,31), N'A', N'COD_ICE', N'admin', NULL, NULL, NULL, NULL, NULL, NULL, NULL, NULL)
INSERT [dbo].[cp_codigo_SRI] ([IdCodigo_SRI], [codigoSRI], [co_codigoBase], [co_descripcion], [co_porRetencion], [co_f_valides_desde], [co_f_valides_hasta], [co_estado], [IdTipoSRI], [IdUsuario], [Fecha_Transac], [IdUsuarioUltMod], [Fecha_UltMod], [IdUsuarioUltAnu], [Fecha_UltAnu], [nom_pc], [ip], [MotivoAnulacion]) VALUES (870, N'3051', N'3051', N'Bebidas Gaseosas 10.30%', 10.3, datefromparts(2000,1,1), datefromparts(2050,12,31), N'A', N'COD_ICE', N'admin', NULL, NULL, NULL, NULL, NULL, NULL, NULL, NULL)
INSERT [dbo].[cp_codigo_SRI] ([IdCodigo_SRI], [codigoSRI], [co_codigoBase], [co_descripcion], [co_porRetencion], [co_f_valides_desde], [co_f_valides_hasta], [co_estado], [IdTipoSRI], [IdUsuario], [Fecha_Transac], [IdUsuarioUltMod], [Fecha_UltMod], [IdUsuarioUltAnu], [Fecha_UltAnu], [nom_pc], [ip], [MotivoAnulacion]) VALUES (871, N'005', N'005', N'Alcohol 26.78%', 26.78, datefromparts(2000,1,1), datefromparts(2050,12,31), N'I', N'COD_101', N'admin', NULL, NULL, NULL, NULL, NULL, NULL, NULL, NULL)
INSERT [dbo].[cp_codigo_SRI] ([IdCodigo_SRI], [codigoSRI], [co_codigoBase], [co_descripcion], [co_porRetencion], [co_f_valides_desde], [co_f_valides_hasta], [co_estado], [IdTipoSRI], [IdUsuario], [Fecha_Transac], [IdUsuarioUltMod], [Fecha_UltMod], [IdUsuarioUltAnu], [Fecha_UltAnu], [nom_pc], [ip], [MotivoAnulacion]) VALUES (872, N'3023', N'3023', N'Productos del tabaco y sucedáneos del tabaco, excepto cigarrillos', 5.15, datefromparts(2000,1,1), datefromparts(2050,12,31), N'A', N'COD_ICE', N'admin', NULL, NULL, NULL, NULL, NULL, NULL, NULL, NULL)
INSERT [dbo].[cp_codigo_SRI] ([IdCodigo_SRI], [codigoSRI], [co_codigoBase], [co_descripcion], [co_porRetencion], [co_f_valides_desde], [co_f_valides_hasta], [co_estado], [IdTipoSRI], [IdUsuario], [Fecha_Transac], [IdUsuarioUltMod], [Fecha_UltMod], [IdUsuarioUltAnu], [Fecha_UltAnu], [nom_pc], [ip], [MotivoAnulacion]) VALUES (873, N'3081', N'3081', N'Aviones,  Helicopteros, cuadrones, yates, moto acuaticas 10.30%', 10.3, datefromparts(2000,1,1), datefromparts(2050,12,31), N'A', N'COD_ICE', N'admin', NULL, NULL, NULL, NULL, NULL, NULL, NULL, NULL)
INSERT [dbo].[cp_codigo_SRI] ([IdCodigo_SRI], [codigoSRI], [co_codigoBase], [co_descripcion], [co_porRetencion], [co_f_valides_desde], [co_f_valides_hasta], [co_estado], [IdTipoSRI], [IdUsuario], [Fecha_Transac], [IdUsuarioUltMod], [Fecha_UltMod], [IdUsuarioUltAnu], [Fecha_UltAnu], [nom_pc], [ip], [MotivoAnulacion]) VALUES (874, N'3092', N'3092', N'Servicio de Telecomunicaciones 15.00%', 15, datefromparts(2000,1,1), datefromparts(2050,12,31), N'A', N'COD_ICE', N'admin', NULL, NULL, NULL, NULL, NULL, NULL, NULL, NULL)
INSERT [dbo].[cp_codigo_SRI] ([IdCodigo_SRI], [codigoSRI], [co_codigoBase], [co_descripcion], [co_porRetencion], [co_f_valides_desde], [co_f_valides_hasta], [co_estado], [IdTipoSRI], [IdUsuario], [Fecha_Transac], [IdUsuarioUltMod], [Fecha_UltMod], [IdUsuarioUltAnu], [Fecha_UltAnu], [nom_pc], [ip], [MotivoAnulacion]) VALUES (875, N'3011', N'3011', N'Cigarrillo Rubio 98.00%', 98, datefromparts(2000,1,1), datefromparts(2050,12,31), N'A', N'COD_ICE', N'admin', NULL, NULL, NULL, NULL, NULL, NULL, NULL, NULL)
INSERT [dbo].[cp_codigo_SRI] ([IdCodigo_SRI], [codigoSRI], [co_codigoBase], [co_descripcion], [co_porRetencion], [co_f_valides_desde], [co_f_valides_hasta], [co_estado], [IdTipoSRI], [IdUsuario], [Fecha_Transac], [IdUsuarioUltMod], [Fecha_UltMod], [IdUsuarioUltAnu], [Fecha_UltAnu], [nom_pc], [ip], [MotivoAnulacion]) VALUES (876, N'3031', N'3031', N'Alcohol 32.00%', 32, datefromparts(2000,1,1), datefromparts(2050,12,31), N'A', N'COD_ICE', N'admin', NULL, NULL, NULL, NULL, NULL, NULL, NULL, NULL)
INSERT [dbo].[cp_codigo_SRI] ([IdCodigo_SRI], [codigoSRI], [co_codigoBase], [co_descripcion], [co_porRetencion], [co_f_valides_desde], [co_f_valides_hasta], [co_estado], [IdTipoSRI], [IdUsuario], [Fecha_Transac], [IdUsuarioUltMod], [Fecha_UltMod], [IdUsuarioUltAnu], [Fecha_UltAnu], [nom_pc], [ip], [MotivoAnulacion]) VALUES (877, N'3610', N'3610', N'Perfumes y aguas de tocador', 6, datefromparts(2000,1,1), datefromparts(2050,12,31), N'A', N'COD_ICE', N'admin', NULL, NULL, NULL, NULL, NULL, NULL, NULL, NULL)
INSERT [dbo].[cp_codigo_SRI] ([IdCodigo_SRI], [codigoSRI], [co_codigoBase], [co_descripcion], [co_porRetencion], [co_f_valides_desde], [co_f_valides_hasta], [co_estado], [IdTipoSRI], [IdUsuario], [Fecha_Transac], [IdUsuarioUltMod], [Fecha_UltMod], [IdUsuarioUltAnu], [Fecha_UltAnu], [nom_pc], [ip], [MotivoAnulacion]) VALUES (878, N'702', N'702', N'COMPRAS NETAS LOCALES DE BIENES NO PRODUCIDOS POR EL SUJETO PASIVO', 0, datefromparts(2000,1,1), datefromparts(2050,12,31), N'A', N'COD_101', N'admin', NULL, NULL, NULL, NULL, NULL, NULL, NULL, NULL)
INSERT [dbo].[cp_codigo_SRI] ([IdCodigo_SRI], [codigoSRI], [co_codigoBase], [co_descripcion], [co_porRetencion], [co_f_valides_desde], [co_f_valides_hasta], [co_estado], [IdTipoSRI], [IdUsuario], [Fecha_Transac], [IdUsuarioUltMod], [Fecha_UltMod], [IdUsuarioUltAnu], [Fecha_UltAnu], [nom_pc], [ip], [MotivoAnulacion]) VALUES (879, N'703', N'703', N'IMPORTACIONES DE BIENES NO PRODUCIDOS POR EL SUJETO PASIVO (COSTO)', 0, datefromparts(2000,1,1), datefromparts(2050,12,31), N'A', N'COD_101', N'admin', NULL, NULL, NULL, NULL, NULL, NULL, NULL, NULL)
INSERT [dbo].[cp_codigo_SRI] ([IdCodigo_SRI], [codigoSRI], [co_codigoBase], [co_descripcion], [co_porRetencion], [co_f_valides_desde], [co_f_valides_hasta], [co_estado], [IdTipoSRI], [IdUsuario], [Fecha_Transac], [IdUsuarioUltMod], [Fecha_UltMod], [IdUsuarioUltAnu], [Fecha_UltAnu], [nom_pc], [ip], [MotivoAnulacion]) VALUES (880, N'704', N'704', N'IMPORTACIONES DE BIENES NO PRODUCIDOS POR EL SUJETO PASIVO (GASTO)', 0, datefromparts(2000,1,1), datefromparts(2050,12,31), N'A', N'COD_101', N'admin', NULL, NULL, NULL, NULL, NULL, NULL, NULL, NULL)
INSERT [dbo].[cp_codigo_SRI] ([IdCodigo_SRI], [codigoSRI], [co_codigoBase], [co_descripcion], [co_porRetencion], [co_f_valides_desde], [co_f_valides_hasta], [co_estado], [IdTipoSRI], [IdUsuario], [Fecha_Transac], [IdUsuarioUltMod], [Fecha_UltMod], [IdUsuarioUltAnu], [Fecha_UltAnu], [nom_pc], [ip], [MotivoAnulacion]) VALUES (881, N'707', N'707', N'COMPRAS NETAS LOCALES DE MATERIA PRIMA', 0, datefromparts(2000,1,1), datefromparts(2050,12,31), N'A', N'COD_101', N'admin', NULL, NULL, NULL, NULL, NULL, NULL, NULL, NULL)
INSERT [dbo].[cp_codigo_SRI] ([IdCodigo_SRI], [codigoSRI], [co_codigoBase], [co_descripcion], [co_porRetencion], [co_f_valides_desde], [co_f_valides_hasta], [co_estado], [IdTipoSRI], [IdUsuario], [Fecha_Transac], [IdUsuarioUltMod], [Fecha_UltMod], [IdUsuarioUltAnu], [Fecha_UltAnu], [nom_pc], [ip], [MotivoAnulacion]) VALUES (882, N'708', N'708', N'IMPORTACIONES DE MATERIA PRIMA', 0, datefromparts(2000,1,1), datefromparts(2050,12,31), N'A', N'COD_101', N'admin', NULL, NULL, NULL, NULL, NULL, NULL, NULL, NULL)
INSERT [dbo].[cp_codigo_SRI] ([IdCodigo_SRI], [codigoSRI], [co_codigoBase], [co_descripcion], [co_porRetencion], [co_f_valides_desde], [co_f_valides_hasta], [co_estado], [IdTipoSRI], [IdUsuario], [Fecha_Transac], [IdUsuarioUltMod], [Fecha_UltMod], [IdUsuarioUltAnu], [Fecha_UltAnu], [nom_pc], [ip], [MotivoAnulacion]) VALUES (883, N'721', N'721', N'HONORARIOS PROFESIONALES Y DIETAS (COSTO)', 0, datefromparts(2000,1,1), datefromparts(2050,12,31), N'A', N'COD_101', N'admin', NULL, NULL, NULL, NULL, NULL, NULL, NULL, NULL)
INSERT [dbo].[cp_codigo_SRI] ([IdCodigo_SRI], [codigoSRI], [co_codigoBase], [co_descripcion], [co_porRetencion], [co_f_valides_desde], [co_f_valides_hasta], [co_estado], [IdTipoSRI], [IdUsuario], [Fecha_Transac], [IdUsuarioUltMod], [Fecha_UltMod], [IdUsuarioUltAnu], [Fecha_UltAnu], [nom_pc], [ip], [MotivoAnulacion]) VALUES (884, N'722', N'722', N'HONORARIOS PROFESIONALES Y DIETAS (GASTO)', 0, datefromparts(2000,1,1), datefromparts(2050,12,31), N'A', N'COD_101', N'admin', NULL, NULL, NULL, NULL, NULL, NULL, NULL, NULL)
INSERT [dbo].[cp_codigo_SRI] ([IdCodigo_SRI], [codigoSRI], [co_codigoBase], [co_descripcion], [co_porRetencion], [co_f_valides_desde], [co_f_valides_hasta], [co_estado], [IdTipoSRI], [IdUsuario], [Fecha_Transac], [IdUsuarioUltMod], [Fecha_UltMod], [IdUsuarioUltAnu], [Fecha_UltAnu], [nom_pc], [ip], [MotivoAnulacion]) VALUES (885, N'723', N'723', N'HONORARIOS A EXTRANJEROS POR SERVICIOS OCASIONALES (COSTO)', 0, datefromparts(2000,1,1), datefromparts(2050,12,31), N'A', N'COD_101', N'admin', NULL, NULL, NULL, NULL, NULL, NULL, NULL, NULL)
INSERT [dbo].[cp_codigo_SRI] ([IdCodigo_SRI], [codigoSRI], [co_codigoBase], [co_descripcion], [co_porRetencion], [co_f_valides_desde], [co_f_valides_hasta], [co_estado], [IdTipoSRI], [IdUsuario], [Fecha_Transac], [IdUsuarioUltMod], [Fecha_UltMod], [IdUsuarioUltAnu], [Fecha_UltAnu], [nom_pc], [ip], [MotivoAnulacion]) VALUES (886, N'724', N'724', N'HONORARIOS A EXTRANJEROS POR SERVICIOS OCASIONALES (GASTO)', 0, datefromparts(2000,1,1), datefromparts(2050,12,31), N'A', N'COD_101', N'admin', NULL, NULL, NULL, NULL, NULL, NULL, NULL, NULL)
INSERT [dbo].[cp_codigo_SRI] ([IdCodigo_SRI], [codigoSRI], [co_codigoBase], [co_descripcion], [co_porRetencion], [co_f_valides_desde], [co_f_valides_hasta], [co_estado], [IdTipoSRI], [IdUsuario], [Fecha_Transac], [IdUsuarioUltMod], [Fecha_UltMod], [IdUsuarioUltAnu], [Fecha_UltAnu], [nom_pc], [ip], [MotivoAnulacion]) VALUES (887, N'725', N'725', N'ARRENDAMIENTO DE INMUEBLES (COSTO)', 0, datefromparts(2000,1,1), datefromparts(2050,12,31), N'A', N'COD_101', N'admin', NULL, NULL, NULL, NULL, NULL, NULL, NULL, NULL)
INSERT [dbo].[cp_codigo_SRI] ([IdCodigo_SRI], [codigoSRI], [co_codigoBase], [co_descripcion], [co_porRetencion], [co_f_valides_desde], [co_f_valides_hasta], [co_estado], [IdTipoSRI], [IdUsuario], [Fecha_Transac], [IdUsuarioUltMod], [Fecha_UltMod], [IdUsuarioUltAnu], [Fecha_UltAnu], [nom_pc], [ip], [MotivoAnulacion]) VALUES (888, N'726', N'726', N'ARRENDAMIENTO DE INMUEBLES (GASTO)', 0, datefromparts(2000,1,1), datefromparts(2050,12,31), N'A', N'COD_101', N'admin', NULL, NULL, NULL, NULL, NULL, NULL, NULL, NULL)
INSERT [dbo].[cp_codigo_SRI] ([IdCodigo_SRI], [codigoSRI], [co_codigoBase], [co_descripcion], [co_porRetencion], [co_f_valides_desde], [co_f_valides_hasta], [co_estado], [IdTipoSRI], [IdUsuario], [Fecha_Transac], [IdUsuarioUltMod], [Fecha_UltMod], [IdUsuarioUltAnu], [Fecha_UltAnu], [nom_pc], [ip], [MotivoAnulacion]) VALUES (889, N'727', N'727', N'MANTENIMIENTO Y REPARACIONES (COSTO)', 0, datefromparts(2000,1,1), datefromparts(2050,12,31), N'A', N'COD_101', N'admin', NULL, NULL, NULL, NULL, NULL, NULL, NULL, NULL)
INSERT [dbo].[cp_codigo_SRI] ([IdCodigo_SRI], [codigoSRI], [co_codigoBase], [co_descripcion], [co_porRetencion], [co_f_valides_desde], [co_f_valides_hasta], [co_estado], [IdTipoSRI], [IdUsuario], [Fecha_Transac], [IdUsuarioUltMod], [Fecha_UltMod], [IdUsuarioUltAnu], [Fecha_UltAnu], [nom_pc], [ip], [MotivoAnulacion]) VALUES (890, N'728', N'728', N'MANTENIMIENTO Y REPARACIONES (GASTO)', 0, datefromparts(2000,1,1), datefromparts(2050,12,31), N'A', N'COD_101', N'admin', NULL, NULL, NULL, NULL, NULL, NULL, NULL, NULL)
INSERT [dbo].[cp_codigo_SRI] ([IdCodigo_SRI], [codigoSRI], [co_codigoBase], [co_descripcion], [co_porRetencion], [co_f_valides_desde], [co_f_valides_hasta], [co_estado], [IdTipoSRI], [IdUsuario], [Fecha_Transac], [IdUsuarioUltMod], [Fecha_UltMod], [IdUsuarioUltAnu], [Fecha_UltAnu], [nom_pc], [ip], [MotivoAnulacion]) VALUES (891, N'729', N'729', N'COMBUSTIBLES (COSTO)', 0, datefromparts(2000,1,1), datefromparts(2050,12,31), N'A', N'COD_101', N'admin', NULL, NULL, NULL, NULL, NULL, NULL, NULL, NULL)
INSERT [dbo].[cp_codigo_SRI] ([IdCodigo_SRI], [codigoSRI], [co_codigoBase], [co_descripcion], [co_porRetencion], [co_f_valides_desde], [co_f_valides_hasta], [co_estado], [IdTipoSRI], [IdUsuario], [Fecha_Transac], [IdUsuarioUltMod], [Fecha_UltMod], [IdUsuarioUltAnu], [Fecha_UltAnu], [nom_pc], [ip], [MotivoAnulacion]) VALUES (892, N'730', N'730', N'COMBUSTIBLES (GASTO)', 0, datefromparts(2000,1,1), datefromparts(2050,12,31), N'A', N'COD_101', N'admin', NULL, NULL, NULL, NULL, NULL, NULL, NULL, NULL)
INSERT [dbo].[cp_codigo_SRI] ([IdCodigo_SRI], [codigoSRI], [co_codigoBase], [co_descripcion], [co_porRetencion], [co_f_valides_desde], [co_f_valides_hasta], [co_estado], [IdTipoSRI], [IdUsuario], [Fecha_Transac], [IdUsuarioUltMod], [Fecha_UltMod], [IdUsuarioUltAnu], [Fecha_UltAnu], [nom_pc], [ip], [MotivoAnulacion]) VALUES (893, N'731', N'731', N'PROMOCIÓN Y PUBLICIDAD (COSTO)', 0, datefromparts(2000,1,1), datefromparts(2050,12,31), N'A', N'COD_101', N'admin', NULL, NULL, NULL, NULL, NULL, NULL, NULL, NULL)
INSERT [dbo].[cp_codigo_SRI] ([IdCodigo_SRI], [codigoSRI], [co_codigoBase], [co_descripcion], [co_porRetencion], [co_f_valides_desde], [co_f_valides_hasta], [co_estado], [IdTipoSRI], [IdUsuario], [Fecha_Transac], [IdUsuarioUltMod], [Fecha_UltMod], [IdUsuarioUltAnu], [Fecha_UltAnu], [nom_pc], [ip], [MotivoAnulacion]) VALUES (894, N'732', N'732', N'PROMOCIÓN Y PUBLICIDAD (GASTO)', 0, datefromparts(2000,1,1), datefromparts(2050,12,31), N'A', N'COD_101', N'admin', NULL, NULL, NULL, NULL, NULL, NULL, NULL, NULL)
INSERT [dbo].[cp_codigo_SRI] ([IdCodigo_SRI], [codigoSRI], [co_codigoBase], [co_descripcion], [co_porRetencion], [co_f_valides_desde], [co_f_valides_hasta], [co_estado], [IdTipoSRI], [IdUsuario], [Fecha_Transac], [IdUsuarioUltMod], [Fecha_UltMod], [IdUsuarioUltAnu], [Fecha_UltAnu], [nom_pc], [ip], [MotivoAnulacion]) VALUES (895, N'733', N'733', N'SUMINISTROS Y MATERIALES (COSTO)', 0, datefromparts(2000,1,1), datefromparts(2050,12,31), N'A', N'COD_101', N'admin', NULL, NULL, NULL, NULL, NULL, NULL, NULL, NULL)
INSERT [dbo].[cp_codigo_SRI] ([IdCodigo_SRI], [codigoSRI], [co_codigoBase], [co_descripcion], [co_porRetencion], [co_f_valides_desde], [co_f_valides_hasta], [co_estado], [IdTipoSRI], [IdUsuario], [Fecha_Transac], [IdUsuarioUltMod], [Fecha_UltMod], [IdUsuarioUltAnu], [Fecha_UltAnu], [nom_pc], [ip], [MotivoAnulacion]) VALUES (896, N'734', N'734', N'SUMINISTROS Y MATERIALES (GASTO)', 0, datefromparts(2000,1,1), datefromparts(2050,12,31), N'A', N'COD_101', N'admin', NULL, NULL, NULL, NULL, NULL, NULL, NULL, NULL)
INSERT [dbo].[cp_codigo_SRI] ([IdCodigo_SRI], [codigoSRI], [co_codigoBase], [co_descripcion], [co_porRetencion], [co_f_valides_desde], [co_f_valides_hasta], [co_estado], [IdTipoSRI], [IdUsuario], [Fecha_Transac], [IdUsuarioUltMod], [Fecha_UltMod], [IdUsuarioUltAnu], [Fecha_UltAnu], [nom_pc], [ip], [MotivoAnulacion]) VALUES (897, N'735', N'735', N'TRANSPORTE (COSTO)', 0, datefromparts(2000,1,1), datefromparts(2050,12,31), N'A', N'COD_101', N'admin', NULL, NULL, NULL, NULL, NULL, NULL, NULL, NULL)
INSERT [dbo].[cp_codigo_SRI] ([IdCodigo_SRI], [codigoSRI], [co_codigoBase], [co_descripcion], [co_porRetencion], [co_f_valides_desde], [co_f_valides_hasta], [co_estado], [IdTipoSRI], [IdUsuario], [Fecha_Transac], [IdUsuarioUltMod], [Fecha_UltMod], [IdUsuarioUltAnu], [Fecha_UltAnu], [nom_pc], [ip], [MotivoAnulacion]) VALUES (898, N'736', N'736', N'TRANSPORTE', 0, datefromparts(2000,1,1), datefromparts(2050,12,31), N'A', N'COD_101', N'admin', NULL, NULL, NULL, NULL, NULL, NULL, NULL, NULL)
INSERT [dbo].[cp_codigo_SRI] ([IdCodigo_SRI], [codigoSRI], [co_codigoBase], [co_descripcion], [co_porRetencion], [co_f_valides_desde], [co_f_valides_hasta], [co_estado], [IdTipoSRI], [IdUsuario], [Fecha_Transac], [IdUsuarioUltMod], [Fecha_UltMod], [IdUsuarioUltAnu], [Fecha_UltAnu], [nom_pc], [ip], [MotivoAnulacion]) VALUES (899, N'745', N'745', N'ARRENDAMIENTO MERCANTIL LOCAL (COSTO)', 0, datefromparts(2000,1,1), datefromparts(2050,12,31), N'A', N'COD_101', N'admin', NULL, NULL, NULL, NULL, NULL, NULL, NULL, NULL)
INSERT [dbo].[cp_codigo_SRI] ([IdCodigo_SRI], [codigoSRI], [co_codigoBase], [co_descripcion], [co_porRetencion], [co_f_valides_desde], [co_f_valides_hasta], [co_estado], [IdTipoSRI], [IdUsuario], [Fecha_Transac], [IdUsuarioUltMod], [Fecha_UltMod], [IdUsuarioUltAnu], [Fecha_UltAnu], [nom_pc], [ip], [MotivoAnulacion]) VALUES (900, N'746', N'746', N'ARRENDAMIENTO MERCANTIL LOCAL GASTO)', 0, datefromparts(2000,1,1), datefromparts(2050,12,31), N'A', N'COD_101', N'admin', NULL, NULL, NULL, NULL, NULL, NULL, NULL, NULL)
INSERT [dbo].[cp_codigo_SRI] ([IdCodigo_SRI], [codigoSRI], [co_codigoBase], [co_descripcion], [co_porRetencion], [co_f_valides_desde], [co_f_valides_hasta], [co_estado], [IdTipoSRI], [IdUsuario], [Fecha_Transac], [IdUsuarioUltMod], [Fecha_UltMod], [IdUsuarioUltAnu], [Fecha_UltAnu], [nom_pc], [ip], [MotivoAnulacion]) VALUES (901, N'747', N'747', N'ARRENDAMIENTO MERCANTIL  DEL EXTERIOR (COSTO)', 0, datefromparts(2000,1,1), datefromparts(2050,12,31), N'A', N'COD_101', N'admin', NULL, NULL, NULL, NULL, NULL, NULL, NULL, NULL)
INSERT [dbo].[cp_codigo_SRI] ([IdCodigo_SRI], [codigoSRI], [co_codigoBase], [co_descripcion], [co_porRetencion], [co_f_valides_desde], [co_f_valides_hasta], [co_estado], [IdTipoSRI], [IdUsuario], [Fecha_Transac], [IdUsuarioUltMod], [Fecha_UltMod], [IdUsuarioUltAnu], [Fecha_UltAnu], [nom_pc], [ip], [MotivoAnulacion]) VALUES (902, N'748', N'748', N'ARRENDAMIENTO MERCANTIL  DEL EXTERIOR (GASTO)', 0, datefromparts(2000,1,1), datefromparts(2050,12,31), N'A', N'COD_101', N'admin', NULL, NULL, NULL, NULL, NULL, NULL, NULL, NULL)
INSERT [dbo].[cp_codigo_SRI] ([IdCodigo_SRI], [codigoSRI], [co_codigoBase], [co_descripcion], [co_porRetencion], [co_f_valides_desde], [co_f_valides_hasta], [co_estado], [IdTipoSRI], [IdUsuario], [Fecha_Transac], [IdUsuarioUltMod], [Fecha_UltMod], [IdUsuarioUltAnu], [Fecha_UltAnu], [nom_pc], [ip], [MotivoAnulacion]) VALUES (903, N'749', N'749', N'COMISIONES LOCAL (COSTO)', 0, datefromparts(2000,1,1), datefromparts(2050,12,31), N'A', N'COD_101', N'admin', NULL, NULL, NULL, NULL, NULL, NULL, NULL, NULL)
INSERT [dbo].[cp_codigo_SRI] ([IdCodigo_SRI], [codigoSRI], [co_codigoBase], [co_descripcion], [co_porRetencion], [co_f_valides_desde], [co_f_valides_hasta], [co_estado], [IdTipoSRI], [IdUsuario], [Fecha_Transac], [IdUsuarioUltMod], [Fecha_UltMod], [IdUsuarioUltAnu], [Fecha_UltAnu], [nom_pc], [ip], [MotivoAnulacion]) VALUES (904, N'750', N'750', N'COMISIONES LOCAL (GASTO)', 0, datefromparts(2000,1,1), datefromparts(2050,12,31), N'A', N'COD_101', N'admin', NULL, NULL, NULL, NULL, NULL, NULL, NULL, NULL)
INSERT [dbo].[cp_codigo_SRI] ([IdCodigo_SRI], [codigoSRI], [co_codigoBase], [co_descripcion], [co_porRetencion], [co_f_valides_desde], [co_f_valides_hasta], [co_estado], [IdTipoSRI], [IdUsuario], [Fecha_Transac], [IdUsuarioUltMod], [Fecha_UltMod], [IdUsuarioUltAnu], [Fecha_UltAnu], [nom_pc], [ip], [MotivoAnulacion]) VALUES (905, N'751', N'751', N'COMISIONES DEL EXTERIOR (COSTO)', 0, datefromparts(2000,1,1), datefromparts(2050,12,31), N'A', N'COD_101', N'admin', NULL, NULL, NULL, NULL, NULL, NULL, NULL, NULL)
INSERT [dbo].[cp_codigo_SRI] ([IdCodigo_SRI], [codigoSRI], [co_codigoBase], [co_descripcion], [co_porRetencion], [co_f_valides_desde], [co_f_valides_hasta], [co_estado], [IdTipoSRI], [IdUsuario], [Fecha_Transac], [IdUsuarioUltMod], [Fecha_UltMod], [IdUsuarioUltAnu], [Fecha_UltAnu], [nom_pc], [ip], [MotivoAnulacion]) VALUES (906, N'752', N'752', N'COMISIONES DEL EXTERIOR (GASTO)', 0, datefromparts(2000,1,1), datefromparts(2050,12,31), N'A', N'COD_101', N'admin', NULL, NULL, NULL, NULL, NULL, NULL, NULL, NULL)
INSERT [dbo].[cp_codigo_SRI] ([IdCodigo_SRI], [codigoSRI], [co_codigoBase], [co_descripcion], [co_porRetencion], [co_f_valides_desde], [co_f_valides_hasta], [co_estado], [IdTipoSRI], [IdUsuario], [Fecha_Transac], [IdUsuarioUltMod], [Fecha_UltMod], [IdUsuarioUltAnu], [Fecha_UltAnu], [nom_pc], [ip], [MotivoAnulacion]) VALUES (907, N'753-1', N'753-1', N'INTERESES BANCARIOS LOCAL (COSTO)', 0, datefromparts(2000,1,1), datefromparts(2050,12,31), N'A', N'COD_101', N'admin', NULL, NULL, NULL, NULL, NULL, NULL, NULL, NULL)
INSERT [dbo].[cp_codigo_SRI] ([IdCodigo_SRI], [codigoSRI], [co_codigoBase], [co_descripcion], [co_porRetencion], [co_f_valides_desde], [co_f_valides_hasta], [co_estado], [IdTipoSRI], [IdUsuario], [Fecha_Transac], [IdUsuarioUltMod], [Fecha_UltMod], [IdUsuarioUltAnu], [Fecha_UltAnu], [nom_pc], [ip], [MotivoAnulacion]) VALUES (908, N'753-2', N'753-2', N'INTERESES BANCARIOS LOCAL (GASTO)', 0, datefromparts(2000,1,1), datefromparts(2050,12,31), N'A', N'COD_101', N'admin', NULL, NULL, NULL, NULL, NULL, NULL, NULL, NULL)
INSERT [dbo].[cp_codigo_SRI] ([IdCodigo_SRI], [codigoSRI], [co_codigoBase], [co_descripcion], [co_porRetencion], [co_f_valides_desde], [co_f_valides_hasta], [co_estado], [IdTipoSRI], [IdUsuario], [Fecha_Transac], [IdUsuarioUltMod], [Fecha_UltMod], [IdUsuarioUltAnu], [Fecha_UltAnu], [nom_pc], [ip], [MotivoAnulacion]) VALUES (909, N'755', N'755', N'INTERESES BANCARIOS DEL EXTERIOR (COSTO)', 0, datefromparts(2000,1,1), datefromparts(2050,12,31), N'A', N'COD_101', N'admin', NULL, NULL, NULL, NULL, NULL, NULL, NULL, NULL)
INSERT [dbo].[cp_codigo_SRI] ([IdCodigo_SRI], [codigoSRI], [co_codigoBase], [co_descripcion], [co_porRetencion], [co_f_valides_desde], [co_f_valides_hasta], [co_estado], [IdTipoSRI], [IdUsuario], [Fecha_Transac], [IdUsuarioUltMod], [Fecha_UltMod], [IdUsuarioUltAnu], [Fecha_UltAnu], [nom_pc], [ip], [MotivoAnulacion]) VALUES (910, N'756', N'756', N'INTERESES BANCARIOS DEL EXTERIOR (GASTO)', 0, datefromparts(2000,1,1), datefromparts(2050,12,31), N'A', N'COD_101', N'admin', NULL, NULL, NULL, NULL, NULL, NULL, NULL, NULL)
INSERT [dbo].[cp_codigo_SRI] ([IdCodigo_SRI], [codigoSRI], [co_codigoBase], [co_descripcion], [co_porRetencion], [co_f_valides_desde], [co_f_valides_hasta], [co_estado], [IdTipoSRI], [IdUsuario], [Fecha_Transac], [IdUsuarioUltMod], [Fecha_UltMod], [IdUsuarioUltAnu], [Fecha_UltAnu], [nom_pc], [ip], [MotivoAnulacion]) VALUES (911, N'757', N'757', N'INTERESES PAGADOS A TERCEROS RELACIONADOS LOCAL (COSTO)', 0, datefromparts(2000,1,1), datefromparts(2050,12,31), N'A', N'COD_101', N'admin', NULL, NULL, NULL, NULL, NULL, NULL, NULL, NULL)
INSERT [dbo].[cp_codigo_SRI] ([IdCodigo_SRI], [codigoSRI], [co_codigoBase], [co_descripcion], [co_porRetencion], [co_f_valides_desde], [co_f_valides_hasta], [co_estado], [IdTipoSRI], [IdUsuario], [Fecha_Transac], [IdUsuarioUltMod], [Fecha_UltMod], [IdUsuarioUltAnu], [Fecha_UltAnu], [nom_pc], [ip], [MotivoAnulacion]) VALUES (912, N'758', N'758', N'INTERESES PAGADOS A TERCEROS RELACIONADOS LOCAL (GASTO)', 0, datefromparts(2000,1,1), datefromparts(2050,12,31), N'A', N'COD_101', N'admin', NULL, NULL, NULL, NULL, NULL, NULL, NULL, NULL)
INSERT [dbo].[cp_codigo_SRI] ([IdCodigo_SRI], [codigoSRI], [co_codigoBase], [co_descripcion], [co_porRetencion], [co_f_valides_desde], [co_f_valides_hasta], [co_estado], [IdTipoSRI], [IdUsuario], [Fecha_Transac], [IdUsuarioUltMod], [Fecha_UltMod], [IdUsuarioUltAnu], [Fecha_UltAnu], [nom_pc], [ip], [MotivoAnulacion]) VALUES (913, N'759', N'759', N'INTERESES PAGADOS A TERCEROS RELACIONADOS EXTERIOR (COSTO)', 0, datefromparts(2000,1,1), datefromparts(2050,12,31), N'A', N'COD_101', N'admin', NULL, NULL, NULL, NULL, NULL, NULL, NULL, NULL)
INSERT [dbo].[cp_codigo_SRI] ([IdCodigo_SRI], [codigoSRI], [co_codigoBase], [co_descripcion], [co_porRetencion], [co_f_valides_desde], [co_f_valides_hasta], [co_estado], [IdTipoSRI], [IdUsuario], [Fecha_Transac], [IdUsuarioUltMod], [Fecha_UltMod], [IdUsuarioUltAnu], [Fecha_UltAnu], [nom_pc], [ip], [MotivoAnulacion]) VALUES (914, N'760', N'760', N'INTERESES PAGADOS A TERCEROS RELACIONADOS EXTERIOR (GASTO)', 0, datefromparts(2000,1,1), datefromparts(2050,12,31), N'A', N'COD_101', N'admin', NULL, NULL, NULL, NULL, NULL, NULL, NULL, NULL)
INSERT [dbo].[cp_codigo_SRI] ([IdCodigo_SRI], [codigoSRI], [co_codigoBase], [co_descripcion], [co_porRetencion], [co_f_valides_desde], [co_f_valides_hasta], [co_estado], [IdTipoSRI], [IdUsuario], [Fecha_Transac], [IdUsuarioUltMod], [Fecha_UltMod], [IdUsuarioUltAnu], [Fecha_UltAnu], [nom_pc], [ip], [MotivoAnulacion]) VALUES (915, N'761', N'761', N'INTERESES PAGADOS A TERCEROS NO RELACIONADOS LOCAL (COSTO)', 0, datefromparts(2000,1,1), datefromparts(2050,12,31), N'A', N'COD_101', N'admin', NULL, NULL, NULL, NULL, NULL, NULL, NULL, NULL)
INSERT [dbo].[cp_codigo_SRI] ([IdCodigo_SRI], [codigoSRI], [co_codigoBase], [co_descripcion], [co_porRetencion], [co_f_valides_desde], [co_f_valides_hasta], [co_estado], [IdTipoSRI], [IdUsuario], [Fecha_Transac], [IdUsuarioUltMod], [Fecha_UltMod], [IdUsuarioUltAnu], [Fecha_UltAnu], [nom_pc], [ip], [MotivoAnulacion]) VALUES (916, N'762', N'762', N'INTERESES PAGADOS A TERCEROS NO RELACIONADOS LOCAL (GASTO)', 0, datefromparts(2000,1,1), datefromparts(2050,12,31), N'A', N'COD_101', N'admin', NULL, NULL, NULL, NULL, NULL, NULL, NULL, NULL)
INSERT [dbo].[cp_codigo_SRI] ([IdCodigo_SRI], [codigoSRI], [co_codigoBase], [co_descripcion], [co_porRetencion], [co_f_valides_desde], [co_f_valides_hasta], [co_estado], [IdTipoSRI], [IdUsuario], [Fecha_Transac], [IdUsuarioUltMod], [Fecha_UltMod], [IdUsuarioUltAnu], [Fecha_UltAnu], [nom_pc], [ip], [MotivoAnulacion]) VALUES (917, N'763', N'763', N'INTERESES PAGADOS A TERCEROS NO RELACIONADOS DEL EXTERIOR (COSTO)', 0, datefromparts(2000,1,1), datefromparts(2050,12,31), N'A', N'COD_101', N'admin', NULL, NULL, NULL, NULL, NULL, NULL, NULL, NULL)
INSERT [dbo].[cp_codigo_SRI] ([IdCodigo_SRI], [codigoSRI], [co_codigoBase], [co_descripcion], [co_porRetencion], [co_f_valides_desde], [co_f_valides_hasta], [co_estado], [IdTipoSRI], [IdUsuario], [Fecha_Transac], [IdUsuarioUltMod], [Fecha_UltMod], [IdUsuarioUltAnu], [Fecha_UltAnu], [nom_pc], [ip], [MotivoAnulacion]) VALUES (918, N'764', N'764', N'INTERESES PAGADOS A TERCEROS NO RELACIONADOS DEL EXTERIOR (GASTO)', 0, datefromparts(2000,1,1), datefromparts(2050,12,31), N'A', N'COD_101', N'admin', NULL, NULL, NULL, NULL, NULL, NULL, NULL, NULL)
INSERT [dbo].[cp_codigo_SRI] ([IdCodigo_SRI], [codigoSRI], [co_codigoBase], [co_descripcion], [co_porRetencion], [co_f_valides_desde], [co_f_valides_hasta], [co_estado], [IdTipoSRI], [IdUsuario], [Fecha_Transac], [IdUsuarioUltMod], [Fecha_UltMod], [IdUsuarioUltAnu], [Fecha_UltAnu], [nom_pc], [ip], [MotivoAnulacion]) VALUES (919, N'769', N'769', N'OTRAS PÉRDIDAS (COSTO)', 0, datefromparts(2000,1,1), datefromparts(2050,12,31), N'A', N'COD_101', N'admin', NULL, NULL, NULL, NULL, NULL, NULL, NULL, NULL)
INSERT [dbo].[cp_codigo_SRI] ([IdCodigo_SRI], [codigoSRI], [co_codigoBase], [co_descripcion], [co_porRetencion], [co_f_valides_desde], [co_f_valides_hasta], [co_estado], [IdTipoSRI], [IdUsuario], [Fecha_Transac], [IdUsuarioUltMod], [Fecha_UltMod], [IdUsuarioUltAnu], [Fecha_UltAnu], [nom_pc], [ip], [MotivoAnulacion]) VALUES (920, N'770', N'770', N'OTRAS PÉRDIDAS (GASTO)', 0, datefromparts(2000,1,1), datefromparts(2050,12,31), N'A', N'COD_101', N'admin', NULL, NULL, NULL, NULL, NULL, NULL, NULL, NULL)
INSERT [dbo].[cp_codigo_SRI] ([IdCodigo_SRI], [codigoSRI], [co_codigoBase], [co_descripcion], [co_porRetencion], [co_f_valides_desde], [co_f_valides_hasta], [co_estado], [IdTipoSRI], [IdUsuario], [Fecha_Transac], [IdUsuarioUltMod], [Fecha_UltMod], [IdUsuarioUltAnu], [Fecha_UltAnu], [nom_pc], [ip], [MotivoAnulacion]) VALUES (921, N'771', N'771', N'SEGUROS Y REASEGUROS (PRIMAS Y CESIONES)  (COSTO)', 0, datefromparts(2000,1,1), datefromparts(2050,12,31), N'A', N'COD_101', N'admin', NULL, NULL, NULL, NULL, NULL, NULL, NULL, NULL)
INSERT [dbo].[cp_codigo_SRI] ([IdCodigo_SRI], [codigoSRI], [co_codigoBase], [co_descripcion], [co_porRetencion], [co_f_valides_desde], [co_f_valides_hasta], [co_estado], [IdTipoSRI], [IdUsuario], [Fecha_Transac], [IdUsuarioUltMod], [Fecha_UltMod], [IdUsuarioUltAnu], [Fecha_UltAnu], [nom_pc], [ip], [MotivoAnulacion]) VALUES (922, N'772', N'772', N'SEGUROS Y REASEGUROS (PRIMAS Y CESIONES)  (GASTO)', 0, datefromparts(2000,1,1), datefromparts(2050,12,31), N'A', N'COD_101', N'admin', NULL, NULL, NULL, NULL, NULL, NULL, NULL, NULL)
INSERT [dbo].[cp_codigo_SRI] ([IdCodigo_SRI], [codigoSRI], [co_codigoBase], [co_descripcion], [co_porRetencion], [co_f_valides_desde], [co_f_valides_hasta], [co_estado], [IdTipoSRI], [IdUsuario], [Fecha_Transac], [IdUsuarioUltMod], [Fecha_UltMod], [IdUsuarioUltAnu], [Fecha_UltAnu], [nom_pc], [ip], [MotivoAnulacion]) VALUES (923, N'773', N'773', N'GASTOS INDIRECTOS ASIGNADOS DESDE EL EXTERIOR POR PARTES RELACIONADAS (COSTO)', 0, datefromparts(2000,1,1), datefromparts(2050,12,31), N'A', N'COD_101', N'admin', NULL, NULL, NULL, NULL, NULL, NULL, NULL, NULL)
INSERT [dbo].[cp_codigo_SRI] ([IdCodigo_SRI], [codigoSRI], [co_codigoBase], [co_descripcion], [co_porRetencion], [co_f_valides_desde], [co_f_valides_hasta], [co_estado], [IdTipoSRI], [IdUsuario], [Fecha_Transac], [IdUsuarioUltMod], [Fecha_UltMod], [IdUsuarioUltAnu], [Fecha_UltAnu], [nom_pc], [ip], [MotivoAnulacion]) VALUES (924, N'774', N'774', N'GASTOS INDIRECTOS ASIGNADOS DESDE EL EXTERIOR POR PARTES RELACIONADAS (GASTO)', 0, datefromparts(2000,1,1), datefromparts(2050,12,31), N'A', N'COD_101', N'admin', NULL, NULL, NULL, NULL, NULL, NULL, NULL, NULL)
INSERT [dbo].[cp_codigo_SRI] ([IdCodigo_SRI], [codigoSRI], [co_codigoBase], [co_descripcion], [co_porRetencion], [co_f_valides_desde], [co_f_valides_hasta], [co_estado], [IdTipoSRI], [IdUsuario], [Fecha_Transac], [IdUsuarioUltMod], [Fecha_UltMod], [IdUsuarioUltAnu], [Fecha_UltAnu], [nom_pc], [ip], [MotivoAnulacion]) VALUES (925, N'775', N'775', N'GASTOS DE GESTIÓN', 0, datefromparts(2000,1,1), datefromparts(2050,12,31), N'A', N'COD_101', N'admin', NULL, NULL, NULL, NULL, NULL, NULL, NULL, NULL)
INSERT [dbo].[cp_codigo_SRI] ([IdCodigo_SRI], [codigoSRI], [co_codigoBase], [co_descripcion], [co_porRetencion], [co_f_valides_desde], [co_f_valides_hasta], [co_estado], [IdTipoSRI], [IdUsuario], [Fecha_Transac], [IdUsuarioUltMod], [Fecha_UltMod], [IdUsuarioUltAnu], [Fecha_UltAnu], [nom_pc], [ip], [MotivoAnulacion]) VALUES (926, N'776', N'776', N'IMPUESTOS, CONTRIBUCIONES Y OTROS', 0, datefromparts(2000,1,1), datefromparts(2050,12,31), N'A', N'COD_101', N'admin', NULL, NULL, NULL, NULL, NULL, NULL, NULL, NULL)
INSERT [dbo].[cp_codigo_SRI] ([IdCodigo_SRI], [codigoSRI], [co_codigoBase], [co_descripcion], [co_porRetencion], [co_f_valides_desde], [co_f_valides_hasta], [co_estado], [IdTipoSRI], [IdUsuario], [Fecha_Transac], [IdUsuarioUltMod], [Fecha_UltMod], [IdUsuarioUltAnu], [Fecha_UltAnu], [nom_pc], [ip], [MotivoAnulacion]) VALUES (927, N'777', N'777', N'GASTOS DE VIAJE (COSTO)', 0, datefromparts(2000,1,1), datefromparts(2050,12,31), N'A', N'COD_101', N'admin', NULL, NULL, NULL, NULL, NULL, NULL, NULL, NULL)
INSERT [dbo].[cp_codigo_SRI] ([IdCodigo_SRI], [codigoSRI], [co_codigoBase], [co_descripcion], [co_porRetencion], [co_f_valides_desde], [co_f_valides_hasta], [co_estado], [IdTipoSRI], [IdUsuario], [Fecha_Transac], [IdUsuarioUltMod], [Fecha_UltMod], [IdUsuarioUltAnu], [Fecha_UltAnu], [nom_pc], [ip], [MotivoAnulacion]) VALUES (928, N'778', N'778', N'GASTOS DE VIAJE (GASTO)', 0, datefromparts(2000,1,1), datefromparts(2050,12,31), N'A', N'COD_101', N'admin', NULL, NULL, NULL, NULL, NULL, NULL, NULL, NULL)
INSERT [dbo].[cp_codigo_SRI] ([IdCodigo_SRI], [codigoSRI], [co_codigoBase], [co_descripcion], [co_porRetencion], [co_f_valides_desde], [co_f_valides_hasta], [co_estado], [IdTipoSRI], [IdUsuario], [Fecha_Transac], [IdUsuarioUltMod], [Fecha_UltMod], [IdUsuarioUltAnu], [Fecha_UltAnu], [nom_pc], [ip], [MotivoAnulacion]) VALUES (929, N'779', N'779', N'IVA QUE SE CARGA AL COSTO', 0, datefromparts(2000,1,1), datefromparts(2050,12,31), N'A', N'COD_101', N'admin', NULL, NULL, NULL, NULL, NULL, NULL, NULL, NULL)
INSERT [dbo].[cp_codigo_SRI] ([IdCodigo_SRI], [codigoSRI], [co_codigoBase], [co_descripcion], [co_porRetencion], [co_f_valides_desde], [co_f_valides_hasta], [co_estado], [IdTipoSRI], [IdUsuario], [Fecha_Transac], [IdUsuarioUltMod], [Fecha_UltMod], [IdUsuarioUltAnu], [Fecha_UltAnu], [nom_pc], [ip], [MotivoAnulacion]) VALUES (930, N'780', N'780', N'IVA QUE SE CARGA AL GASTO', 0, datefromparts(2000,1,1), datefromparts(2050,12,31), N'A', N'COD_101', N'admin', NULL, NULL, NULL, NULL, NULL, NULL, NULL, NULL)
INSERT [dbo].[cp_codigo_SRI] ([IdCodigo_SRI], [codigoSRI], [co_codigoBase], [co_descripcion], [co_porRetencion], [co_f_valides_desde], [co_f_valides_hasta], [co_estado], [IdTipoSRI], [IdUsuario], [Fecha_Transac], [IdUsuarioUltMod], [Fecha_UltMod], [IdUsuarioUltAnu], [Fecha_UltAnu], [nom_pc], [ip], [MotivoAnulacion]) VALUES (931, N'787', N'787', N'SERVICIOS PÚBLICOS (COSTO)', 0, datefromparts(2000,1,1), datefromparts(2050,12,31), N'A', N'COD_101', N'admin', NULL, NULL, NULL, NULL, NULL, NULL, NULL, NULL)
INSERT [dbo].[cp_codigo_SRI] ([IdCodigo_SRI], [codigoSRI], [co_codigoBase], [co_descripcion], [co_porRetencion], [co_f_valides_desde], [co_f_valides_hasta], [co_estado], [IdTipoSRI], [IdUsuario], [Fecha_Transac], [IdUsuarioUltMod], [Fecha_UltMod], [IdUsuarioUltAnu], [Fecha_UltAnu], [nom_pc], [ip], [MotivoAnulacion]) VALUES (932, N'788', N'788', N'SERVICIOS PÚBLICOS (GASTO)', 0, datefromparts(2000,1,1), datefromparts(2050,12,31), N'A', N'COD_101', N'admin', NULL, NULL, NULL, NULL, NULL, NULL, NULL, NULL)
INSERT [dbo].[cp_codigo_SRI] ([IdCodigo_SRI], [codigoSRI], [co_codigoBase], [co_descripcion], [co_porRetencion], [co_f_valides_desde], [co_f_valides_hasta], [co_estado], [IdTipoSRI], [IdUsuario], [Fecha_Transac], [IdUsuarioUltMod], [Fecha_UltMod], [IdUsuarioUltAnu], [Fecha_UltAnu], [nom_pc], [ip], [MotivoAnulacion]) VALUES (933, N'789', N'789', N'PAGOS POR OTROS SERVICIOS (COSTO)', 0, datefromparts(2000,1,1), datefromparts(2050,12,31), N'A', N'COD_101', N'admin', NULL, NULL, NULL, NULL, NULL, NULL, NULL, NULL)
INSERT [dbo].[cp_codigo_SRI] ([IdCodigo_SRI], [codigoSRI], [co_codigoBase], [co_descripcion], [co_porRetencion], [co_f_valides_desde], [co_f_valides_hasta], [co_estado], [IdTipoSRI], [IdUsuario], [Fecha_Transac], [IdUsuarioUltMod], [Fecha_UltMod], [IdUsuarioUltAnu], [Fecha_UltAnu], [nom_pc], [ip], [MotivoAnulacion]) VALUES (934, N'790', N'790', N'PAGOS POR OTROS SERVICIOS (GASTO)', 0, datefromparts(2000,1,1), datefromparts(2050,12,31), N'A', N'COD_101', N'admin', NULL, NULL, NULL, NULL, NULL, NULL, NULL, NULL)
INSERT [dbo].[cp_codigo_SRI] ([IdCodigo_SRI], [codigoSRI], [co_codigoBase], [co_descripcion], [co_porRetencion], [co_f_valides_desde], [co_f_valides_hasta], [co_estado], [IdTipoSRI], [IdUsuario], [Fecha_Transac], [IdUsuarioUltMod], [Fecha_UltMod], [IdUsuarioUltAnu], [Fecha_UltAnu], [nom_pc], [ip], [MotivoAnulacion]) VALUES (935, N'791', N'791', N'PAGOS POR OTROS BIENES (COSTO)', 0, datefromparts(2000,1,1), datefromparts(2050,12,31), N'A', N'COD_101', N'admin', NULL, NULL, NULL, NULL, NULL, NULL, NULL, NULL)
INSERT [dbo].[cp_codigo_SRI] ([IdCodigo_SRI], [codigoSRI], [co_codigoBase], [co_descripcion], [co_porRetencion], [co_f_valides_desde], [co_f_valides_hasta], [co_estado], [IdTipoSRI], [IdUsuario], [Fecha_Transac], [IdUsuarioUltMod], [Fecha_UltMod], [IdUsuarioUltAnu], [Fecha_UltAnu], [nom_pc], [ip], [MotivoAnulacion]) VALUES (936, N'792', N'792', N'PAGOS POR OTROS BIENES (GASTO)', 0, datefromparts(2000,1,1), datefromparts(2050,12,31), N'A', N'COD_101', N'admin', NULL, NULL, NULL, NULL, NULL, NULL, NULL, NULL)
INSERT [dbo].[cp_codigo_SRI] ([IdCodigo_SRI], [codigoSRI], [co_codigoBase], [co_descripcion], [co_porRetencion], [co_f_valides_desde], [co_f_valides_hasta], [co_estado], [IdTipoSRI], [IdUsuario], [Fecha_Transac], [IdUsuarioUltMod], [Fecha_UltMod], [IdUsuarioUltAnu], [Fecha_UltAnu], [nom_pc], [ip], [MotivoAnulacion]) VALUES (937, N'794', N'794', N'BAJA DE INVENTARIO (INFORMATIVO)', 0, datefromparts(2000,1,1), datefromparts(2050,12,31), N'A', N'COD_101', N'admin', NULL, NULL, NULL, NULL, NULL, NULL, NULL, NULL)
INSERT [dbo].[cp_codigo_SRI] ([IdCodigo_SRI], [codigoSRI], [co_codigoBase], [co_descripcion], [co_porRetencion], [co_f_valides_desde], [co_f_valides_hasta], [co_estado], [IdTipoSRI], [IdUsuario], [Fecha_Transac], [IdUsuarioUltMod], [Fecha_UltMod], [IdUsuarioUltAnu], [Fecha_UltAnu], [nom_pc], [ip], [MotivoAnulacion]) VALUES (938, N'795', N'795', N'PAGO POR REEMBOLSO COMO REEMBOLSANTE (INFORMATIVO)', 2, datefromparts(2000,1,1), datefromparts(2050,12,31), N'A', N'COD_101', N'admin', NULL, NULL, NULL, NULL, NULL, NULL, NULL, NULL)
INSERT [dbo].[cp_codigo_SRI] ([IdCodigo_SRI], [codigoSRI], [co_codigoBase], [co_descripcion], [co_porRetencion], [co_f_valides_desde], [co_f_valides_hasta], [co_estado], [IdTipoSRI], [IdUsuario], [Fecha_Transac], [IdUsuarioUltMod], [Fecha_UltMod], [IdUsuarioUltAnu], [Fecha_UltAnu], [nom_pc], [ip], [MotivoAnulacion]) VALUES (939, N'796', N'796', N'PAGO POR REEMBOLSO COMO INTERMEDIARIO (INFORMATIVO)', 0, datefromparts(2000,1,1), datefromparts(2050,12,31), N'A', N'COD_101', N'admin', NULL, NULL, NULL, NULL, NULL, NULL, NULL, NULL)
INSERT [dbo].[cp_codigo_SRI] ([IdCodigo_SRI], [codigoSRI], [co_codigoBase], [co_descripcion], [co_porRetencion], [co_f_valides_desde], [co_f_valides_hasta], [co_estado], [IdTipoSRI], [IdUsuario], [Fecha_Transac], [IdUsuarioUltMod], [Fecha_UltMod], [IdUsuarioUltAnu], [Fecha_UltAnu], [nom_pc], [ip], [MotivoAnulacion]) VALUES (940, N'303', N'303', N'Honorarios profesionales y dietas', 10, datefromparts(2000,1,1), datefromparts(2050,12,31), N'A', N'COD_RET_FUE', N'admin', NULL, NULL, NULL, NULL, NULL, NULL, NULL, NULL)
INSERT [dbo].[cp_codigo_SRI] ([IdCodigo_SRI], [codigoSRI], [co_codigoBase], [co_descripcion], [co_porRetencion], [co_f_valides_desde], [co_f_valides_hasta], [co_estado], [IdTipoSRI], [IdUsuario], [Fecha_Transac], [IdUsuarioUltMod], [Fecha_UltMod], [IdUsuarioUltAnu], [Fecha_UltAnu], [nom_pc], [ip], [MotivoAnulacion]) VALUES (941, N'304', N'304', N'Servicios predomina el intelecto', 8, datefromparts(2000,1,1), datefromparts(2050,12,31), N'A', N'COD_RET_FUE', N'admin', NULL, NULL, NULL, NULL, NULL, NULL, NULL, NULL)
INSERT [dbo].[cp_codigo_SRI] ([IdCodigo_SRI], [codigoSRI], [co_codigoBase], [co_descripcion], [co_porRetencion], [co_f_valides_desde], [co_f_valides_hasta], [co_estado], [IdTipoSRI], [IdUsuario], [Fecha_Transac], [IdUsuarioUltMod], [Fecha_UltMod], [IdUsuarioUltAnu], [Fecha_UltAnu], [nom_pc], [ip], [MotivoAnulacion]) VALUES (942, N'307', N'307', N'Servicios predomina la mano de obra', 2, datefromparts(2000,1,1), datefromparts(2050,12,31), N'A', N'COD_RET_FUE', N'admin', NULL, NULL, NULL, NULL, NULL, NULL, NULL, NULL)
INSERT [dbo].[cp_codigo_SRI] ([IdCodigo_SRI], [codigoSRI], [co_codigoBase], [co_descripcion], [co_porRetencion], [co_f_valides_desde], [co_f_valides_hasta], [co_estado], [IdTipoSRI], [IdUsuario], [Fecha_Transac], [IdUsuarioUltMod], [Fecha_UltMod], [IdUsuarioUltAnu], [Fecha_UltAnu], [nom_pc], [ip], [MotivoAnulacion]) VALUES (945, N'310', N'310', N'Servicio transporte privado de pasajeros o servicio público o privado de carga', 1, datefromparts(2000,1,1), datefromparts(2050,12,31), N'A', N'COD_RET_FUE', N'admin', NULL, NULL, NULL, NULL, NULL, NULL, NULL, NULL)
INSERT [dbo].[cp_codigo_SRI] ([IdCodigo_SRI], [codigoSRI], [co_codigoBase], [co_descripcion], [co_porRetencion], [co_f_valides_desde], [co_f_valides_hasta], [co_estado], [IdTipoSRI], [IdUsuario], [Fecha_Transac], [IdUsuarioUltMod], [Fecha_UltMod], [IdUsuarioUltAnu], [Fecha_UltAnu], [nom_pc], [ip], [MotivoAnulacion]) VALUES (946, N'312', N'312', N'Transferencia de bienes muebles de naturaleza corporal', 1, datefromparts(2000,1,1), datefromparts(2050,12,31), N'A', N'COD_RET_FUE', N'admin', NULL, NULL, NULL, NULL, NULL, NULL, NULL, NULL)
INSERT [dbo].[cp_codigo_SRI] ([IdCodigo_SRI], [codigoSRI], [co_codigoBase], [co_descripcion], [co_porRetencion], [co_f_valides_desde], [co_f_valides_hasta], [co_estado], [IdTipoSRI], [IdUsuario], [Fecha_Transac], [IdUsuarioUltMod], [Fecha_UltMod], [IdUsuarioUltAnu], [Fecha_UltAnu], [nom_pc], [ip], [MotivoAnulacion]) VALUES (947, N'319', N'319', N'Arrendamiento mercantil', 1, datefromparts(2000,1,1), datefromparts(2050,12,31), N'A', N'COD_RET_FUE', N'admin', NULL, NULL, NULL, NULL, NULL, NULL, NULL, NULL)
INSERT [dbo].[cp_codigo_SRI] ([IdCodigo_SRI], [codigoSRI], [co_codigoBase], [co_descripcion], [co_porRetencion], [co_f_valides_desde], [co_f_valides_hasta], [co_estado], [IdTipoSRI], [IdUsuario], [Fecha_Transac], [IdUsuarioUltMod], [Fecha_UltMod], [IdUsuarioUltAnu], [Fecha_UltAnu], [nom_pc], [ip], [MotivoAnulacion]) VALUES (949, N'322', N'322', N'Seguros y reaseguros (primas y cesiones)', 1, datefromparts(2000,1,1), datefromparts(2050,12,31), N'A', N'COD_RET_FUE', N'admin', NULL, NULL, NULL, NULL, NULL, NULL, NULL, NULL)
INSERT [dbo].[cp_codigo_SRI] ([IdCodigo_SRI], [codigoSRI], [co_codigoBase], [co_descripcion], [co_porRetencion], [co_f_valides_desde], [co_f_valides_hasta], [co_estado], [IdTipoSRI], [IdUsuario], [Fecha_Transac], [IdUsuarioUltMod], [Fecha_UltMod], [IdUsuarioUltAnu], [Fecha_UltAnu], [nom_pc], [ip], [MotivoAnulacion]) VALUES (966, N'332', N'332', N'Otras compras de bienes y servicios no sujetas a retención', 0, datefromparts(2000,1,1), datefromparts(2050,12,31), N'A', N'COD_RET_FUE', N'admin', NULL, NULL, NULL, NULL, NULL, NULL, NULL, NULL)
INSERT [dbo].[cp_codigo_SRI] ([IdCodigo_SRI], [codigoSRI], [co_codigoBase], [co_descripcion], [co_porRetencion], [co_f_valides_desde], [co_f_valides_hasta], [co_estado], [IdTipoSRI], [IdUsuario], [Fecha_Transac], [IdUsuarioUltMod], [Fecha_UltMod], [IdUsuarioUltAnu], [Fecha_UltAnu], [nom_pc], [ip], [MotivoAnulacion]) VALUES (1002, N'721', N'721', N'RETENCION IVA 10 %', 10, datefromparts(2000,1,1), datefromparts(2050,12,31), N'A', N'COD_RET_IVA', N'admin', NULL, NULL, NULL, NULL, NULL, N'DESARROLLO', N'192.168.50.1', NULL)
INSERT [dbo].[cp_codigo_SRI] ([IdCodigo_SRI], [codigoSRI], [co_codigoBase], [co_descripcion], [co_porRetencion], [co_f_valides_desde], [co_f_valides_hasta], [co_estado], [IdTipoSRI], [IdUsuario], [Fecha_Transac], [IdUsuarioUltMod], [Fecha_UltMod], [IdUsuarioUltAnu], [Fecha_UltAnu], [nom_pc], [ip], [MotivoAnulacion]) VALUES (1015, N'0', N'0', N'0%', 0, datefromparts(2000,1,1), datefromparts(2050,12,31), N'A', N'COD_IMPT_IVA', N'admin', NULL, NULL, NULL, NULL, NULL, NULL, NULL, NULL)
INSERT [dbo].[cp_codigo_SRI] ([IdCodigo_SRI], [codigoSRI], [co_codigoBase], [co_descripcion], [co_porRetencion], [co_f_valides_desde], [co_f_valides_hasta], [co_estado], [IdTipoSRI], [IdUsuario], [Fecha_Transac], [IdUsuarioUltMod], [Fecha_UltMod], [IdUsuarioUltAnu], [Fecha_UltAnu], [nom_pc], [ip], [MotivoAnulacion]) VALUES (1016, N'2', N'2', N'12%', 12, datefromparts(2000,1,1), datefromparts(2050,12,31), N'A', N'COD_IMPT_IVA', N'admin', NULL, NULL, NULL, NULL, NULL, NULL, NULL, NULL)
GO
INSERT [dbo].[cp_codigo_SRI] ([IdCodigo_SRI], [codigoSRI], [co_codigoBase], [co_descripcion], [co_porRetencion], [co_f_valides_desde], [co_f_valides_hasta], [co_estado], [IdTipoSRI], [IdUsuario], [Fecha_Transac], [IdUsuarioUltMod], [Fecha_UltMod], [IdUsuarioUltAnu], [Fecha_UltAnu], [nom_pc], [ip], [MotivoAnulacion]) VALUES (1017, N'6', N'6', N'No Objeto de Impuesto', 0, datefromparts(2000,1,1), datefromparts(2050,12,31), N'A', N'COD_IMPT_IVA', N'admin', NULL, NULL, NULL, NULL, NULL, NULL, NULL, NULL)
INSERT [dbo].[cp_codigo_SRI] ([IdCodigo_SRI], [codigoSRI], [co_codigoBase], [co_descripcion], [co_porRetencion], [co_f_valides_desde], [co_f_valides_hasta], [co_estado], [IdTipoSRI], [IdUsuario], [Fecha_Transac], [IdUsuarioUltMod], [Fecha_UltMod], [IdUsuarioUltAnu], [Fecha_UltAnu], [nom_pc], [ip], [MotivoAnulacion]) VALUES (1018, N'2', N'2', N'14%', 14, datefromparts(2000,1,1), datefromparts(2050,12,31), N'A', N'COD_IMPT_IVA', N'admin', NULL, NULL, NULL, NULL, NULL, NULL, NULL, NULL)
INSERT [dbo].[cp_codigo_SRI] ([IdCodigo_SRI], [codigoSRI], [co_codigoBase], [co_descripcion], [co_porRetencion], [co_f_valides_desde], [co_f_valides_hasta], [co_estado], [IdTipoSRI], [IdUsuario], [Fecha_Transac], [IdUsuarioUltMod], [Fecha_UltMod], [IdUsuarioUltAnu], [Fecha_UltAnu], [nom_pc], [ip], [MotivoAnulacion]) VALUES (1019, N'723', N'723', N'RETENCION IVA 20 %', 20, datefromparts(2000,1,1), datefromparts(2050,12,31), N'A', N'COD_RET_IVA', N'admin', NULL, NULL, NULL, NULL, NULL, N'DESARROLLO', N'192.168.50.1', NULL)
INSERT [dbo].[cp_codigo_SRI] ([IdCodigo_SRI], [codigoSRI], [co_codigoBase], [co_descripcion], [co_porRetencion], [co_f_valides_desde], [co_f_valides_hasta], [co_estado], [IdTipoSRI], [IdUsuario], [Fecha_Transac], [IdUsuarioUltMod], [Fecha_UltMod], [IdUsuarioUltAnu], [Fecha_UltAnu], [nom_pc], [ip], [MotivoAnulacion]) VALUES (1020, N'3640', N'3640', N'Focos incandescentes, excepto aquellos utilizados como insumos automotrices', 6, datefromparts(2000,1,1), datefromparts(2050,12,31), N'A', N'COD_ICE', N'admin', NULL, NULL, NULL, NULL, NULL, NULL, NULL, NULL)
INSERT [dbo].[cp_codigo_SRI] ([IdCodigo_SRI], [codigoSRI], [co_codigoBase], [co_descripcion], [co_porRetencion], [co_f_valides_desde], [co_f_valides_hasta], [co_estado], [IdTipoSRI], [IdUsuario], [Fecha_Transac], [IdUsuarioUltMod], [Fecha_UltMod], [IdUsuarioUltAnu], [Fecha_UltAnu], [nom_pc], [ip], [MotivoAnulacion]) VALUES (1021, N'06', N'06', N'C.netas de inventarios que Sustentan Credito Tributario', 0, datefromparts(2000,1,1), datefromparts(2050,12,31), N'A', N'COD_IDCREDITO', N'admin', NULL, NULL, NULL, NULL, NULL, N'nat-cont-05', N'192.168.50.106', NULL)
INSERT [dbo].[cp_codigo_SRI] ([IdCodigo_SRI], [codigoSRI], [co_codigoBase], [co_descripcion], [co_porRetencion], [co_f_valides_desde], [co_f_valides_hasta], [co_estado], [IdTipoSRI], [IdUsuario], [Fecha_Transac], [IdUsuarioUltMod], [Fecha_UltMod], [IdUsuarioUltAnu], [Fecha_UltAnu], [nom_pc], [ip], [MotivoAnulacion]) VALUES (1022, N'008', N'008', N'RETENCION DEL 0% IVA', 0, datefromparts(2000,1,1), datefromparts(2050,12,31), N'A', N'COD_RET_IVA', N'admin', NULL, NULL, NULL, NULL, NULL, N'Usuario', N'192.168.50.168', NULL)
INSERT [dbo].[cp_codigo_SRI] ([IdCodigo_SRI], [codigoSRI], [co_codigoBase], [co_descripcion], [co_porRetencion], [co_f_valides_desde], [co_f_valides_hasta], [co_estado], [IdTipoSRI], [IdUsuario], [Fecha_Transac], [IdUsuarioUltMod], [Fecha_UltMod], [IdUsuarioUltAnu], [Fecha_UltAnu], [nom_pc], [ip], [MotivoAnulacion]) VALUES (1025, N'304A', N'304A', N'Comisiones y demás pagos por servicios predomina intelecto no relacionados con el título profesional', 8, datefromparts(2000,1,1), datefromparts(2050,12,31), N'A', N'COD_RET_FUE', N'admin', NULL, NULL, NULL, NULL, NULL, NULL, NULL, NULL)
INSERT [dbo].[cp_codigo_SRI] ([IdCodigo_SRI], [codigoSRI], [co_codigoBase], [co_descripcion], [co_porRetencion], [co_f_valides_desde], [co_f_valides_hasta], [co_estado], [IdTipoSRI], [IdUsuario], [Fecha_Transac], [IdUsuarioUltMod], [Fecha_UltMod], [IdUsuarioUltAnu], [Fecha_UltAnu], [nom_pc], [ip], [MotivoAnulacion]) VALUES (1026, N'304B', N'304B', N'Pagos a notarios y registradores de la propiedad y mercantil por sus actividades ejercidas como tales', 8, datefromparts(2000,1,1), datefromparts(2050,12,31), N'A', N'COD_RET_FUE', N'admin', NULL, NULL, NULL, NULL, NULL, NULL, NULL, NULL)
INSERT [dbo].[cp_codigo_SRI] ([IdCodigo_SRI], [codigoSRI], [co_codigoBase], [co_descripcion], [co_porRetencion], [co_f_valides_desde], [co_f_valides_hasta], [co_estado], [IdTipoSRI], [IdUsuario], [Fecha_Transac], [IdUsuarioUltMod], [Fecha_UltMod], [IdUsuarioUltAnu], [Fecha_UltAnu], [nom_pc], [ip], [MotivoAnulacion]) VALUES (1027, N'304C', N'304C', N'Pagos a deportistas, entrenadores, árbitros, miembros del cuerpo técnico por sus actividades ejercidas como tales', 8, datefromparts(2000,1,1), datefromparts(2050,12,31), N'A', N'COD_RET_FUE', N'admin', NULL, NULL, NULL, NULL, NULL, NULL, NULL, NULL)
INSERT [dbo].[cp_codigo_SRI] ([IdCodigo_SRI], [codigoSRI], [co_codigoBase], [co_descripcion], [co_porRetencion], [co_f_valides_desde], [co_f_valides_hasta], [co_estado], [IdTipoSRI], [IdUsuario], [Fecha_Transac], [IdUsuarioUltMod], [Fecha_UltMod], [IdUsuarioUltAnu], [Fecha_UltAnu], [nom_pc], [ip], [MotivoAnulacion]) VALUES (1028, N'304D', N'304D', N'Pagos a artistas por sus actividades ejercidas como tales', 8, datefromparts(2000,1,1), datefromparts(2050,12,31), N'A', N'COD_RET_FUE', N'admin', NULL, NULL, NULL, NULL, NULL, NULL, NULL, NULL)
INSERT [dbo].[cp_codigo_SRI] ([IdCodigo_SRI], [codigoSRI], [co_codigoBase], [co_descripcion], [co_porRetencion], [co_f_valides_desde], [co_f_valides_hasta], [co_estado], [IdTipoSRI], [IdUsuario], [Fecha_Transac], [IdUsuarioUltMod], [Fecha_UltMod], [IdUsuarioUltAnu], [Fecha_UltAnu], [nom_pc], [ip], [MotivoAnulacion]) VALUES (1029, N'304E', N'304E', N'Honorarios y demás pagos por servicios de docencia', 8, datefromparts(2000,1,1), datefromparts(2050,12,31), N'A', N'COD_RET_FUE', N'admin', NULL, NULL, NULL, NULL, NULL, NULL, NULL, NULL)
INSERT [dbo].[cp_codigo_SRI] ([IdCodigo_SRI], [codigoSRI], [co_codigoBase], [co_descripcion], [co_porRetencion], [co_f_valides_desde], [co_f_valides_hasta], [co_estado], [IdTipoSRI], [IdUsuario], [Fecha_Transac], [IdUsuarioUltMod], [Fecha_UltMod], [IdUsuarioUltAnu], [Fecha_UltAnu], [nom_pc], [ip], [MotivoAnulacion]) VALUES (1031, N'308', N'308', N'Utilización o aprovechamiento de la imagen o renombre', 10, datefromparts(2000,1,1), datefromparts(2050,12,31), N'A', N'COD_RET_FUE', N'admin', NULL, NULL, NULL, NULL, NULL, NULL, NULL, NULL)
INSERT [dbo].[cp_codigo_SRI] ([IdCodigo_SRI], [codigoSRI], [co_codigoBase], [co_descripcion], [co_porRetencion], [co_f_valides_desde], [co_f_valides_hasta], [co_estado], [IdTipoSRI], [IdUsuario], [Fecha_Transac], [IdUsuarioUltMod], [Fecha_UltMod], [IdUsuarioUltAnu], [Fecha_UltAnu], [nom_pc], [ip], [MotivoAnulacion]) VALUES (1032, N'309', N'309', N'Servicios prestados por medios de comunicación y agencias de publicidad', 1, datefromparts(2000,1,1), datefromparts(2050,12,31), N'A', N'COD_RET_FUE', N'admin', NULL, NULL, NULL, NULL, NULL, NULL, NULL, NULL)
INSERT [dbo].[cp_codigo_SRI] ([IdCodigo_SRI], [codigoSRI], [co_codigoBase], [co_descripcion], [co_porRetencion], [co_f_valides_desde], [co_f_valides_hasta], [co_estado], [IdTipoSRI], [IdUsuario], [Fecha_Transac], [IdUsuarioUltMod], [Fecha_UltMod], [IdUsuarioUltAnu], [Fecha_UltAnu], [nom_pc], [ip], [MotivoAnulacion]) VALUES (1034, N'311', N'311', N'Por pagos a través de liquidación de compra (nivel cultural o rusticidad)', 2, datefromparts(2000,1,1), datefromparts(2050,12,31), N'A', N'COD_RET_FUE', N'admin', NULL, NULL, NULL, NULL, NULL, NULL, NULL, NULL)
INSERT [dbo].[cp_codigo_SRI] ([IdCodigo_SRI], [codigoSRI], [co_codigoBase], [co_descripcion], [co_porRetencion], [co_f_valides_desde], [co_f_valides_hasta], [co_estado], [IdTipoSRI], [IdUsuario], [Fecha_Transac], [IdUsuarioUltMod], [Fecha_UltMod], [IdUsuarioUltAnu], [Fecha_UltAnu], [nom_pc], [ip], [MotivoAnulacion]) VALUES (1036, N'312A', N'312A', N'Compra de bienes de origen agrícola, avícola, pecuario, apícola, cunícula, bioacuático, y forestal', 1, datefromparts(2000,1,1), datefromparts(2050,12,31), N'A', N'COD_RET_FUE', N'admin', NULL, NULL, NULL, NULL, NULL, NULL, NULL, NULL)
INSERT [dbo].[cp_codigo_SRI] ([IdCodigo_SRI], [codigoSRI], [co_codigoBase], [co_descripcion], [co_porRetencion], [co_f_valides_desde], [co_f_valides_hasta], [co_estado], [IdTipoSRI], [IdUsuario], [Fecha_Transac], [IdUsuarioUltMod], [Fecha_UltMod], [IdUsuarioUltAnu], [Fecha_UltAnu], [nom_pc], [ip], [MotivoAnulacion]) VALUES (1037, N'314A', N'314A', N'Regalías por concepto de franquicias de acuerdo a Ley de Propiedad Intelectual - pago a personas naturales', 8, datefromparts(2000,1,1), datefromparts(2050,12,31), N'A', N'COD_RET_FUE', N'admin', NULL, NULL, NULL, NULL, NULL, NULL, NULL, NULL)
INSERT [dbo].[cp_codigo_SRI] ([IdCodigo_SRI], [codigoSRI], [co_codigoBase], [co_descripcion], [co_porRetencion], [co_f_valides_desde], [co_f_valides_hasta], [co_estado], [IdTipoSRI], [IdUsuario], [Fecha_Transac], [IdUsuarioUltMod], [Fecha_UltMod], [IdUsuarioUltAnu], [Fecha_UltAnu], [nom_pc], [ip], [MotivoAnulacion]) VALUES (1038, N'314B', N'314B', N'Cánones, derechos de autor, marcas, patentes y similares de acuerdo a Ley de Propiedad Intelectual – pago a personas naturales', 8, datefromparts(2000,1,1), datefromparts(2050,12,31), N'A', N'COD_RET_FUE', N'admin', NULL, NULL, NULL, NULL, NULL, NULL, NULL, NULL)
INSERT [dbo].[cp_codigo_SRI] ([IdCodigo_SRI], [codigoSRI], [co_codigoBase], [co_descripcion], [co_porRetencion], [co_f_valides_desde], [co_f_valides_hasta], [co_estado], [IdTipoSRI], [IdUsuario], [Fecha_Transac], [IdUsuarioUltMod], [Fecha_UltMod], [IdUsuarioUltAnu], [Fecha_UltAnu], [nom_pc], [ip], [MotivoAnulacion]) VALUES (1039, N'314C', N'314C', N'Regalías por concepto de franquicias de acuerdo a Ley de Propiedad Intelectual  - pago a sociedades', 8, datefromparts(2000,1,1), datefromparts(2050,12,31), N'A', N'COD_RET_FUE', N'admin', NULL, NULL, NULL, NULL, NULL, NULL, NULL, NULL)
INSERT [dbo].[cp_codigo_SRI] ([IdCodigo_SRI], [codigoSRI], [co_codigoBase], [co_descripcion], [co_porRetencion], [co_f_valides_desde], [co_f_valides_hasta], [co_estado], [IdTipoSRI], [IdUsuario], [Fecha_Transac], [IdUsuarioUltMod], [Fecha_UltMod], [IdUsuarioUltAnu], [Fecha_UltAnu], [nom_pc], [ip], [MotivoAnulacion]) VALUES (1040, N'314D', N'314D', N'Cánones, derechos de autor, marcas, patentes y similares de acuerdo a Ley de Propiedad Intelectual – pago a sociedades', 8, datefromparts(2000,1,1), datefromparts(2050,12,31), N'A', N'COD_RET_FUE', N'admin', NULL, NULL, NULL, NULL, NULL, NULL, NULL, NULL)
INSERT [dbo].[cp_codigo_SRI] ([IdCodigo_SRI], [codigoSRI], [co_codigoBase], [co_descripcion], [co_porRetencion], [co_f_valides_desde], [co_f_valides_hasta], [co_estado], [IdTipoSRI], [IdUsuario], [Fecha_Transac], [IdUsuarioUltMod], [Fecha_UltMod], [IdUsuarioUltAnu], [Fecha_UltAnu], [nom_pc], [ip], [MotivoAnulacion]) VALUES (1042, N'320', N'320', N'Por arrendamiento bienes inmuebles', 8, datefromparts(2000,1,1), datefromparts(2050,12,31), N'A', N'COD_RET_FUE', N'admin', NULL, NULL, NULL, NULL, NULL, NULL, NULL, NULL)
INSERT [dbo].[cp_codigo_SRI] ([IdCodigo_SRI], [codigoSRI], [co_codigoBase], [co_descripcion], [co_porRetencion], [co_f_valides_desde], [co_f_valides_hasta], [co_estado], [IdTipoSRI], [IdUsuario], [Fecha_Transac], [IdUsuarioUltMod], [Fecha_UltMod], [IdUsuarioUltAnu], [Fecha_UltAnu], [nom_pc], [ip], [MotivoAnulacion]) VALUES (1044, N'323', N'323', N'Por rendimientos financieros pagados a naturales y sociedades  (No a IFIs)', 2, datefromparts(2000,1,1), datefromparts(2050,12,31), N'A', N'COD_RET_FUE', N'admin', NULL, NULL, NULL, NULL, NULL, NULL, NULL, NULL)
INSERT [dbo].[cp_codigo_SRI] ([IdCodigo_SRI], [codigoSRI], [co_codigoBase], [co_descripcion], [co_porRetencion], [co_f_valides_desde], [co_f_valides_hasta], [co_estado], [IdTipoSRI], [IdUsuario], [Fecha_Transac], [IdUsuarioUltMod], [Fecha_UltMod], [IdUsuarioUltAnu], [Fecha_UltAnu], [nom_pc], [ip], [MotivoAnulacion]) VALUES (1045, N'323A', N'323A', N'Por RF: depósitos Cta. Corriente', 2, datefromparts(2000,1,1), datefromparts(2050,12,31), N'A', N'COD_RET_FUE', N'admin', NULL, NULL, NULL, NULL, NULL, NULL, NULL, NULL)
INSERT [dbo].[cp_codigo_SRI] ([IdCodigo_SRI], [codigoSRI], [co_codigoBase], [co_descripcion], [co_porRetencion], [co_f_valides_desde], [co_f_valides_hasta], [co_estado], [IdTipoSRI], [IdUsuario], [Fecha_Transac], [IdUsuarioUltMod], [Fecha_UltMod], [IdUsuarioUltAnu], [Fecha_UltAnu], [nom_pc], [ip], [MotivoAnulacion]) VALUES (1047, N'323E', N'323E', N'Por RF: depósito a plazo fijo  gravados', 2, datefromparts(2000,1,1), datefromparts(2050,12,31), N'A', N'COD_RET_FUE', N'admin', NULL, NULL, NULL, NULL, NULL, NULL, NULL, NULL)
INSERT [dbo].[cp_codigo_SRI] ([IdCodigo_SRI], [codigoSRI], [co_codigoBase], [co_descripcion], [co_porRetencion], [co_f_valides_desde], [co_f_valides_hasta], [co_estado], [IdTipoSRI], [IdUsuario], [Fecha_Transac], [IdUsuarioUltMod], [Fecha_UltMod], [IdUsuarioUltAnu], [Fecha_UltAnu], [nom_pc], [ip], [MotivoAnulacion]) VALUES (1048, N'323E2', N'323E2', N'Por RF: depósito a plazo fijo exentos', 0, datefromparts(2000,1,1), datefromparts(2050,12,31), N'A', N'COD_RET_FUE', N'admin', NULL, NULL, NULL, NULL, NULL, NULL, NULL, NULL)
INSERT [dbo].[cp_codigo_SRI] ([IdCodigo_SRI], [codigoSRI], [co_codigoBase], [co_descripcion], [co_porRetencion], [co_f_valides_desde], [co_f_valides_hasta], [co_estado], [IdTipoSRI], [IdUsuario], [Fecha_Transac], [IdUsuarioUltMod], [Fecha_UltMod], [IdUsuarioUltAnu], [Fecha_UltAnu], [nom_pc], [ip], [MotivoAnulacion]) VALUES (1049, N'323F', N'323F', N'Por rendimientos financieros: operaciones de reporto - repos', 2, datefromparts(2000,1,1), datefromparts(2050,12,31), N'A', N'COD_RET_FUE', N'admin', NULL, NULL, NULL, NULL, NULL, NULL, NULL, NULL)
INSERT [dbo].[cp_codigo_SRI] ([IdCodigo_SRI], [codigoSRI], [co_codigoBase], [co_descripcion], [co_porRetencion], [co_f_valides_desde], [co_f_valides_hasta], [co_estado], [IdTipoSRI], [IdUsuario], [Fecha_Transac], [IdUsuarioUltMod], [Fecha_UltMod], [IdUsuarioUltAnu], [Fecha_UltAnu], [nom_pc], [ip], [MotivoAnulacion]) VALUES (1050, N'323G', N'323G', N'Por RF: inversiones (captaciones) rendimientos distintos de aquellos pagados a IFIs', 2, datefromparts(2000,1,1), datefromparts(2050,12,31), N'A', N'COD_RET_FUE', N'admin', NULL, NULL, NULL, NULL, NULL, NULL, NULL, NULL)
INSERT [dbo].[cp_codigo_SRI] ([IdCodigo_SRI], [codigoSRI], [co_codigoBase], [co_descripcion], [co_porRetencion], [co_f_valides_desde], [co_f_valides_hasta], [co_estado], [IdTipoSRI], [IdUsuario], [Fecha_Transac], [IdUsuarioUltMod], [Fecha_UltMod], [IdUsuarioUltAnu], [Fecha_UltAnu], [nom_pc], [ip], [MotivoAnulacion]) VALUES (1051, N'323H', N'323H', N'Por RF: obligaciones', 2, datefromparts(2000,1,1), datefromparts(2050,12,31), N'A', N'COD_RET_FUE', N'admin', NULL, NULL, NULL, NULL, NULL, NULL, NULL, NULL)
INSERT [dbo].[cp_codigo_SRI] ([IdCodigo_SRI], [codigoSRI], [co_codigoBase], [co_descripcion], [co_porRetencion], [co_f_valides_desde], [co_f_valides_hasta], [co_estado], [IdTipoSRI], [IdUsuario], [Fecha_Transac], [IdUsuarioUltMod], [Fecha_UltMod], [IdUsuarioUltAnu], [Fecha_UltAnu], [nom_pc], [ip], [MotivoAnulacion]) VALUES (1052, N'323I', N'323I', N'Por RF: bonos convertible en acciones', 2, datefromparts(2000,1,1), datefromparts(2050,12,31), N'A', N'COD_RET_FUE', N'admin', NULL, NULL, NULL, NULL, NULL, NULL, NULL, NULL)
INSERT [dbo].[cp_codigo_SRI] ([IdCodigo_SRI], [codigoSRI], [co_codigoBase], [co_descripcion], [co_porRetencion], [co_f_valides_desde], [co_f_valides_hasta], [co_estado], [IdTipoSRI], [IdUsuario], [Fecha_Transac], [IdUsuarioUltMod], [Fecha_UltMod], [IdUsuarioUltAnu], [Fecha_UltAnu], [nom_pc], [ip], [MotivoAnulacion]) VALUES (1053, N'323 M', N'323 M', N'Por RF: Inversiones en títulos valores en renta fija gravados', 2, datefromparts(2000,1,1), datefromparts(2050,12,31), N'A', N'COD_RET_FUE', N'admin', NULL, NULL, NULL, NULL, NULL, NULL, NULL, NULL)
INSERT [dbo].[cp_codigo_SRI] ([IdCodigo_SRI], [codigoSRI], [co_codigoBase], [co_descripcion], [co_porRetencion], [co_f_valides_desde], [co_f_valides_hasta], [co_estado], [IdTipoSRI], [IdUsuario], [Fecha_Transac], [IdUsuarioUltMod], [Fecha_UltMod], [IdUsuarioUltAnu], [Fecha_UltAnu], [nom_pc], [ip], [MotivoAnulacion]) VALUES (1054, N'323 N', N'323 N', N'Por RF: Inversiones en títulos valores en renta fija exentos', 0, datefromparts(2000,1,1), datefromparts(2050,12,31), N'A', N'COD_RET_FUE', N'admin', NULL, NULL, NULL, NULL, NULL, NULL, NULL, NULL)
INSERT [dbo].[cp_codigo_SRI] ([IdCodigo_SRI], [codigoSRI], [co_codigoBase], [co_descripcion], [co_porRetencion], [co_f_valides_desde], [co_f_valides_hasta], [co_estado], [IdTipoSRI], [IdUsuario], [Fecha_Transac], [IdUsuarioUltMod], [Fecha_UltMod], [IdUsuarioUltAnu], [Fecha_UltAnu], [nom_pc], [ip], [MotivoAnulacion]) VALUES (1055, N'323 O', N'323 O', N'Por RF: Intereses pagados a bancos y otras entidades sometidas al control de la Superintendencia de Bancos y de la Economía Popular y Solidaria', 0, datefromparts(2000,1,1), datefromparts(2050,12,31), N'A', N'COD_RET_FUE', N'admin', NULL, NULL, NULL, NULL, NULL, NULL, NULL, NULL)
INSERT [dbo].[cp_codigo_SRI] ([IdCodigo_SRI], [codigoSRI], [co_codigoBase], [co_descripcion], [co_porRetencion], [co_f_valides_desde], [co_f_valides_hasta], [co_estado], [IdTipoSRI], [IdUsuario], [Fecha_Transac], [IdUsuarioUltMod], [Fecha_UltMod], [IdUsuarioUltAnu], [Fecha_UltAnu], [nom_pc], [ip], [MotivoAnulacion]) VALUES (1056, N'323 P', N'323 P', N'Por RF: Intereses pagados por entidades del sector público a favor de sujetos pasivos', 2, datefromparts(2000,1,1), datefromparts(2050,12,31), N'A', N'COD_RET_FUE', N'admin', NULL, NULL, NULL, NULL, NULL, NULL, NULL, NULL)
INSERT [dbo].[cp_codigo_SRI] ([IdCodigo_SRI], [codigoSRI], [co_codigoBase], [co_descripcion], [co_porRetencion], [co_f_valides_desde], [co_f_valides_hasta], [co_estado], [IdTipoSRI], [IdUsuario], [Fecha_Transac], [IdUsuarioUltMod], [Fecha_UltMod], [IdUsuarioUltAnu], [Fecha_UltAnu], [nom_pc], [ip], [MotivoAnulacion]) VALUES (1057, N'323Q', N'323Q', N'Por RF: Otros intereses y rendimientos financieros gravados', 2, datefromparts(2000,1,1), datefromparts(2050,12,31), N'A', N'COD_RET_FUE', N'admin', NULL, NULL, NULL, NULL, NULL, NULL, NULL, NULL)
INSERT [dbo].[cp_codigo_SRI] ([IdCodigo_SRI], [codigoSRI], [co_codigoBase], [co_descripcion], [co_porRetencion], [co_f_valides_desde], [co_f_valides_hasta], [co_estado], [IdTipoSRI], [IdUsuario], [Fecha_Transac], [IdUsuarioUltMod], [Fecha_UltMod], [IdUsuarioUltAnu], [Fecha_UltAnu], [nom_pc], [ip], [MotivoAnulacion]) VALUES (1058, N'323R', N'323R', N'Por RF: Otros intereses y rendimientos financieros exentos', 0, datefromparts(2000,1,1), datefromparts(2050,12,31), N'A', N'COD_RET_FUE', N'admin', NULL, NULL, NULL, NULL, NULL, NULL, NULL, NULL)
INSERT [dbo].[cp_codigo_SRI] ([IdCodigo_SRI], [codigoSRI], [co_codigoBase], [co_descripcion], [co_porRetencion], [co_f_valides_desde], [co_f_valides_hasta], [co_estado], [IdTipoSRI], [IdUsuario], [Fecha_Transac], [IdUsuarioUltMod], [Fecha_UltMod], [IdUsuarioUltAnu], [Fecha_UltAnu], [nom_pc], [ip], [MotivoAnulacion]) VALUES (1059, N'324A', N'324A', N'Por RF: Intereses en operaciones de crédito entre instituciones del sistema financiero y entidades economía popular y solidaria.', 1, datefromparts(2000,1,1), datefromparts(2050,12,31), N'A', N'COD_RET_FUE', N'admin', NULL, NULL, NULL, NULL, NULL, NULL, NULL, NULL)
INSERT [dbo].[cp_codigo_SRI] ([IdCodigo_SRI], [codigoSRI], [co_codigoBase], [co_descripcion], [co_porRetencion], [co_f_valides_desde], [co_f_valides_hasta], [co_estado], [IdTipoSRI], [IdUsuario], [Fecha_Transac], [IdUsuarioUltMod], [Fecha_UltMod], [IdUsuarioUltAnu], [Fecha_UltAnu], [nom_pc], [ip], [MotivoAnulacion]) VALUES (1060, N'324B', N'324B', N'Por RF: Por inversiones entre instituciones del sistema financiero y entidades economía popular y solidaria.', 1, datefromparts(2000,1,1), datefromparts(2050,12,31), N'A', N'COD_RET_FUE', N'admin', NULL, NULL, NULL, NULL, NULL, NULL, NULL, NULL)
INSERT [dbo].[cp_codigo_SRI] ([IdCodigo_SRI], [codigoSRI], [co_codigoBase], [co_descripcion], [co_porRetencion], [co_f_valides_desde], [co_f_valides_hasta], [co_estado], [IdTipoSRI], [IdUsuario], [Fecha_Transac], [IdUsuarioUltMod], [Fecha_UltMod], [IdUsuarioUltAnu], [Fecha_UltAnu], [nom_pc], [ip], [MotivoAnulacion]) VALUES (1061, N'325', N'325', N'Anticipo dividendos', 22, datefromparts(2000,1,1), datefromparts(2050,12,31), N'A', N'COD_RET_FUE', N'admin', NULL, NULL, NULL, NULL, NULL, NULL, NULL, NULL)
INSERT [dbo].[cp_codigo_SRI] ([IdCodigo_SRI], [codigoSRI], [co_codigoBase], [co_descripcion], [co_porRetencion], [co_f_valides_desde], [co_f_valides_hasta], [co_estado], [IdTipoSRI], [IdUsuario], [Fecha_Transac], [IdUsuarioUltMod], [Fecha_UltMod], [IdUsuarioUltAnu], [Fecha_UltAnu], [nom_pc], [ip], [MotivoAnulacion]) VALUES (1062, N'325A', N'325A', N'Dividendos anticipados préstamos accionistas, beneficiarios o partícipes', 22, datefromparts(2000,1,1), datefromparts(2050,12,31), N'A', N'COD_RET_FUE', N'admin', NULL, NULL, NULL, NULL, NULL, NULL, NULL, NULL)
INSERT [dbo].[cp_codigo_SRI] ([IdCodigo_SRI], [codigoSRI], [co_codigoBase], [co_descripcion], [co_porRetencion], [co_f_valides_desde], [co_f_valides_hasta], [co_estado], [IdTipoSRI], [IdUsuario], [Fecha_Transac], [IdUsuarioUltMod], [Fecha_UltMod], [IdUsuarioUltAnu], [Fecha_UltAnu], [nom_pc], [ip], [MotivoAnulacion]) VALUES (1063, N'326', N'326', N'Dividendos distribuidos que correspondan al impuesto a la renta único establecido en el art. 27 de la lrti ', 0, datefromparts(2000,1,1), datefromparts(2050,12,31), N'A', N'COD_RET_FUE', N'admin', NULL, NULL, NULL, NULL, NULL, NULL, NULL, NULL)
INSERT [dbo].[cp_codigo_SRI] ([IdCodigo_SRI], [codigoSRI], [co_codigoBase], [co_descripcion], [co_porRetencion], [co_f_valides_desde], [co_f_valides_hasta], [co_estado], [IdTipoSRI], [IdUsuario], [Fecha_Transac], [IdUsuarioUltMod], [Fecha_UltMod], [IdUsuarioUltAnu], [Fecha_UltAnu], [nom_pc], [ip], [MotivoAnulacion]) VALUES (1064, N'327', N'327', N'Dividendos distribuidos a personas aturales residentes cuando la sociedad que distribuye aplicó tarifa del 22% IR ', 0, datefromparts(2000,1,1), datefromparts(2050,12,31), N'A', N'COD_RET_FUE', N'admin', NULL, NULL, NULL, NULL, NULL, NULL, NULL, NULL)
INSERT [dbo].[cp_codigo_SRI] ([IdCodigo_SRI], [codigoSRI], [co_codigoBase], [co_descripcion], [co_porRetencion], [co_f_valides_desde], [co_f_valides_hasta], [co_estado], [IdTipoSRI], [IdUsuario], [Fecha_Transac], [IdUsuarioUltMod], [Fecha_UltMod], [IdUsuarioUltAnu], [Fecha_UltAnu], [nom_pc], [ip], [MotivoAnulacion]) VALUES (1065, N'328', N'328', N'Dividendos distribuidos a sociedades residentes ', 0, datefromparts(2000,1,1), datefromparts(2050,12,31), N'A', N'COD_RET_FUE', N'admin', NULL, NULL, NULL, NULL, NULL, NULL, NULL, NULL)
INSERT [dbo].[cp_codigo_SRI] ([IdCodigo_SRI], [codigoSRI], [co_codigoBase], [co_descripcion], [co_porRetencion], [co_f_valides_desde], [co_f_valides_hasta], [co_estado], [IdTipoSRI], [IdUsuario], [Fecha_Transac], [IdUsuarioUltMod], [Fecha_UltMod], [IdUsuarioUltAnu], [Fecha_UltAnu], [nom_pc], [ip], [MotivoAnulacion]) VALUES (1066, N'329', N'329', N'dividendos distribuidos a fideicomisos residentes ', 0, datefromparts(2000,1,1), datefromparts(2050,12,31), N'A', N'COD_RET_FUE', N'admin', NULL, NULL, NULL, NULL, NULL, NULL, NULL, NULL)
INSERT [dbo].[cp_codigo_SRI] ([IdCodigo_SRI], [codigoSRI], [co_codigoBase], [co_descripcion], [co_porRetencion], [co_f_valides_desde], [co_f_valides_hasta], [co_estado], [IdTipoSRI], [IdUsuario], [Fecha_Transac], [IdUsuarioUltMod], [Fecha_UltMod], [IdUsuarioUltAnu], [Fecha_UltAnu], [nom_pc], [ip], [MotivoAnulacion]) VALUES (1067, N'330', N'330', N'Dividendos gravados distribuidos en acciones (reinversión de utilidades sin derecho a reducción tarifa IR) cuando la sociedad que distribuye aplicó tarifa del 22% IR ', 0, datefromparts(2000,1,1), datefromparts(2050,12,31), N'A', N'COD_RET_FUE', N'admin', NULL, NULL, NULL, NULL, NULL, NULL, NULL, NULL)
INSERT [dbo].[cp_codigo_SRI] ([IdCodigo_SRI], [codigoSRI], [co_codigoBase], [co_descripcion], [co_porRetencion], [co_f_valides_desde], [co_f_valides_hasta], [co_estado], [IdTipoSRI], [IdUsuario], [Fecha_Transac], [IdUsuarioUltMod], [Fecha_UltMod], [IdUsuarioUltAnu], [Fecha_UltAnu], [nom_pc], [ip], [MotivoAnulacion]) VALUES (1068, N'331', N'331', N'Dividendos exentos distribuidos en acciones (reinversión de utilidades con derecho a reducción tarifa IR)  ', 0, datefromparts(2000,1,1), datefromparts(2050,12,31), N'A', N'COD_RET_FUE', N'admin', NULL, NULL, NULL, NULL, NULL, NULL, NULL, NULL)
INSERT [dbo].[cp_codigo_SRI] ([IdCodigo_SRI], [codigoSRI], [co_codigoBase], [co_descripcion], [co_porRetencion], [co_f_valides_desde], [co_f_valides_hasta], [co_estado], [IdTipoSRI], [IdUsuario], [Fecha_Transac], [IdUsuarioUltMod], [Fecha_UltMod], [IdUsuarioUltAnu], [Fecha_UltAnu], [nom_pc], [ip], [MotivoAnulacion]) VALUES (1069, N'332', N'332', N'Otras compras de bienes y servicios no sujetas a retención ', 0, datefromparts(2000,1,1), datefromparts(2050,12,31), N'A', N'COD_RET_FUE', N'admin', NULL, NULL, NULL, NULL, NULL, NULL, NULL, NULL)
INSERT [dbo].[cp_codigo_SRI] ([IdCodigo_SRI], [codigoSRI], [co_codigoBase], [co_descripcion], [co_porRetencion], [co_f_valides_desde], [co_f_valides_hasta], [co_estado], [IdTipoSRI], [IdUsuario], [Fecha_Transac], [IdUsuarioUltMod], [Fecha_UltMod], [IdUsuarioUltAnu], [Fecha_UltAnu], [nom_pc], [ip], [MotivoAnulacion]) VALUES (1070, N'332A', N'332A', N'Por la enajenación ocasional de acciones o participaciones y títulos valores ', 0, datefromparts(2000,1,1), datefromparts(2050,12,31), N'A', N'COD_RET_FUE', N'admin', NULL, NULL, NULL, NULL, NULL, NULL, NULL, NULL)
INSERT [dbo].[cp_codigo_SRI] ([IdCodigo_SRI], [codigoSRI], [co_codigoBase], [co_descripcion], [co_porRetencion], [co_f_valides_desde], [co_f_valides_hasta], [co_estado], [IdTipoSRI], [IdUsuario], [Fecha_Transac], [IdUsuarioUltMod], [Fecha_UltMod], [IdUsuarioUltAnu], [Fecha_UltAnu], [nom_pc], [ip], [MotivoAnulacion]) VALUES (1071, N'332B', N'332B', N'Compra de bienes inmuebles ', 0, datefromparts(2000,1,1), datefromparts(2050,12,31), N'A', N'COD_RET_FUE', N'admin', NULL, NULL, NULL, NULL, NULL, NULL, NULL, NULL)
INSERT [dbo].[cp_codigo_SRI] ([IdCodigo_SRI], [codigoSRI], [co_codigoBase], [co_descripcion], [co_porRetencion], [co_f_valides_desde], [co_f_valides_hasta], [co_estado], [IdTipoSRI], [IdUsuario], [Fecha_Transac], [IdUsuarioUltMod], [Fecha_UltMod], [IdUsuarioUltAnu], [Fecha_UltAnu], [nom_pc], [ip], [MotivoAnulacion]) VALUES (1072, N'332C', N'332C', N'Transporte público de pasajeros', 0, datefromparts(2000,1,1), datefromparts(2050,12,31), N'A', N'COD_RET_FUE', N'admin', NULL, NULL, NULL, NULL, NULL, NULL, NULL, NULL)
INSERT [dbo].[cp_codigo_SRI] ([IdCodigo_SRI], [codigoSRI], [co_codigoBase], [co_descripcion], [co_porRetencion], [co_f_valides_desde], [co_f_valides_hasta], [co_estado], [IdTipoSRI], [IdUsuario], [Fecha_Transac], [IdUsuarioUltMod], [Fecha_UltMod], [IdUsuarioUltAnu], [Fecha_UltAnu], [nom_pc], [ip], [MotivoAnulacion]) VALUES (1073, N'332D', N'332D', N'Pagos en el país por transporte de pasajeros o transporte internacional de carga, a compañías nacionales o extranjeras de aviación o marítimas', 0, datefromparts(2000,1,1), datefromparts(2050,12,31), N'A', N'COD_RET_FUE', N'admin', NULL, NULL, NULL, NULL, NULL, NULL, NULL, NULL)
INSERT [dbo].[cp_codigo_SRI] ([IdCodigo_SRI], [codigoSRI], [co_codigoBase], [co_descripcion], [co_porRetencion], [co_f_valides_desde], [co_f_valides_hasta], [co_estado], [IdTipoSRI], [IdUsuario], [Fecha_Transac], [IdUsuarioUltMod], [Fecha_UltMod], [IdUsuarioUltAnu], [Fecha_UltAnu], [nom_pc], [ip], [MotivoAnulacion]) VALUES (1074, N'332E', N'332E', N'Valores entregados por las cooperativas de transporte a sus socios', 0, datefromparts(2000,1,1), datefromparts(2050,12,31), N'A', N'COD_RET_FUE', N'admin', NULL, NULL, NULL, NULL, NULL, NULL, NULL, NULL)
INSERT [dbo].[cp_codigo_SRI] ([IdCodigo_SRI], [codigoSRI], [co_codigoBase], [co_descripcion], [co_porRetencion], [co_f_valides_desde], [co_f_valides_hasta], [co_estado], [IdTipoSRI], [IdUsuario], [Fecha_Transac], [IdUsuarioUltMod], [Fecha_UltMod], [IdUsuarioUltAnu], [Fecha_UltAnu], [nom_pc], [ip], [MotivoAnulacion]) VALUES (1076, N'332G', N'332G', N'Pagos con tarjeta de crédito', 0, datefromparts(2000,1,1), datefromparts(2050,12,31), N'A', N'COD_RET_FUE', N'admin', NULL, NULL, NULL, NULL, NULL, NULL, NULL, NULL)
INSERT [dbo].[cp_codigo_SRI] ([IdCodigo_SRI], [codigoSRI], [co_codigoBase], [co_descripcion], [co_porRetencion], [co_f_valides_desde], [co_f_valides_hasta], [co_estado], [IdTipoSRI], [IdUsuario], [Fecha_Transac], [IdUsuarioUltMod], [Fecha_UltMod], [IdUsuarioUltAnu], [Fecha_UltAnu], [nom_pc], [ip], [MotivoAnulacion]) VALUES (1077, N'332H', N'332H', N'Pago al exterior tarjeta de crédito reportada por la Emisora de tarjeta de crédito, solo recap', 0, datefromparts(2000,1,1), datefromparts(2050,12,31), N'A', N'COD_RET_FUE', N'admin', NULL, NULL, NULL, NULL, NULL, NULL, NULL, NULL)
INSERT [dbo].[cp_codigo_SRI] ([IdCodigo_SRI], [codigoSRI], [co_codigoBase], [co_descripcion], [co_porRetencion], [co_f_valides_desde], [co_f_valides_hasta], [co_estado], [IdTipoSRI], [IdUsuario], [Fecha_Transac], [IdUsuarioUltMod], [Fecha_UltMod], [IdUsuarioUltAnu], [Fecha_UltAnu], [nom_pc], [ip], [MotivoAnulacion]) VALUES (1079, N'333', N'333', N'Enajenación de derechos representativos de capital y otros derechos cotizados en bolsa ecuatoriana ', 20, datefromparts(2000,1,1), datefromparts(2050,12,31), N'A', N'COD_RET_FUE', N'admin', NULL, NULL, NULL, NULL, NULL, NULL, NULL, NULL)
INSERT [dbo].[cp_codigo_SRI] ([IdCodigo_SRI], [codigoSRI], [co_codigoBase], [co_descripcion], [co_porRetencion], [co_f_valides_desde], [co_f_valides_hasta], [co_estado], [IdTipoSRI], [IdUsuario], [Fecha_Transac], [IdUsuarioUltMod], [Fecha_UltMod], [IdUsuarioUltAnu], [Fecha_UltAnu], [nom_pc], [ip], [MotivoAnulacion]) VALUES (1080, N'334', N'334', N'Enajenación de derechos representativos de capital y otros derechos no cotizados en bolsa ecuatoriana ', 1, datefromparts(2000,1,1), datefromparts(2050,12,31), N'A', N'COD_RET_FUE', N'admin', NULL, NULL, NULL, NULL, NULL, NULL, NULL, NULL)
INSERT [dbo].[cp_codigo_SRI] ([IdCodigo_SRI], [codigoSRI], [co_codigoBase], [co_descripcion], [co_porRetencion], [co_f_valides_desde], [co_f_valides_hasta], [co_estado], [IdTipoSRI], [IdUsuario], [Fecha_Transac], [IdUsuarioUltMod], [Fecha_UltMod], [IdUsuarioUltAnu], [Fecha_UltAnu], [nom_pc], [ip], [MotivoAnulacion]) VALUES (1081, N'335', N'335', N'Por loterías, rifas, apuestas y similares ', 15, datefromparts(2000,1,1), datefromparts(2050,12,31), N'A', N'COD_RET_FUE', N'admin', NULL, NULL, NULL, NULL, NULL, NULL, NULL, NULL)
INSERT [dbo].[cp_codigo_SRI] ([IdCodigo_SRI], [codigoSRI], [co_codigoBase], [co_descripcion], [co_porRetencion], [co_f_valides_desde], [co_f_valides_hasta], [co_estado], [IdTipoSRI], [IdUsuario], [Fecha_Transac], [IdUsuarioUltMod], [Fecha_UltMod], [IdUsuarioUltAnu], [Fecha_UltAnu], [nom_pc], [ip], [MotivoAnulacion]) VALUES (1082, N'336', N'336', N'Por venta de combustibles a comercializadoras ', 2, datefromparts(2000,1,1), datefromparts(2050,12,31), N'A', N'COD_RET_FUE', N'admin', NULL, NULL, NULL, NULL, NULL, NULL, NULL, NULL)
INSERT [dbo].[cp_codigo_SRI] ([IdCodigo_SRI], [codigoSRI], [co_codigoBase], [co_descripcion], [co_porRetencion], [co_f_valides_desde], [co_f_valides_hasta], [co_estado], [IdTipoSRI], [IdUsuario], [Fecha_Transac], [IdUsuarioUltMod], [Fecha_UltMod], [IdUsuarioUltAnu], [Fecha_UltAnu], [nom_pc], [ip], [MotivoAnulacion]) VALUES (1083, N'337', N'337', N'Por venta de combustibles a distribuidore', 3, datefromparts(2000,1,1), datefromparts(2050,12,31), N'A', N'COD_RET_FUE', N'admin', NULL, NULL, NULL, NULL, NULL, NULL, NULL, NULL)
INSERT [dbo].[cp_codigo_SRI] ([IdCodigo_SRI], [codigoSRI], [co_codigoBase], [co_descripcion], [co_porRetencion], [co_f_valides_desde], [co_f_valides_hasta], [co_estado], [IdTipoSRI], [IdUsuario], [Fecha_Transac], [IdUsuarioUltMod], [Fecha_UltMod], [IdUsuarioUltAnu], [Fecha_UltAnu], [nom_pc], [ip], [MotivoAnulacion]) VALUES (1084, N'338', N'338', N'Compra local de banano a productor ', 0, datefromparts(2000,1,1), datefromparts(2050,12,31), N'A', N'COD_RET_FUE', N'admin', NULL, NULL, NULL, NULL, NULL, NULL, NULL, NULL)
INSERT [dbo].[cp_codigo_SRI] ([IdCodigo_SRI], [codigoSRI], [co_codigoBase], [co_descripcion], [co_porRetencion], [co_f_valides_desde], [co_f_valides_hasta], [co_estado], [IdTipoSRI], [IdUsuario], [Fecha_Transac], [IdUsuarioUltMod], [Fecha_UltMod], [IdUsuarioUltAnu], [Fecha_UltAnu], [nom_pc], [ip], [MotivoAnulacion]) VALUES (1085, N'339', N'339', N'Liquidación impuesto único a la venta local de banano de producción propia ', 100, datefromparts(2000,1,1), datefromparts(2050,12,31), N'A', N'COD_RET_FUE', N'admin', NULL, NULL, NULL, NULL, NULL, NULL, NULL, NULL)
INSERT [dbo].[cp_codigo_SRI] ([IdCodigo_SRI], [codigoSRI], [co_codigoBase], [co_descripcion], [co_porRetencion], [co_f_valides_desde], [co_f_valides_hasta], [co_estado], [IdTipoSRI], [IdUsuario], [Fecha_Transac], [IdUsuarioUltMod], [Fecha_UltMod], [IdUsuarioUltAnu], [Fecha_UltAnu], [nom_pc], [ip], [MotivoAnulacion]) VALUES (1088, N'342', N'342', N'Impuesto único a la exportación de banano producido por terceros ', 175, datefromparts(2000,1,1), datefromparts(2050,12,31), N'A', N'COD_RET_FUE', N'admin', NULL, NULL, NULL, NULL, NULL, NULL, NULL, NULL)
INSERT [dbo].[cp_codigo_SRI] ([IdCodigo_SRI], [codigoSRI], [co_codigoBase], [co_descripcion], [co_porRetencion], [co_f_valides_desde], [co_f_valides_hasta], [co_estado], [IdTipoSRI], [IdUsuario], [Fecha_Transac], [IdUsuarioUltMod], [Fecha_UltMod], [IdUsuarioUltAnu], [Fecha_UltAnu], [nom_pc], [ip], [MotivoAnulacion]) VALUES (1089, N'342A', N'342A', N'Impuesto único a la exportación de banano producido por terceros de Asociaciones de micro y pequeños productores hasta 1000 cajas por semana por cada socio.', 5, datefromparts(2000,1,1), datefromparts(2050,12,31), N'A', N'COD_RET_FUE', N'admin', NULL, NULL, NULL, NULL, NULL, NULL, NULL, NULL)
INSERT [dbo].[cp_codigo_SRI] ([IdCodigo_SRI], [codigoSRI], [co_codigoBase], [co_descripcion], [co_porRetencion], [co_f_valides_desde], [co_f_valides_hasta], [co_estado], [IdTipoSRI], [IdUsuario], [Fecha_Transac], [IdUsuarioUltMod], [Fecha_UltMod], [IdUsuarioUltAnu], [Fecha_UltAnu], [nom_pc], [ip], [MotivoAnulacion]) VALUES (1090, N'342B', N'342B', N'Impuesto único a la exportación de banano producido por terceros de Asociaciones de micro, pequeños y medianos productores', 1, datefromparts(2000,1,1), datefromparts(2050,12,31), N'A', N'COD_RET_FUE', N'admin', NULL, NULL, NULL, NULL, NULL, NULL, NULL, NULL)
INSERT [dbo].[cp_codigo_SRI] ([IdCodigo_SRI], [codigoSRI], [co_codigoBase], [co_descripcion], [co_porRetencion], [co_f_valides_desde], [co_f_valides_hasta], [co_estado], [IdTipoSRI], [IdUsuario], [Fecha_Transac], [IdUsuarioUltMod], [Fecha_UltMod], [IdUsuarioUltAnu], [Fecha_UltAnu], [nom_pc], [ip], [MotivoAnulacion]) VALUES (1091, N'343A', N'343A', N'Por energía eléctrica', 1, datefromparts(2000,1,1), datefromparts(2050,12,31), N'A', N'COD_RET_FUE', N'admin', NULL, NULL, NULL, NULL, NULL, NULL, NULL, NULL)
INSERT [dbo].[cp_codigo_SRI] ([IdCodigo_SRI], [codigoSRI], [co_codigoBase], [co_descripcion], [co_porRetencion], [co_f_valides_desde], [co_f_valides_hasta], [co_estado], [IdTipoSRI], [IdUsuario], [Fecha_Transac], [IdUsuarioUltMod], [Fecha_UltMod], [IdUsuarioUltAnu], [Fecha_UltAnu], [nom_pc], [ip], [MotivoAnulacion]) VALUES (1092, N'343B', N'343B', N'Por actividades de construcción de obra material inmueble, urbanización, lotización o actividades similares', 1, datefromparts(2000,1,1), datefromparts(2050,12,31), N'A', N'COD_RET_FUE', N'admin', NULL, NULL, NULL, NULL, NULL, NULL, NULL, NULL)
INSERT [dbo].[cp_codigo_SRI] ([IdCodigo_SRI], [codigoSRI], [co_codigoBase], [co_descripcion], [co_porRetencion], [co_f_valides_desde], [co_f_valides_hasta], [co_estado], [IdTipoSRI], [IdUsuario], [Fecha_Transac], [IdUsuarioUltMod], [Fecha_UltMod], [IdUsuarioUltAnu], [Fecha_UltAnu], [nom_pc], [ip], [MotivoAnulacion]) VALUES (1093, N'344', N'344', N'Otras retenciones aplicables el 2%', 2, datefromparts(2000,1,1), datefromparts(2050,12,31), N'A', N'COD_RET_FUE', N'admin', NULL, NULL, NULL, NULL, NULL, NULL, NULL, NULL)
INSERT [dbo].[cp_codigo_SRI] ([IdCodigo_SRI], [codigoSRI], [co_codigoBase], [co_descripcion], [co_porRetencion], [co_f_valides_desde], [co_f_valides_hasta], [co_estado], [IdTipoSRI], [IdUsuario], [Fecha_Transac], [IdUsuarioUltMod], [Fecha_UltMod], [IdUsuarioUltAnu], [Fecha_UltAnu], [nom_pc], [ip], [MotivoAnulacion]) VALUES (1094, N'344A', N'344A', N'Pago local tarjeta de crédito /debito reportada por la Emisora de tarjeta de crédito /debito , solo recap', 2, datefromparts(2000,1,1), datefromparts(2050,12,31), N'A', N'COD_RET_FUE', N'admin', NULL, NULL, NULL, NULL, NULL, NULL, NULL, NULL)
INSERT [dbo].[cp_codigo_SRI] ([IdCodigo_SRI], [codigoSRI], [co_codigoBase], [co_descripcion], [co_porRetencion], [co_f_valides_desde], [co_f_valides_hasta], [co_estado], [IdTipoSRI], [IdUsuario], [Fecha_Transac], [IdUsuarioUltMod], [Fecha_UltMod], [IdUsuarioUltAnu], [Fecha_UltAnu], [nom_pc], [ip], [MotivoAnulacion]) VALUES (1095, N'346A', N'346A', N'Ganancias de capital', 0, datefromparts(2000,1,1), datefromparts(2050,12,31), N'A', N'COD_RET_FUE', N'admin', NULL, NULL, NULL, NULL, NULL, NULL, NULL, NULL)
INSERT [dbo].[cp_codigo_SRI] ([IdCodigo_SRI], [codigoSRI], [co_codigoBase], [co_descripcion], [co_porRetencion], [co_f_valides_desde], [co_f_valides_hasta], [co_estado], [IdTipoSRI], [IdUsuario], [Fecha_Transac], [IdUsuarioUltMod], [Fecha_UltMod], [IdUsuarioUltAnu], [Fecha_UltAnu], [nom_pc], [ip], [MotivoAnulacion]) VALUES (1096, N'347', N'347', N'Donaciones en dinero -Impuesto a la donaciones ', 100, datefromparts(2000,1,1), datefromparts(2050,12,31), N'A', N'COD_RET_FUE', N'admin', NULL, NULL, NULL, NULL, NULL, NULL, NULL, NULL)
INSERT [dbo].[cp_codigo_SRI] ([IdCodigo_SRI], [codigoSRI], [co_codigoBase], [co_descripcion], [co_porRetencion], [co_f_valides_desde], [co_f_valides_hasta], [co_estado], [IdTipoSRI], [IdUsuario], [Fecha_Transac], [IdUsuarioUltMod], [Fecha_UltMod], [IdUsuarioUltAnu], [Fecha_UltAnu], [nom_pc], [ip], [MotivoAnulacion]) VALUES (1097, N'348', N'348', N'Retención a cargo del propio sujeto pasivo por la exportación de concentrados y/o elementos metálicos ', 0, datefromparts(2000,1,1), datefromparts(2050,12,31), N'A', N'COD_RET_FUE', N'admin', NULL, NULL, NULL, NULL, NULL, NULL, NULL, NULL)
INSERT [dbo].[cp_codigo_SRI] ([IdCodigo_SRI], [codigoSRI], [co_codigoBase], [co_descripcion], [co_porRetencion], [co_f_valides_desde], [co_f_valides_hasta], [co_estado], [IdTipoSRI], [IdUsuario], [Fecha_Transac], [IdUsuarioUltMod], [Fecha_UltMod], [IdUsuarioUltAnu], [Fecha_UltAnu], [nom_pc], [ip], [MotivoAnulacion]) VALUES (1098, N'349', N'349', N'Retención a cargo del propio sujeto pasivo por la comercialización de productos forestales ', 0, datefromparts(2000,1,1), datefromparts(2050,12,31), N'A', N'COD_RET_FUE', N'admin', NULL, NULL, NULL, NULL, NULL, NULL, NULL, NULL)
INSERT [dbo].[cp_codigo_SRI] ([IdCodigo_SRI], [codigoSRI], [co_codigoBase], [co_descripcion], [co_porRetencion], [co_f_valides_desde], [co_f_valides_hasta], [co_estado], [IdTipoSRI], [IdUsuario], [Fecha_Transac], [IdUsuarioUltMod], [Fecha_UltMod], [IdUsuarioUltAnu], [Fecha_UltAnu], [nom_pc], [ip], [MotivoAnulacion]) VALUES (1099, N'500', N'500', N'Pago al exterior - Rentas Inmobiliarias', 22, datefromparts(2000,1,1), datefromparts(2050,12,31), N'A', N'COD_RET_FUE', N'admin', NULL, NULL, NULL, NULL, NULL, NULL, NULL, NULL)
INSERT [dbo].[cp_codigo_SRI] ([IdCodigo_SRI], [codigoSRI], [co_codigoBase], [co_descripcion], [co_porRetencion], [co_f_valides_desde], [co_f_valides_hasta], [co_estado], [IdTipoSRI], [IdUsuario], [Fecha_Transac], [IdUsuarioUltMod], [Fecha_UltMod], [IdUsuarioUltAnu], [Fecha_UltAnu], [nom_pc], [ip], [MotivoAnulacion]) VALUES (1100, N'501', N'501', N'Pago al exterior - Beneficios Empresariales', 22, datefromparts(2000,1,1), datefromparts(2050,12,31), N'A', N'COD_RET_FUE', N'admin', NULL, NULL, NULL, NULL, NULL, NULL, NULL, NULL)
INSERT [dbo].[cp_codigo_SRI] ([IdCodigo_SRI], [codigoSRI], [co_codigoBase], [co_descripcion], [co_porRetencion], [co_f_valides_desde], [co_f_valides_hasta], [co_estado], [IdTipoSRI], [IdUsuario], [Fecha_Transac], [IdUsuarioUltMod], [Fecha_UltMod], [IdUsuarioUltAnu], [Fecha_UltAnu], [nom_pc], [ip], [MotivoAnulacion]) VALUES (1101, N'502', N'502', N'Pago al exterior - Servicios Empresariales ', 22, datefromparts(2000,1,1), datefromparts(2050,12,31), N'A', N'COD_RET_FUE', N'admin', NULL, NULL, NULL, NULL, NULL, NULL, NULL, NULL)
INSERT [dbo].[cp_codigo_SRI] ([IdCodigo_SRI], [codigoSRI], [co_codigoBase], [co_descripcion], [co_porRetencion], [co_f_valides_desde], [co_f_valides_hasta], [co_estado], [IdTipoSRI], [IdUsuario], [Fecha_Transac], [IdUsuarioUltMod], [Fecha_UltMod], [IdUsuarioUltAnu], [Fecha_UltAnu], [nom_pc], [ip], [MotivoAnulacion]) VALUES (1102, N'503', N'503', N'Pago al exterior - Navegación Marítima y/o aérea ', 22, datefromparts(2000,1,1), datefromparts(2050,12,31), N'A', N'COD_RET_FUE', N'admin', NULL, NULL, NULL, NULL, NULL, NULL, NULL, NULL)
INSERT [dbo].[cp_codigo_SRI] ([IdCodigo_SRI], [codigoSRI], [co_codigoBase], [co_descripcion], [co_porRetencion], [co_f_valides_desde], [co_f_valides_hasta], [co_estado], [IdTipoSRI], [IdUsuario], [Fecha_Transac], [IdUsuarioUltMod], [Fecha_UltMod], [IdUsuarioUltAnu], [Fecha_UltAnu], [nom_pc], [ip], [MotivoAnulacion]) VALUES (1103, N'504', N'504', N'Pago al exterior- Dividendos distribuidos a personas naturales ', 0, datefromparts(2000,1,1), datefromparts(2050,12,31), N'A', N'COD_RET_FUE', N'admin', NULL, NULL, NULL, NULL, NULL, NULL, NULL, NULL)
INSERT [dbo].[cp_codigo_SRI] ([IdCodigo_SRI], [codigoSRI], [co_codigoBase], [co_descripcion], [co_porRetencion], [co_f_valides_desde], [co_f_valides_hasta], [co_estado], [IdTipoSRI], [IdUsuario], [Fecha_Transac], [IdUsuarioUltMod], [Fecha_UltMod], [IdUsuarioUltAnu], [Fecha_UltAnu], [nom_pc], [ip], [MotivoAnulacion]) VALUES (1104, N'504A', N'504A', N'Pago al exterior - Dividendos a sociedades ', 0, datefromparts(2000,1,1), datefromparts(2050,12,31), N'A', N'COD_RET_FUE', N'admin', NULL, NULL, NULL, NULL, NULL, NULL, NULL, NULL)
INSERT [dbo].[cp_codigo_SRI] ([IdCodigo_SRI], [codigoSRI], [co_codigoBase], [co_descripcion], [co_porRetencion], [co_f_valides_desde], [co_f_valides_hasta], [co_estado], [IdTipoSRI], [IdUsuario], [Fecha_Transac], [IdUsuarioUltMod], [Fecha_UltMod], [IdUsuarioUltAnu], [Fecha_UltAnu], [nom_pc], [ip], [MotivoAnulacion]) VALUES (1105, N'504B', N'504B', N'Pago al exterior - Anticipo dividendos xcepto paraisos fiscales o de regimen de menor imposición) ', 22, datefromparts(2000,1,1), datefromparts(2050,12,31), N'A', N'COD_RET_FUE', N'admin', NULL, NULL, NULL, NULL, NULL, NULL, NULL, NULL)
INSERT [dbo].[cp_codigo_SRI] ([IdCodigo_SRI], [codigoSRI], [co_codigoBase], [co_descripcion], [co_porRetencion], [co_f_valides_desde], [co_f_valides_hasta], [co_estado], [IdTipoSRI], [IdUsuario], [Fecha_Transac], [IdUsuarioUltMod], [Fecha_UltMod], [IdUsuarioUltAnu], [Fecha_UltAnu], [nom_pc], [ip], [MotivoAnulacion]) VALUES (1106, N'504C', N'504C', N'Pago al exterior - Dividendos anticipados préstamos accionistas, beneficiarios o partìcipes (paraísos fiscales o regímenes de menor imposición)', 22, datefromparts(2000,1,1), datefromparts(2050,12,31), N'A', N'COD_RET_FUE', N'admin', NULL, NULL, NULL, NULL, NULL, NULL, NULL, NULL)
INSERT [dbo].[cp_codigo_SRI] ([IdCodigo_SRI], [codigoSRI], [co_codigoBase], [co_descripcion], [co_porRetencion], [co_f_valides_desde], [co_f_valides_hasta], [co_estado], [IdTipoSRI], [IdUsuario], [Fecha_Transac], [IdUsuarioUltMod], [Fecha_UltMod], [IdUsuarioUltAnu], [Fecha_UltAnu], [nom_pc], [ip], [MotivoAnulacion]) VALUES (1107, N'504D', N'504D', N'Pago al exterior - Dividendos a fideicomisos', 0, datefromparts(2000,1,1), datefromparts(2050,12,31), N'A', N'COD_RET_FUE', N'admin', NULL, NULL, NULL, NULL, NULL, NULL, NULL, NULL)
INSERT [dbo].[cp_codigo_SRI] ([IdCodigo_SRI], [codigoSRI], [co_codigoBase], [co_descripcion], [co_porRetencion], [co_f_valides_desde], [co_f_valides_hasta], [co_estado], [IdTipoSRI], [IdUsuario], [Fecha_Transac], [IdUsuarioUltMod], [Fecha_UltMod], [IdUsuarioUltAnu], [Fecha_UltAnu], [nom_pc], [ip], [MotivoAnulacion]) VALUES (1110, N'504H', N'504H', N'Pago al exterior - Dividendos a fideicomisos  (paraísos fiscales)', 13, datefromparts(2000,1,1), datefromparts(2050,12,31), N'A', N'COD_RET_FUE', N'admin', NULL, NULL, NULL, NULL, NULL, NULL, NULL, NULL)
INSERT [dbo].[cp_codigo_SRI] ([IdCodigo_SRI], [codigoSRI], [co_codigoBase], [co_descripcion], [co_porRetencion], [co_f_valides_desde], [co_f_valides_hasta], [co_estado], [IdTipoSRI], [IdUsuario], [Fecha_Transac], [IdUsuarioUltMod], [Fecha_UltMod], [IdUsuarioUltAnu], [Fecha_UltAnu], [nom_pc], [ip], [MotivoAnulacion]) VALUES (1111, N'505', N'505', N'Pago al exterior - Rendimientos financieros', 22, datefromparts(2000,1,1), datefromparts(2050,12,31), N'A', N'COD_RET_FUE', N'admin', NULL, NULL, NULL, NULL, NULL, NULL, NULL, NULL)
INSERT [dbo].[cp_codigo_SRI] ([IdCodigo_SRI], [codigoSRI], [co_codigoBase], [co_descripcion], [co_porRetencion], [co_f_valides_desde], [co_f_valides_hasta], [co_estado], [IdTipoSRI], [IdUsuario], [Fecha_Transac], [IdUsuarioUltMod], [Fecha_UltMod], [IdUsuarioUltAnu], [Fecha_UltAnu], [nom_pc], [ip], [MotivoAnulacion]) VALUES (1113, N'505B', N'505B', N'Pago al exterior – Intereses de créditos de gobierno a gobierno', 22, datefromparts(2000,1,1), datefromparts(2050,12,31), N'A', N'COD_RET_FUE', N'admin', NULL, NULL, NULL, NULL, NULL, NULL, NULL, NULL)
INSERT [dbo].[cp_codigo_SRI] ([IdCodigo_SRI], [codigoSRI], [co_codigoBase], [co_descripcion], [co_porRetencion], [co_f_valides_desde], [co_f_valides_hasta], [co_estado], [IdTipoSRI], [IdUsuario], [Fecha_Transac], [IdUsuarioUltMod], [Fecha_UltMod], [IdUsuarioUltAnu], [Fecha_UltAnu], [nom_pc], [ip], [MotivoAnulacion]) VALUES (1114, N'505C', N'505C', N'Pago al exterior – Intereses de créditos de organismos multilaterales', 22, datefromparts(2000,1,1), datefromparts(2050,12,31), N'A', N'COD_RET_FUE', N'admin', NULL, NULL, NULL, NULL, NULL, NULL, NULL, NULL)
INSERT [dbo].[cp_codigo_SRI] ([IdCodigo_SRI], [codigoSRI], [co_codigoBase], [co_descripcion], [co_porRetencion], [co_f_valides_desde], [co_f_valides_hasta], [co_estado], [IdTipoSRI], [IdUsuario], [Fecha_Transac], [IdUsuarioUltMod], [Fecha_UltMod], [IdUsuarioUltAnu], [Fecha_UltAnu], [nom_pc], [ip], [MotivoAnulacion]) VALUES (1115, N'505D', N'505D', N'Pago al exterior - Intereses por financiamiento de proveedores externos', 22, datefromparts(2000,1,1), datefromparts(2050,12,31), N'A', N'COD_RET_FUE', N'admin', NULL, NULL, NULL, NULL, NULL, NULL, NULL, NULL)
INSERT [dbo].[cp_codigo_SRI] ([IdCodigo_SRI], [codigoSRI], [co_codigoBase], [co_descripcion], [co_porRetencion], [co_f_valides_desde], [co_f_valides_hasta], [co_estado], [IdTipoSRI], [IdUsuario], [Fecha_Transac], [IdUsuarioUltMod], [Fecha_UltMod], [IdUsuarioUltAnu], [Fecha_UltAnu], [nom_pc], [ip], [MotivoAnulacion]) VALUES (1116, N'505E', N'505E', N'Pago al exterior - Intereses de otros créditos externos', 22, datefromparts(2000,1,1), datefromparts(2050,12,31), N'A', N'COD_RET_FUE', N'admin', NULL, NULL, NULL, NULL, NULL, NULL, NULL, NULL)
INSERT [dbo].[cp_codigo_SRI] ([IdCodigo_SRI], [codigoSRI], [co_codigoBase], [co_descripcion], [co_porRetencion], [co_f_valides_desde], [co_f_valides_hasta], [co_estado], [IdTipoSRI], [IdUsuario], [Fecha_Transac], [IdUsuarioUltMod], [Fecha_UltMod], [IdUsuarioUltAnu], [Fecha_UltAnu], [nom_pc], [ip], [MotivoAnulacion]) VALUES (1118, N'509', N'509', N'Pago al exterior - Cánones, derechos de autor,  marcas, patentes y similares', 22, datefromparts(2000,1,1), datefromparts(2050,12,31), N'A', N'COD_RET_FUE', N'admin', NULL, NULL, NULL, NULL, NULL, NULL, NULL, NULL)
INSERT [dbo].[cp_codigo_SRI] ([IdCodigo_SRI], [codigoSRI], [co_codigoBase], [co_descripcion], [co_porRetencion], [co_f_valides_desde], [co_f_valides_hasta], [co_estado], [IdTipoSRI], [IdUsuario], [Fecha_Transac], [IdUsuarioUltMod], [Fecha_UltMod], [IdUsuarioUltAnu], [Fecha_UltAnu], [nom_pc], [ip], [MotivoAnulacion]) VALUES (1119, N'509A', N'509A', N'Pago al exterior - Regalías por concepto de franquicias', 22, datefromparts(2000,1,1), datefromparts(2050,12,31), N'A', N'COD_RET_FUE', N'admin', NULL, NULL, NULL, NULL, NULL, NULL, NULL, NULL)
INSERT [dbo].[cp_codigo_SRI] ([IdCodigo_SRI], [codigoSRI], [co_codigoBase], [co_descripcion], [co_porRetencion], [co_f_valides_desde], [co_f_valides_hasta], [co_estado], [IdTipoSRI], [IdUsuario], [Fecha_Transac], [IdUsuarioUltMod], [Fecha_UltMod], [IdUsuarioUltAnu], [Fecha_UltAnu], [nom_pc], [ip], [MotivoAnulacion]) VALUES (1120, N'510', N'510', N'Pago al exterior - Ganancias de capital ', 22, datefromparts(2000,1,1), datefromparts(2050,12,31), N'A', N'COD_RET_FUE', N'admin', NULL, NULL, NULL, NULL, NULL, NULL, NULL, NULL)
INSERT [dbo].[cp_codigo_SRI] ([IdCodigo_SRI], [codigoSRI], [co_codigoBase], [co_descripcion], [co_porRetencion], [co_f_valides_desde], [co_f_valides_hasta], [co_estado], [IdTipoSRI], [IdUsuario], [Fecha_Transac], [IdUsuarioUltMod], [Fecha_UltMod], [IdUsuarioUltAnu], [Fecha_UltAnu], [nom_pc], [ip], [MotivoAnulacion]) VALUES (1121, N'511', N'511', N'Pago al exterior - Servicios profesionales independientes ', 22, datefromparts(2000,1,1), datefromparts(2050,12,31), N'A', N'COD_RET_FUE', N'admin', NULL, NULL, NULL, NULL, NULL, NULL, NULL, NULL)
INSERT [dbo].[cp_codigo_SRI] ([IdCodigo_SRI], [codigoSRI], [co_codigoBase], [co_descripcion], [co_porRetencion], [co_f_valides_desde], [co_f_valides_hasta], [co_estado], [IdTipoSRI], [IdUsuario], [Fecha_Transac], [IdUsuarioUltMod], [Fecha_UltMod], [IdUsuarioUltAnu], [Fecha_UltAnu], [nom_pc], [ip], [MotivoAnulacion]) VALUES (1122, N'512', N'512', N'Pago al exterior - Servicios profesionales  dependientes', 22, datefromparts(2000,1,1), datefromparts(2050,12,31), N'A', N'COD_RET_FUE', N'admin', NULL, NULL, NULL, NULL, NULL, NULL, NULL, NULL)
INSERT [dbo].[cp_codigo_SRI] ([IdCodigo_SRI], [codigoSRI], [co_codigoBase], [co_descripcion], [co_porRetencion], [co_f_valides_desde], [co_f_valides_hasta], [co_estado], [IdTipoSRI], [IdUsuario], [Fecha_Transac], [IdUsuarioUltMod], [Fecha_UltMod], [IdUsuarioUltAnu], [Fecha_UltAnu], [nom_pc], [ip], [MotivoAnulacion]) VALUES (1123, N'513', N'513', N'Pago al exterior - Artistas', 22, datefromparts(2000,1,1), datefromparts(2050,12,31), N'A', N'COD_RET_FUE', N'admin', NULL, NULL, NULL, NULL, NULL, NULL, NULL, NULL)
INSERT [dbo].[cp_codigo_SRI] ([IdCodigo_SRI], [codigoSRI], [co_codigoBase], [co_descripcion], [co_porRetencion], [co_f_valides_desde], [co_f_valides_hasta], [co_estado], [IdTipoSRI], [IdUsuario], [Fecha_Transac], [IdUsuarioUltMod], [Fecha_UltMod], [IdUsuarioUltAnu], [Fecha_UltAnu], [nom_pc], [ip], [MotivoAnulacion]) VALUES (1124, N'513A', N'513A', N'Pago al exterior - Deportistas', 22, datefromparts(2000,1,1), datefromparts(2050,12,31), N'A', N'COD_RET_FUE', N'admin', NULL, NULL, NULL, NULL, NULL, NULL, NULL, NULL)
INSERT [dbo].[cp_codigo_SRI] ([IdCodigo_SRI], [codigoSRI], [co_codigoBase], [co_descripcion], [co_porRetencion], [co_f_valides_desde], [co_f_valides_hasta], [co_estado], [IdTipoSRI], [IdUsuario], [Fecha_Transac], [IdUsuarioUltMod], [Fecha_UltMod], [IdUsuarioUltAnu], [Fecha_UltAnu], [nom_pc], [ip], [MotivoAnulacion]) VALUES (1125, N'514', N'514', N'Pago al exterior - Participación de consejeros', 22, datefromparts(2000,1,1), datefromparts(2050,12,31), N'A', N'COD_RET_FUE', N'admin', NULL, NULL, NULL, NULL, NULL, NULL, NULL, NULL)
INSERT [dbo].[cp_codigo_SRI] ([IdCodigo_SRI], [codigoSRI], [co_codigoBase], [co_descripcion], [co_porRetencion], [co_f_valides_desde], [co_f_valides_hasta], [co_estado], [IdTipoSRI], [IdUsuario], [Fecha_Transac], [IdUsuarioUltMod], [Fecha_UltMod], [IdUsuarioUltAnu], [Fecha_UltAnu], [nom_pc], [ip], [MotivoAnulacion]) VALUES (1126, N'515', N'515', N'Pago al exterior - Entretenimiento Público', 22, datefromparts(2000,1,1), datefromparts(2050,12,31), N'A', N'COD_RET_FUE', N'admin', NULL, NULL, NULL, NULL, NULL, NULL, NULL, NULL)
INSERT [dbo].[cp_codigo_SRI] ([IdCodigo_SRI], [codigoSRI], [co_codigoBase], [co_descripcion], [co_porRetencion], [co_f_valides_desde], [co_f_valides_hasta], [co_estado], [IdTipoSRI], [IdUsuario], [Fecha_Transac], [IdUsuarioUltMod], [Fecha_UltMod], [IdUsuarioUltAnu], [Fecha_UltAnu], [nom_pc], [ip], [MotivoAnulacion]) VALUES (1127, N'516', N'516', N'Pago al exterior - Pensiones', 22, datefromparts(2000,1,1), datefromparts(2050,12,31), N'A', N'COD_RET_FUE', N'admin', NULL, NULL, NULL, NULL, NULL, NULL, NULL, NULL)
INSERT [dbo].[cp_codigo_SRI] ([IdCodigo_SRI], [codigoSRI], [co_codigoBase], [co_descripcion], [co_porRetencion], [co_f_valides_desde], [co_f_valides_hasta], [co_estado], [IdTipoSRI], [IdUsuario], [Fecha_Transac], [IdUsuarioUltMod], [Fecha_UltMod], [IdUsuarioUltAnu], [Fecha_UltAnu], [nom_pc], [ip], [MotivoAnulacion]) VALUES (1128, N'517', N'517', N'Pago al exterior - Reembolso de Gastos', 22, datefromparts(2000,1,1), datefromparts(2050,12,31), N'A', N'COD_RET_FUE', N'admin', NULL, NULL, NULL, NULL, NULL, NULL, NULL, NULL)
INSERT [dbo].[cp_codigo_SRI] ([IdCodigo_SRI], [codigoSRI], [co_codigoBase], [co_descripcion], [co_porRetencion], [co_f_valides_desde], [co_f_valides_hasta], [co_estado], [IdTipoSRI], [IdUsuario], [Fecha_Transac], [IdUsuarioUltMod], [Fecha_UltMod], [IdUsuarioUltAnu], [Fecha_UltAnu], [nom_pc], [ip], [MotivoAnulacion]) VALUES (1129, N'518', N'518', N'Pago al exterior - Funciones Públicas', 22, datefromparts(2000,1,1), datefromparts(2050,12,31), N'A', N'COD_RET_FUE', N'admin', NULL, NULL, NULL, NULL, NULL, NULL, NULL, NULL)
INSERT [dbo].[cp_codigo_SRI] ([IdCodigo_SRI], [codigoSRI], [co_codigoBase], [co_descripcion], [co_porRetencion], [co_f_valides_desde], [co_f_valides_hasta], [co_estado], [IdTipoSRI], [IdUsuario], [Fecha_Transac], [IdUsuarioUltMod], [Fecha_UltMod], [IdUsuarioUltAnu], [Fecha_UltAnu], [nom_pc], [ip], [MotivoAnulacion]) VALUES (1130, N'519', N'519', N'Pago al exterior - Estudiantes', 22, datefromparts(2000,1,1), datefromparts(2050,12,31), N'A', N'COD_RET_FUE', N'admin', NULL, NULL, NULL, NULL, NULL, NULL, NULL, NULL)
INSERT [dbo].[cp_codigo_SRI] ([IdCodigo_SRI], [codigoSRI], [co_codigoBase], [co_descripcion], [co_porRetencion], [co_f_valides_desde], [co_f_valides_hasta], [co_estado], [IdTipoSRI], [IdUsuario], [Fecha_Transac], [IdUsuarioUltMod], [Fecha_UltMod], [IdUsuarioUltAnu], [Fecha_UltAnu], [nom_pc], [ip], [MotivoAnulacion]) VALUES (1131, N'520', N'520', N'Pago al exterior - Otros conceptos de ingresos gravados', 22, datefromparts(2000,1,1), datefromparts(2050,12,31), N'A', N'COD_RET_FUE', N'admin', NULL, NULL, NULL, NULL, NULL, NULL, NULL, NULL)
INSERT [dbo].[cp_codigo_SRI] ([IdCodigo_SRI], [codigoSRI], [co_codigoBase], [co_descripcion], [co_porRetencion], [co_f_valides_desde], [co_f_valides_hasta], [co_estado], [IdTipoSRI], [IdUsuario], [Fecha_Transac], [IdUsuarioUltMod], [Fecha_UltMod], [IdUsuarioUltAnu], [Fecha_UltAnu], [nom_pc], [ip], [MotivoAnulacion]) VALUES (1132, N'520A', N'520A', N'Pago al exterior - Pago a proveedores de servicios hoteleros y turísticos en el exterior', 22, datefromparts(2000,1,1), datefromparts(2050,12,31), N'A', N'COD_RET_FUE', N'admin', NULL, NULL, NULL, NULL, NULL, NULL, NULL, NULL)
GO
INSERT [dbo].[cp_codigo_SRI] ([IdCodigo_SRI], [codigoSRI], [co_codigoBase], [co_descripcion], [co_porRetencion], [co_f_valides_desde], [co_f_valides_hasta], [co_estado], [IdTipoSRI], [IdUsuario], [Fecha_Transac], [IdUsuarioUltMod], [Fecha_UltMod], [IdUsuarioUltAnu], [Fecha_UltAnu], [nom_pc], [ip], [MotivoAnulacion]) VALUES (1133, N'520B', N'520B', N'Pago al exterior - Arrendamientos mercantil internacional', 22, datefromparts(2000,1,1), datefromparts(2050,12,31), N'A', N'COD_RET_FUE', N'admin', NULL, NULL, NULL, NULL, NULL, NULL, NULL, NULL)
INSERT [dbo].[cp_codigo_SRI] ([IdCodigo_SRI], [codigoSRI], [co_codigoBase], [co_descripcion], [co_porRetencion], [co_f_valides_desde], [co_f_valides_hasta], [co_estado], [IdTipoSRI], [IdUsuario], [Fecha_Transac], [IdUsuarioUltMod], [Fecha_UltMod], [IdUsuarioUltAnu], [Fecha_UltAnu], [nom_pc], [ip], [MotivoAnulacion]) VALUES (1134, N'520D', N'520D', N'Pago al exterior - Comisiones por exportaciones y por promoción de turismo receptivo', 22, datefromparts(2000,1,1), datefromparts(2050,12,31), N'A', N'COD_RET_FUE', N'admin', NULL, NULL, NULL, NULL, NULL, NULL, NULL, NULL)
INSERT [dbo].[cp_codigo_SRI] ([IdCodigo_SRI], [codigoSRI], [co_codigoBase], [co_descripcion], [co_porRetencion], [co_f_valides_desde], [co_f_valides_hasta], [co_estado], [IdTipoSRI], [IdUsuario], [Fecha_Transac], [IdUsuarioUltMod], [Fecha_UltMod], [IdUsuarioUltAnu], [Fecha_UltAnu], [nom_pc], [ip], [MotivoAnulacion]) VALUES (1135, N'520E', N'520E', N'Pago al exterior - Por las empresas de transporte marítimo o aéreo y por empresas pesqueras de alta mar, por su actividad.', 22, datefromparts(2000,1,1), datefromparts(2050,12,31), N'A', N'COD_RET_FUE', N'admin', NULL, NULL, NULL, NULL, NULL, NULL, NULL, NULL)
INSERT [dbo].[cp_codigo_SRI] ([IdCodigo_SRI], [codigoSRI], [co_codigoBase], [co_descripcion], [co_porRetencion], [co_f_valides_desde], [co_f_valides_hasta], [co_estado], [IdTipoSRI], [IdUsuario], [Fecha_Transac], [IdUsuarioUltMod], [Fecha_UltMod], [IdUsuarioUltAnu], [Fecha_UltAnu], [nom_pc], [ip], [MotivoAnulacion]) VALUES (1136, N'520F', N'520F', N'Pago al exterior - Por las agencias internacionales de prensa', 22, datefromparts(2000,1,1), datefromparts(2050,12,31), N'A', N'COD_RET_FUE', N'admin', NULL, NULL, NULL, NULL, NULL, NULL, NULL, NULL)
INSERT [dbo].[cp_codigo_SRI] ([IdCodigo_SRI], [codigoSRI], [co_codigoBase], [co_descripcion], [co_porRetencion], [co_f_valides_desde], [co_f_valides_hasta], [co_estado], [IdTipoSRI], [IdUsuario], [Fecha_Transac], [IdUsuarioUltMod], [Fecha_UltMod], [IdUsuarioUltAnu], [Fecha_UltAnu], [nom_pc], [ip], [MotivoAnulacion]) VALUES (1137, N'520G', N'520G', N'Pago al exterior - Contratos de fletamento de naves para empresas de transporte aéreo o marítimo internacional', 22, datefromparts(2000,1,1), datefromparts(2050,12,31), N'A', N'COD_RET_FUE', N'admin', NULL, NULL, NULL, NULL, NULL, NULL, NULL, NULL)
INSERT [dbo].[cp_codigo_SRI] ([IdCodigo_SRI], [codigoSRI], [co_codigoBase], [co_descripcion], [co_porRetencion], [co_f_valides_desde], [co_f_valides_hasta], [co_estado], [IdTipoSRI], [IdUsuario], [Fecha_Transac], [IdUsuarioUltMod], [Fecha_UltMod], [IdUsuarioUltAnu], [Fecha_UltAnu], [nom_pc], [ip], [MotivoAnulacion]) VALUES (1138, N'521', N'521', N'Pago al exterior - Enajenación de derechos representativos de capital y otros derechos', 5, datefromparts(2000,1,1), datefromparts(2050,12,31), N'A', N'COD_RET_FUE', N'admin', NULL, NULL, NULL, NULL, NULL, NULL, NULL, NULL)
INSERT [dbo].[cp_codigo_SRI] ([IdCodigo_SRI], [codigoSRI], [co_codigoBase], [co_descripcion], [co_porRetencion], [co_f_valides_desde], [co_f_valides_hasta], [co_estado], [IdTipoSRI], [IdUsuario], [Fecha_Transac], [IdUsuarioUltMod], [Fecha_UltMod], [IdUsuarioUltAnu], [Fecha_UltAnu], [nom_pc], [ip], [MotivoAnulacion]) VALUES (1139, N'522A', N'522A', N'Pago al exterior - Servicios técnicos, administrativos o de consultoría y regalías con convenio de doble tributación ', 22, datefromparts(2000,1,1), datefromparts(2050,12,31), N'A', N'COD_RET_FUE', N'admin', NULL, NULL, NULL, NULL, NULL, NULL, NULL, NULL)
INSERT [dbo].[cp_codigo_SRI] ([IdCodigo_SRI], [codigoSRI], [co_codigoBase], [co_descripcion], [co_porRetencion], [co_f_valides_desde], [co_f_valides_hasta], [co_estado], [IdTipoSRI], [IdUsuario], [Fecha_Transac], [IdUsuarioUltMod], [Fecha_UltMod], [IdUsuarioUltAnu], [Fecha_UltAnu], [nom_pc], [ip], [MotivoAnulacion]) VALUES (1140, N'523A', N'523A', N'Pago al exterior - Seguros y reaseguros (primas y cesiones)  con convenio de doble tributación ', 22, datefromparts(2000,1,1), datefromparts(2050,12,31), N'A', N'COD_RET_FUE', N'admin', NULL, NULL, NULL, NULL, NULL, NULL, NULL, NULL)
INSERT [dbo].[cp_codigo_SRI] ([IdCodigo_SRI], [codigoSRI], [co_codigoBase], [co_descripcion], [co_porRetencion], [co_f_valides_desde], [co_f_valides_hasta], [co_estado], [IdTipoSRI], [IdUsuario], [Fecha_Transac], [IdUsuarioUltMod], [Fecha_UltMod], [IdUsuarioUltAnu], [Fecha_UltAnu], [nom_pc], [ip], [MotivoAnulacion]) VALUES (1141, N'524', N'524', N'Pago al exterior - Otros pagos al exterior no sujetos a retención  ', 22, datefromparts(2000,1,1), datefromparts(2050,12,31), N'A', N'COD_RET_FUE', N'admin', NULL, NULL, NULL, NULL, NULL, NULL, NULL, NULL)
INSERT [dbo].[cp_codigo_SRI] ([IdCodigo_SRI], [codigoSRI], [co_codigoBase], [co_descripcion], [co_porRetencion], [co_f_valides_desde], [co_f_valides_hasta], [co_estado], [IdTipoSRI], [IdUsuario], [Fecha_Transac], [IdUsuarioUltMod], [Fecha_UltMod], [IdUsuarioUltAnu], [Fecha_UltAnu], [nom_pc], [ip], [MotivoAnulacion]) VALUES (1142, N'525', N'525', N'Pago al exterior - Donaciones en dinero Impuesto a las donaciones', 100, datefromparts(2000,1,1), datefromparts(2050,12,31), N'A', N'COD_RET_FUE', N'admin', NULL, NULL, NULL, NULL, NULL, NULL, NULL, NULL)

INSERT [dbo].[ba_CatalogoTipo] ([IdTipoCatalogo], [tc_Descripcion]) VALUES (N'CAL_TAMOR', N'Metodo de Calculo Tabla de Amortizacion')
INSERT [dbo].[ba_CatalogoTipo] ([IdTipoCatalogo], [tc_Descripcion]) VALUES (N'EST_CB_BA', N'Estado de los Cbtes Bancarios')
INSERT [dbo].[ba_CatalogoTipo] ([IdTipoCatalogo], [tc_Descripcion]) VALUES (N'EST_CH', N'Estado de Cheques')
INSERT [dbo].[ba_CatalogoTipo] ([IdTipoCatalogo], [tc_Descripcion]) VALUES (N'EST_CONCI', N'Estado de Conciliacion Bancaria')
INSERT [dbo].[ba_CatalogoTipo] ([IdTipoCatalogo], [tc_Descripcion]) VALUES (N'EST_PAG', N'Estado de Pago')
INSERT [dbo].[ba_CatalogoTipo] ([IdTipoCatalogo], [tc_Descripcion]) VALUES (N'EST_PRE_CH', N'Estado Preaviso de Cheque')
INSERT [dbo].[ba_CatalogoTipo] ([IdTipoCatalogo], [tc_Descripcion]) VALUES (N'ESTFIL_BAN', N'Estado de Archivo Bancario')
INSERT [dbo].[ba_CatalogoTipo] ([IdTipoCatalogo], [tc_Descripcion]) VALUES (N'ESTFIL_REG', N'Estado de Registro de archivo Bancario')
INSERT [dbo].[ba_CatalogoTipo] ([IdTipoCatalogo], [tc_Descripcion]) VALUES (N'MOT_FIL_BA', N'Motivo de Archivo Plano bancario')
INSERT [dbo].[ba_CatalogoTipo] ([IdTipoCatalogo], [tc_Descripcion]) VALUES (N'MOT_PRE', N'Motivo de Prestamos')
INSERT [dbo].[ba_CatalogoTipo] ([IdTipoCatalogo], [tc_Descripcion]) VALUES (N'PER_PAG', N'Periodo de Pago')
INSERT [dbo].[ba_CatalogoTipo] ([IdTipoCatalogo], [tc_Descripcion]) VALUES (N'PROC_BAN', N'Procesos Bancarios')
INSERT [dbo].[ba_Catalogo] ([IdCatalogo], [IdTipoCatalogo], [ca_descripcion], [ca_estado], [IdUsuario], [Fecha_Transac], [IdUsuarioUltMod], [Fecha_UltMod], [nom_pc], [ip], [IdUsuarioUltAnu], [Fecha_UltAnu], [MotiAnula]) VALUES (N'0000562559', N'EST_PAG', N'POR CANCELAR', N'I', NULL, NULL, NULL, NULL, NULL, NULL, NULL, NULL, NULL)
INSERT [dbo].[ba_Catalogo] ([IdCatalogo], [IdTipoCatalogo], [ca_descripcion], [ca_estado], [IdUsuario], [Fecha_Transac], [IdUsuarioUltMod], [Fecha_UltMod], [nom_pc], [ip], [IdUsuarioUltAnu], [Fecha_UltAnu], [MotiAnula]) VALUES (N'0000562560', N'EST_PAG', N'POR PENDIENTE', N'I', NULL, NULL, NULL, NULL, NULL, NULL, NULL, NULL, NULL)
INSERT [dbo].[ba_Catalogo] ([IdCatalogo], [IdTipoCatalogo], [ca_descripcion], [ca_estado], [IdUsuario], [Fecha_Transac], [IdUsuarioUltMod], [Fecha_UltMod], [nom_pc], [ip], [IdUsuarioUltAnu], [Fecha_UltAnu], [MotiAnula]) VALUES (N'0000562566', N'EST_PAG', N'PENDIENTE', N'A', NULL, NULL, NULL, NULL, NULL, NULL, NULL, NULL, NULL)
INSERT [dbo].[ba_Catalogo] ([IdCatalogo], [IdTipoCatalogo], [ca_descripcion], [ca_estado], [IdUsuario], [Fecha_Transac], [IdUsuarioUltMod], [Fecha_UltMod], [nom_pc], [ip], [IdUsuarioUltAnu], [Fecha_UltAnu], [MotiAnula]) VALUES (N'0000562567', N'MOT_PRE', N'NEG', N'A', NULL, NULL, NULL, NULL, NULL, NULL, NULL, NULL, NULL)
INSERT [dbo].[ba_Catalogo] ([IdCatalogo], [IdTipoCatalogo], [ca_descripcion], [ca_estado], [IdUsuario], [Fecha_Transac], [IdUsuarioUltMod], [Fecha_UltMod], [nom_pc], [ip], [IdUsuarioUltAnu], [Fecha_UltAnu], [MotiAnula]) VALUES (N'0000562568', N'MOT_PRE', N'N', N'I', NULL, NULL, NULL, NULL, NULL, NULL, NULL, NULL, NULL)
INSERT [dbo].[ba_Catalogo] ([IdCatalogo], [IdTipoCatalogo], [ca_descripcion], [ca_estado], [IdUsuario], [Fecha_Transac], [IdUsuarioUltMod], [Fecha_UltMod], [nom_pc], [ip], [IdUsuarioUltAnu], [Fecha_UltAnu], [MotiAnula]) VALUES (N'0000562569', N'PER_PAG', N'SEMANAL', N'I', NULL, NULL, NULL, NULL, NULL, NULL, NULL, NULL, NULL)
INSERT [dbo].[ba_Catalogo] ([IdCatalogo], [IdTipoCatalogo], [ca_descripcion], [ca_estado], [IdUsuario], [Fecha_Transac], [IdUsuarioUltMod], [Fecha_UltMod], [nom_pc], [ip], [IdUsuarioUltAnu], [Fecha_UltAnu], [MotiAnula]) VALUES (N'0000562570', N'PER_PAG', N'SEMANAL 2', N'A', NULL, NULL, NULL, NULL, NULL, NULL, NULL, NULL, NULL)
INSERT [dbo].[ba_Catalogo] ([IdCatalogo], [IdTipoCatalogo], [ca_descripcion], [ca_estado], [IdUsuario], [Fecha_Transac], [IdUsuarioUltMod], [Fecha_UltMod], [nom_pc], [ip], [IdUsuarioUltAnu], [Fecha_UltAnu], [MotiAnula]) VALUES (N'0000562571', N'MOT_PRE', N'COMPRA DE ACTIVOS FIJOS', N'A', NULL, NULL, NULL, NULL, NULL, NULL, NULL, NULL, NULL)
INSERT [dbo].[ba_Catalogo] ([IdCatalogo], [IdTipoCatalogo], [ca_descripcion], [ca_estado], [IdUsuario], [Fecha_Transac], [IdUsuarioUltMod], [Fecha_UltMod], [nom_pc], [ip], [IdUsuarioUltAnu], [Fecha_UltAnu], [MotiAnula]) VALUES (N'0000562572', N'PER_PAG', N'TRIMESTRAL', N'A', NULL, NULL, NULL, NULL, NULL, NULL, NULL, NULL, NULL)
INSERT [dbo].[ba_Catalogo] ([IdCatalogo], [IdTipoCatalogo], [ca_descripcion], [ca_estado], [IdUsuario], [Fecha_Transac], [IdUsuarioUltMod], [Fecha_UltMod], [nom_pc], [ip], [IdUsuarioUltAnu], [Fecha_UltAnu], [MotiAnula]) VALUES (N'0071', N'PER_PAG', N'QUINCENAL', N'A', NULL, NULL, NULL, NULL, NULL, NULL, NULL, NULL, NULL)
INSERT [dbo].[ba_Catalogo] ([IdCatalogo], [IdTipoCatalogo], [ca_descripcion], [ca_estado], [IdUsuario], [Fecha_Transac], [IdUsuarioUltMod], [Fecha_UltMod], [nom_pc], [ip], [IdUsuarioUltAnu], [Fecha_UltAnu], [MotiAnula]) VALUES (N'ALE', N'CAL_TAMOR', N'ALEMAN', N'A', NULL, NULL, NULL, NULL, NULL, NULL, NULL, NULL, NULL)
INSERT [dbo].[ba_Catalogo] ([IdCatalogo], [IdTipoCatalogo], [ca_descripcion], [ca_estado], [IdUsuario], [Fecha_Transac], [IdUsuarioUltMod], [Fecha_UltMod], [nom_pc], [ip], [IdUsuarioUltAnu], [Fecha_UltAnu], [MotiAnula]) VALUES (N'ANU', N'EST_PAG', N'ANULADO', N'A', NULL, NULL, NULL, NULL, NULL, NULL, NULL, NULL, NULL)
INSERT [dbo].[ba_Catalogo] ([IdCatalogo], [IdTipoCatalogo], [ca_descripcion], [ca_estado], [IdUsuario], [Fecha_Transac], [IdUsuarioUltMod], [Fecha_UltMod], [nom_pc], [ip], [IdUsuarioUltAnu], [Fecha_UltAnu], [MotiAnula]) VALUES (N'CAN', N'EST_PAG', N'CANCELADO', N'A', NULL, NULL, NULL, NULL, NULL, NULL, NULL, NULL, NULL)
INSERT [dbo].[ba_Catalogo] ([IdCatalogo], [IdTipoCatalogo], [ca_descripcion], [ca_estado], [IdUsuario], [Fecha_Transac], [IdUsuarioUltMod], [Fecha_UltMod], [nom_pc], [ip], [IdUsuarioUltAnu], [Fecha_UltAnu], [MotiAnula]) VALUES (N'CONCILIADO', N'EST_CONCI', N'CONCILIADO', N'A', NULL, NULL, NULL, NULL, NULL, NULL, NULL, NULL, NULL)
INSERT [dbo].[ba_Catalogo] ([IdCatalogo], [IdTipoCatalogo], [ca_descripcion], [ca_estado], [IdUsuario], [Fecha_Transac], [IdUsuarioUltMod], [Fecha_UltMod], [nom_pc], [ip], [IdUsuarioUltAnu], [Fecha_UltAnu], [MotiAnula]) VALUES (N'ES_CH_PREAVISO_CH', N'EST_PRE_CH', N'PREAVISADO', N'A', NULL, NULL, NULL, NULL, NULL, NULL, NULL, NULL, NULL)
INSERT [dbo].[ba_Catalogo] ([IdCatalogo], [IdTipoCatalogo], [ca_descripcion], [ca_estado], [IdUsuario], [Fecha_Transac], [IdUsuarioUltMod], [Fecha_UltMod], [nom_pc], [ip], [IdUsuarioUltAnu], [Fecha_UltAnu], [MotiAnula]) VALUES (N'ES_CH_XPREAVISO_CH', N'EST_PRE_CH', N'X PREAVISAR', N'A', NULL, NULL, NULL, NULL, NULL, NULL, NULL, NULL, NULL)
INSERT [dbo].[ba_Catalogo] ([IdCatalogo], [IdTipoCatalogo], [ca_descripcion], [ca_estado], [IdUsuario], [Fecha_Transac], [IdUsuarioUltMod], [Fecha_UltMod], [nom_pc], [ip], [IdUsuarioUltAnu], [Fecha_UltAnu], [MotiAnula]) VALUES (N'ESTCBANU', N'EST_CB_BA', N'ANULADO', N'A', NULL, NULL, NULL, NULL, NULL, NULL, NULL, NULL, NULL)
INSERT [dbo].[ba_Catalogo] ([IdCatalogo], [IdTipoCatalogo], [ca_descripcion], [ca_estado], [IdUsuario], [Fecha_Transac], [IdUsuarioUltMod], [Fecha_UltMod], [nom_pc], [ip], [IdUsuarioUltAnu], [Fecha_UltAnu], [MotiAnula]) VALUES (N'ESTCBCOB', N'EST_CB_BA', N'COBRADO', N'A', NULL, NULL, NULL, NULL, NULL, NULL, NULL, NULL, NULL)
INSERT [dbo].[ba_Catalogo] ([IdCatalogo], [IdTipoCatalogo], [ca_descripcion], [ca_estado], [IdUsuario], [Fecha_Transac], [IdUsuarioUltMod], [Fecha_UltMod], [nom_pc], [ip], [IdUsuarioUltAnu], [Fecha_UltAnu], [MotiAnula]) VALUES (N'ESTCBEMI', N'EST_CB_BA', N'EMITIDO', N'A', NULL, NULL, NULL, NULL, NULL, NULL, NULL, NULL, NULL)
INSERT [dbo].[ba_Catalogo] ([IdCatalogo], [IdTipoCatalogo], [ca_descripcion], [ca_estado], [IdUsuario], [Fecha_Transac], [IdUsuarioUltMod], [Fecha_UltMod], [nom_pc], [ip], [IdUsuarioUltAnu], [Fecha_UltAnu], [MotiAnula]) VALUES (N'ESTCBENT', N'EST_CB_BA', N'ENTREGADO', N'A', NULL, NULL, NULL, NULL, NULL, NULL, NULL, NULL, NULL)
INSERT [dbo].[ba_Catalogo] ([IdCatalogo], [IdTipoCatalogo], [ca_descripcion], [ca_estado], [IdUsuario], [Fecha_Transac], [IdUsuarioUltMod], [Fecha_UltMod], [nom_pc], [ip], [IdUsuarioUltAnu], [Fecha_UltAnu], [MotiAnula]) VALUES (N'FIL_ACTUA', N'ESTFIL_BAN', N'ACTUALIZADO', N'A', NULL, NULL, NULL, NULL, NULL, NULL, NULL, NULL, NULL)
INSERT [dbo].[ba_Catalogo] ([IdCatalogo], [IdTipoCatalogo], [ca_descripcion], [ca_estado], [IdUsuario], [Fecha_Transac], [IdUsuarioUltMod], [Fecha_UltMod], [nom_pc], [ip], [IdUsuarioUltAnu], [Fecha_UltAnu], [MotiAnula]) VALUES (N'FIL_EMITID', N'ESTFIL_BAN', N'EMITIDO', N'A', NULL, NULL, NULL, NULL, NULL, NULL, NULL, NULL, NULL)
INSERT [dbo].[ba_Catalogo] ([IdCatalogo], [IdTipoCatalogo], [ca_descripcion], [ca_estado], [IdUsuario], [Fecha_Transac], [IdUsuarioUltMod], [Fecha_UltMod], [nom_pc], [ip], [IdUsuarioUltAnu], [Fecha_UltAnu], [MotiAnula]) VALUES (N'FRAN', N'CAL_TAMOR', N'FRANCES', N'A', NULL, NULL, NULL, NULL, NULL, NULL, NULL, NULL, NULL)
INSERT [dbo].[ba_Catalogo] ([IdCatalogo], [IdTipoCatalogo], [ca_descripcion], [ca_estado], [IdUsuario], [Fecha_Transac], [IdUsuarioUltMod], [Fecha_UltMod], [nom_pc], [ip], [IdUsuarioUltAnu], [Fecha_UltAnu], [MotiAnula]) VALUES (N'MEN', N'PER_PAG', N'MENSUAL', N'A', NULL, NULL, NULL, NULL, NULL, NULL, NULL, NULL, NULL)
INSERT [dbo].[ba_Catalogo] ([IdCatalogo], [IdTipoCatalogo], [ca_descripcion], [ca_estado], [IdUsuario], [Fecha_Transac], [IdUsuarioUltMod], [Fecha_UltMod], [nom_pc], [ip], [IdUsuarioUltAnu], [Fecha_UltAnu], [MotiAnula]) VALUES (N'MTFI_FIN', N'MOT_FIL_BA', N'Fin de Mes', N'A', NULL, NULL, NULL, NULL, NULL, NULL, NULL, NULL, NULL)
INSERT [dbo].[ba_Catalogo] ([IdCatalogo], [IdTipoCatalogo], [ca_descripcion], [ca_estado], [IdUsuario], [Fecha_Transac], [IdUsuarioUltMod], [Fecha_UltMod], [nom_pc], [ip], [IdUsuarioUltAnu], [Fecha_UltAnu], [MotiAnula]) VALUES (N'MTFI_PG_PV', N'MOT_FIL_BA', N'Pago Proveedores', N'A', NULL, NULL, NULL, NULL, NULL, NULL, NULL, NULL, NULL)
INSERT [dbo].[ba_Catalogo] ([IdCatalogo], [IdTipoCatalogo], [ca_descripcion], [ca_estado], [IdUsuario], [Fecha_Transac], [IdUsuarioUltMod], [Fecha_UltMod], [nom_pc], [ip], [IdUsuarioUltAnu], [Fecha_UltAnu], [MotiAnula]) VALUES (N'MTFI_Q', N'MOT_FIL_BA', N'Quincena', N'A', NULL, NULL, NULL, NULL, NULL, NULL, NULL, NULL, NULL)
INSERT [dbo].[ba_Catalogo] ([IdCatalogo], [IdTipoCatalogo], [ca_descripcion], [ca_estado], [IdUsuario], [Fecha_Transac], [IdUsuarioUltMod], [Fecha_UltMod], [nom_pc], [ip], [IdUsuarioUltAnu], [Fecha_UltAnu], [MotiAnula]) VALUES (N'MTFI_TRNS', N'MOT_FIL_BA', N'Transferencia', N'A', NULL, NULL, NULL, NULL, NULL, NULL, NULL, NULL, NULL)
INSERT [dbo].[ba_Catalogo] ([IdCatalogo], [IdTipoCatalogo], [ca_descripcion], [ca_estado], [IdUsuario], [Fecha_Transac], [IdUsuarioUltMod], [Fecha_UltMod], [nom_pc], [ip], [IdUsuarioUltAnu], [Fecha_UltAnu], [MotiAnula]) VALUES (N'OTR', N'MOT_PRE', N'OTROS', N'A', NULL, NULL, NULL, NULL, NULL, NULL, NULL, NULL, NULL)
INSERT [dbo].[ba_Catalogo] ([IdCatalogo], [IdTipoCatalogo], [ca_descripcion], [ca_estado], [IdUsuario], [Fecha_Transac], [IdUsuarioUltMod], [Fecha_UltMod], [nom_pc], [ip], [IdUsuarioUltAnu], [Fecha_UltAnu], [MotiAnula]) VALUES (N'PEN', N'EST_PAG', N'PENDIENTES', N'I', NULL, NULL, NULL, NULL, NULL, NULL, NULL, NULL, NULL)
INSERT [dbo].[ba_Catalogo] ([IdCatalogo], [IdTipoCatalogo], [ca_descripcion], [ca_estado], [IdUsuario], [Fecha_Transac], [IdUsuarioUltMod], [Fecha_UltMod], [nom_pc], [ip], [IdUsuarioUltAnu], [Fecha_UltAnu], [MotiAnula]) VALUES (N'PRE_CONCIL', N'EST_CONCI', N'PRECONCILIADO', N'A', NULL, NULL, NULL, NULL, NULL, NULL, NULL, NULL, NULL)
INSERT [dbo].[ba_Catalogo] ([IdCatalogo], [IdTipoCatalogo], [ca_descripcion], [ca_estado], [IdUsuario], [Fecha_Transac], [IdUsuarioUltMod], [Fecha_UltMod], [nom_pc], [ip], [IdUsuarioUltAnu], [Fecha_UltAnu], [MotiAnula]) VALUES (N'REG_COBR', N'ESTFIL_REG', N'COBRADO', N'A', NULL, NULL, NULL, NULL, NULL, NULL, NULL, NULL, NULL)
INSERT [dbo].[ba_Catalogo] ([IdCatalogo], [IdTipoCatalogo], [ca_descripcion], [ca_estado], [IdUsuario], [Fecha_Transac], [IdUsuarioUltMod], [Fecha_UltMod], [nom_pc], [ip], [IdUsuarioUltAnu], [Fecha_UltAnu], [MotiAnula]) VALUES (N'REG_CTANE', N'ESTFIL_REG', N'CUENTA NO EXISTE', N'A', NULL, NULL, NULL, NULL, NULL, NULL, NULL, NULL, NULL)
INSERT [dbo].[ba_Catalogo] ([IdCatalogo], [IdTipoCatalogo], [ca_descripcion], [ca_estado], [IdUsuario], [Fecha_Transac], [IdUsuarioUltMod], [Fecha_UltMod], [nom_pc], [ip], [IdUsuarioUltAnu], [Fecha_UltAnu], [MotiAnula]) VALUES (N'REG_EMITI', N'ESTFIL_REG', N'EMITIDO', N'A', NULL, NULL, NULL, NULL, NULL, NULL, NULL, NULL, NULL)
INSERT [dbo].[ba_Catalogo] ([IdCatalogo], [IdTipoCatalogo], [ca_descripcion], [ca_estado], [IdUsuario], [Fecha_Transac], [IdUsuarioUltMod], [Fecha_UltMod], [nom_pc], [ip], [IdUsuarioUltAnu], [Fecha_UltAnu], [MotiAnula]) VALUES (N'REG_PEND', N'ESTFIL_REG', N'PENDIENTE', N'A', NULL, NULL, NULL, NULL, NULL, NULL, NULL, NULL, NULL)
INSERT [dbo].[ba_Catalogo] ([IdCatalogo], [IdTipoCatalogo], [ca_descripcion], [ca_estado], [IdUsuario], [Fecha_Transac], [IdUsuarioUltMod], [Fecha_UltMod], [nom_pc], [ip], [IdUsuarioUltAnu], [Fecha_UltAnu], [MotiAnula]) VALUES (N'REG_PROK', N'ESTFIL_REG', N'PROCESO OK', N'A', NULL, NULL, NULL, NULL, NULL, NULL, NULL, NULL, NULL)

INSERT [dbo].[seg_Menu] ([IdMenu], [IdMenuPadre], [DescripcionMenu], [PosicionMenu], [Habilitado], [Tiene_FormularioAsociado], [nom_Formulario], [nom_Asembly], [nivel], [web_nom_Area], [web_nom_Controller], [web_nom_Action], [es_web], [es_desktop]) VALUES (5, 0, N'Contabilidad', 4, 1, 0, N'', N'Core.Erp.Winform.exe', 0, NULL, N'', NULL, 1, 1)
INSERT [dbo].[seg_Menu] ([IdMenu], [IdMenuPadre], [DescripcionMenu], [PosicionMenu], [Habilitado], [Tiene_FormularioAsociado], [nom_Formulario], [nom_Asembly], [nivel], [web_nom_Area], [web_nom_Controller], [web_nom_Action], [es_web], [es_desktop]) VALUES (6, 5, N'Mantenimientos', 1, 1, 0, N'', N'Core.Erp.Winform.exe', 0, NULL, N'', NULL, 1, 1)
INSERT [dbo].[seg_Menu] ([IdMenu], [IdMenuPadre], [DescripcionMenu], [PosicionMenu], [Habilitado], [Tiene_FormularioAsociado], [nom_Formulario], [nom_Asembly], [nivel], [web_nom_Area], [web_nom_Controller], [web_nom_Action], [es_web], [es_desktop]) VALUES (9, 6, N'Plan de cuentas', 1, 1, 1, N'Contabilidad.frmCon_PlanCuenta_Consulta', N'Core.Erp.Winform.exe', 0, N'Contabilidad', N'PlanDeCuentas', N'Index', 1, 1)
INSERT [dbo].[seg_Menu] ([IdMenu], [IdMenuPadre], [DescripcionMenu], [PosicionMenu], [Habilitado], [Tiene_FormularioAsociado], [nom_Formulario], [nom_Asembly], [nivel], [web_nom_Area], [web_nom_Controller], [web_nom_Action], [es_web], [es_desktop]) VALUES (11, 0, N'Cuentas por cobrar', 7, 1, 0, N'', N'Core.Erp.Winform.exe', 0, NULL, N'', NULL, 1, 1)
INSERT [dbo].[seg_Menu] ([IdMenu], [IdMenuPadre], [DescripcionMenu], [PosicionMenu], [Habilitado], [Tiene_FormularioAsociado], [nom_Formulario], [nom_Asembly], [nivel], [web_nom_Area], [web_nom_Controller], [web_nom_Action], [es_web], [es_desktop]) VALUES (16, 5, N'Transacciones ', 2, 1, 0, N'', N'Core.Erp.Winform.exe', 0, NULL, N'', NULL, 1, 1)
INSERT [dbo].[seg_Menu] ([IdMenu], [IdMenuPadre], [DescripcionMenu], [PosicionMenu], [Habilitado], [Tiene_FormularioAsociado], [nom_Formulario], [nom_Asembly], [nivel], [web_nom_Area], [web_nom_Controller], [web_nom_Action], [es_web], [es_desktop]) VALUES (17, 16, N'Comprobantes Contables', 2, 1, 1, N'Contabilidad.frmCon_CbteCble_Consulta', N'Core.Erp.Winform.exe', 0, N'Contabilidad', N'ComprobanteContable', N'Index', 1, 1)
INSERT [dbo].[seg_Menu] ([IdMenu], [IdMenuPadre], [DescripcionMenu], [PosicionMenu], [Habilitado], [Tiene_FormularioAsociado], [nom_Formulario], [nom_Asembly], [nivel], [web_nom_Area], [web_nom_Controller], [web_nom_Action], [es_web], [es_desktop]) VALUES (20, 5, N'Procesos', 3, 1, 0, N'', N'Core.Erp.Winform.exe', 0, NULL, N'', NULL, 1, 1)
INSERT [dbo].[seg_Menu] ([IdMenu], [IdMenuPadre], [DescripcionMenu], [PosicionMenu], [Habilitado], [Tiene_FormularioAsociado], [nom_Formulario], [nom_Asembly], [nivel], [web_nom_Area], [web_nom_Controller], [web_nom_Action], [es_web], [es_desktop]) VALUES (28, 0, N'Seguridad y Acceso', 0, 1, 0, N' ', N' ', 0, NULL, N'', NULL, 1, 1)
INSERT [dbo].[seg_Menu] ([IdMenu], [IdMenuPadre], [DescripcionMenu], [PosicionMenu], [Habilitado], [Tiene_FormularioAsociado], [nom_Formulario], [nom_Asembly], [nivel], [web_nom_Area], [web_nom_Controller], [web_nom_Action], [es_web], [es_desktop]) VALUES (29, 28, N'Mantenimientos', 0, 1, 0, N' ', N' ', 1, NULL, N'', NULL, 1, 1)
INSERT [dbo].[seg_Menu] ([IdMenu], [IdMenuPadre], [DescripcionMenu], [PosicionMenu], [Habilitado], [Tiene_FormularioAsociado], [nom_Formulario], [nom_Asembly], [nivel], [web_nom_Area], [web_nom_Controller], [web_nom_Action], [es_web], [es_desktop]) VALUES (37, 0, N'Inventario', 3, 1, 0, N'', N'Core.Erp.Winform.exe', 0, NULL, N'', NULL, 1, 1)
INSERT [dbo].[seg_Menu] ([IdMenu], [IdMenuPadre], [DescripcionMenu], [PosicionMenu], [Habilitado], [Tiene_FormularioAsociado], [nom_Formulario], [nom_Asembly], [nivel], [web_nom_Area], [web_nom_Controller], [web_nom_Action], [es_web], [es_desktop]) VALUES (38, 37, N'Mantenimientos', 1, 1, 0, N'', N'Core.Erp.Winform.exe', 0, NULL, N'', NULL, 1, 1)
INSERT [dbo].[seg_Menu] ([IdMenu], [IdMenuPadre], [DescripcionMenu], [PosicionMenu], [Habilitado], [Tiene_FormularioAsociado], [nom_Formulario], [nom_Asembly], [nivel], [web_nom_Area], [web_nom_Controller], [web_nom_Action], [es_web], [es_desktop]) VALUES (39, 37, N'Procesos', 3, 1, 0, N'', N'Core.Erp.Winform.exe', 0, NULL, N'', NULL, 1, 1)
INSERT [dbo].[seg_Menu] ([IdMenu], [IdMenuPadre], [DescripcionMenu], [PosicionMenu], [Habilitado], [Tiene_FormularioAsociado], [nom_Formulario], [nom_Asembly], [nivel], [web_nom_Area], [web_nom_Controller], [web_nom_Action], [es_web], [es_desktop]) VALUES (40, 37, N'Transacciones', 2, 1, 0, N'', N'Core.Erp.Winform.exe', 0, NULL, N'', NULL, 1, 1)
INSERT [dbo].[seg_Menu] ([IdMenu], [IdMenuPadre], [DescripcionMenu], [PosicionMenu], [Habilitado], [Tiene_FormularioAsociado], [nom_Formulario], [nom_Asembly], [nivel], [web_nom_Area], [web_nom_Controller], [web_nom_Action], [es_web], [es_desktop]) VALUES (42, 0, N'Bancos ', 9, 1, 0, N'', N'Core.Erp.Winform.exe', 0, NULL, N'', NULL, 1, 1)
INSERT [dbo].[seg_Menu] ([IdMenu], [IdMenuPadre], [DescripcionMenu], [PosicionMenu], [Habilitado], [Tiene_FormularioAsociado], [nom_Formulario], [nom_Asembly], [nivel], [web_nom_Area], [web_nom_Controller], [web_nom_Action], [es_web], [es_desktop]) VALUES (45, 42, N'Transaciones', 2, 1, 0, N'', N'Core.Erp.Winform.exe', 0, NULL, N'', NULL, 1, 1)
INSERT [dbo].[seg_Menu] ([IdMenu], [IdMenuPadre], [DescripcionMenu], [PosicionMenu], [Habilitado], [Tiene_FormularioAsociado], [nom_Formulario], [nom_Asembly], [nivel], [web_nom_Area], [web_nom_Controller], [web_nom_Action], [es_web], [es_desktop]) VALUES (46, 0, N'Facturacion', 6, 1, 0, N'', N'Core.Erp.Winform.exe', 0, NULL, N'', NULL, 1, 1)
INSERT [dbo].[seg_Menu] ([IdMenu], [IdMenuPadre], [DescripcionMenu], [PosicionMenu], [Habilitado], [Tiene_FormularioAsociado], [nom_Formulario], [nom_Asembly], [nivel], [web_nom_Area], [web_nom_Controller], [web_nom_Action], [es_web], [es_desktop]) VALUES (47, 46, N'Mantenimientos', 0, 1, 0, N'', N'Core.Erp.Winform.exe', 0, NULL, N'', NULL, 1, 1)
INSERT [dbo].[seg_Menu] ([IdMenu], [IdMenuPadre], [DescripcionMenu], [PosicionMenu], [Habilitado], [Tiene_FormularioAsociado], [nom_Formulario], [nom_Asembly], [nivel], [web_nom_Area], [web_nom_Controller], [web_nom_Action], [es_web], [es_desktop]) VALUES (48, 47, N'Vendedor', 3, 1, 1, N'Facturacion.frmFa_Vendedor_cons', N'Core.Erp.Winform.exe', 0, N'Facturacion', N'Vendedor', N'Index', 1, 1)
INSERT [dbo].[seg_Menu] ([IdMenu], [IdMenuPadre], [DescripcionMenu], [PosicionMenu], [Habilitado], [Tiene_FormularioAsociado], [nom_Formulario], [nom_Asembly], [nivel], [web_nom_Area], [web_nom_Controller], [web_nom_Action], [es_web], [es_desktop]) VALUES (49, 47, N'Motivo de nota de crédito y débito', 2, 1, 1, N'Facturacion.frmFa_TipoNota_consu', N'Core.Erp.Winform.exe', 0, N'Facturacion', N'TipoNota', N'Index', 1, 1)
INSERT [dbo].[seg_Menu] ([IdMenu], [IdMenuPadre], [DescripcionMenu], [PosicionMenu], [Habilitado], [Tiene_FormularioAsociado], [nom_Formulario], [nom_Asembly], [nivel], [web_nom_Area], [web_nom_Controller], [web_nom_Action], [es_web], [es_desktop]) VALUES (50, 0, N'Cuentas por Pagar', 8, 1, 0, N'', N'Core.Erp.Winform.exe', NULL, NULL, N'', NULL, 1, 1)
INSERT [dbo].[seg_Menu] ([IdMenu], [IdMenuPadre], [DescripcionMenu], [PosicionMenu], [Habilitado], [Tiene_FormularioAsociado], [nom_Formulario], [nom_Asembly], [nivel], [web_nom_Area], [web_nom_Controller], [web_nom_Action], [es_web], [es_desktop]) VALUES (51, 50, N'Mantenimientos', 1, 1, 0, N'', N'Core.Erp.Winform.exe', NULL, NULL, N'', NULL, 1, 1)
INSERT [dbo].[seg_Menu] ([IdMenu], [IdMenuPadre], [DescripcionMenu], [PosicionMenu], [Habilitado], [Tiene_FormularioAsociado], [nom_Formulario], [nom_Asembly], [nivel], [web_nom_Area], [web_nom_Controller], [web_nom_Action], [es_web], [es_desktop]) VALUES (52, 51, N'Proveedores', 2, 1, 1, N'CuentasxPagar.frmCP_ProveedorConsulta', N'Core.Erp.Winform.exe', 0, N'CuentasPorPagar', N'Proveedor', N'Index', 1, 1)
INSERT [dbo].[seg_Menu] ([IdMenu], [IdMenuPadre], [DescripcionMenu], [PosicionMenu], [Habilitado], [Tiene_FormularioAsociado], [nom_Formulario], [nom_Asembly], [nivel], [web_nom_Area], [web_nom_Controller], [web_nom_Action], [es_web], [es_desktop]) VALUES (53, 51, N'Codigos Para Declaracion al SRI', 3, 1, 1, N'CuentasxPagar.frmCP_codigoSRIConsulta', N'Core.Erp.Winform.exe', 0, N'CuentasPorPagar', N'TipoCodigoSRI', N'Index', 1, 1)
INSERT [dbo].[seg_Menu] ([IdMenu], [IdMenuPadre], [DescripcionMenu], [PosicionMenu], [Habilitado], [Tiene_FormularioAsociado], [nom_Formulario], [nom_Asembly], [nivel], [web_nom_Area], [web_nom_Controller], [web_nom_Action], [es_web], [es_desktop]) VALUES (55, 47, N'Clientes', 1, 1, 1, N'Facturacion.frmFa_Clientes_consul', N'Core.Erp.Winform.exe', 0, N'Facturacion', N'Cliente', N'Index', 1, 1)
INSERT [dbo].[seg_Menu] ([IdMenu], [IdMenuPadre], [DescripcionMenu], [PosicionMenu], [Habilitado], [Tiene_FormularioAsociado], [nom_Formulario], [nom_Asembly], [nivel], [web_nom_Area], [web_nom_Controller], [web_nom_Action], [es_web], [es_desktop]) VALUES (58, 38, N'Productos', 3, 1, 1, N'Inventario.FrmIn_Producto_Cons', N'Core.Erp.Winform.exe', 0, N'Inventario', N'Producto', N'Index', 1, 1)
INSERT [dbo].[seg_Menu] ([IdMenu], [IdMenuPadre], [DescripcionMenu], [PosicionMenu], [Habilitado], [Tiene_FormularioAsociado], [nom_Formulario], [nom_Asembly], [nivel], [web_nom_Area], [web_nom_Controller], [web_nom_Action], [es_web], [es_desktop]) VALUES (59, 38, N'Tipo producto', 4, 1, 1, N'Inventario.FrmIn_ProductoTipo_Consu', N'Core.Erp.Winform.exe', 0, N'Inventario', N'ProductoTipo', N'Index', 1, 1)
INSERT [dbo].[seg_Menu] ([IdMenu], [IdMenuPadre], [DescripcionMenu], [PosicionMenu], [Habilitado], [Tiene_FormularioAsociado], [nom_Formulario], [nom_Asembly], [nivel], [web_nom_Area], [web_nom_Controller], [web_nom_Action], [es_web], [es_desktop]) VALUES (60, 38, N'Categorías de productos', 5, 1, 1, N'Inventario.FrmIn_Categoria_Cons', N'Core.Erp.Winform.exe', 0, N'Inventario', N'Categoria', N'Index', 1, 1)
INSERT [dbo].[seg_Menu] ([IdMenu], [IdMenuPadre], [DescripcionMenu], [PosicionMenu], [Habilitado], [Tiene_FormularioAsociado], [nom_Formulario], [nom_Asembly], [nivel], [web_nom_Area], [web_nom_Controller], [web_nom_Action], [es_web], [es_desktop]) VALUES (61, 38, N'Familia', 6, 1, 1, N'Inventario.FrmIn_Marca_Cons', N'Core.Erp.Winform.exe', 0, N'Inventario', N'Marca', N'Index', 1, 1)
INSERT [dbo].[seg_Menu] ([IdMenu], [IdMenuPadre], [DescripcionMenu], [PosicionMenu], [Habilitado], [Tiene_FormularioAsociado], [nom_Formulario], [nom_Asembly], [nivel], [web_nom_Area], [web_nom_Controller], [web_nom_Action], [es_web], [es_desktop]) VALUES (63, 38, N'Tipo de movimiento', 9, 1, 1, N'Inventario.frmIn_Tipo_Movi_Inven_Consulta', N'Core.Erp.Winform.exe', 0, N'Inventario', N'TipoMovimiento', N'Index', 1, 1)
INSERT [dbo].[seg_Menu] ([IdMenu], [IdMenuPadre], [DescripcionMenu], [PosicionMenu], [Habilitado], [Tiene_FormularioAsociado], [nom_Formulario], [nom_Asembly], [nivel], [web_nom_Area], [web_nom_Controller], [web_nom_Action], [es_web], [es_desktop]) VALUES (64, 0, N'Activo Fijo', 17, 1, 0, N'', N'Core.Erp.Winform.exe', 0, NULL, N'', NULL, 1, 1)
INSERT [dbo].[seg_Menu] ([IdMenu], [IdMenuPadre], [DescripcionMenu], [PosicionMenu], [Habilitado], [Tiene_FormularioAsociado], [nom_Formulario], [nom_Asembly], [nivel], [web_nom_Area], [web_nom_Controller], [web_nom_Action], [es_web], [es_desktop]) VALUES (65, 64, N'Mantenimientos', 0, 1, 0, N'', N'Core.Erp.Winform.exe', 0, NULL, N'', NULL, 1, 1)
INSERT [dbo].[seg_Menu] ([IdMenu], [IdMenuPadre], [DescripcionMenu], [PosicionMenu], [Habilitado], [Tiene_FormularioAsociado], [nom_Formulario], [nom_Asembly], [nivel], [web_nom_Area], [web_nom_Controller], [web_nom_Action], [es_web], [es_desktop]) VALUES (66, 65, N'Activo Fijo', 0, 1, 1, N'ActivoFijo.frmAF_ActivoFijo_General', N'Core.Erp.Winform.exe', 2, N'ActivoFijo', N'ActivoFijo', N'Index', 1, 1)
INSERT [dbo].[seg_Menu] ([IdMenu], [IdMenuPadre], [DescripcionMenu], [PosicionMenu], [Habilitado], [Tiene_FormularioAsociado], [nom_Formulario], [nom_Asembly], [nivel], [web_nom_Area], [web_nom_Controller], [web_nom_Action], [es_web], [es_desktop]) VALUES (73, 46, N'Transacciones', 0, 1, 0, N'', N'Core.Erp.Winform.exe', 0, NULL, N'', NULL, 1, 1)
INSERT [dbo].[seg_Menu] ([IdMenu], [IdMenuPadre], [DescripcionMenu], [PosicionMenu], [Habilitado], [Tiene_FormularioAsociado], [nom_Formulario], [nom_Asembly], [nivel], [web_nom_Area], [web_nom_Controller], [web_nom_Action], [es_web], [es_desktop]) VALUES (75, 42, N'Mantenimientos', 1, 1, 0, N'', N'Core.Erp.Winform.exe', 0, NULL, N'', NULL, 1, 1)
INSERT [dbo].[seg_Menu] ([IdMenu], [IdMenuPadre], [DescripcionMenu], [PosicionMenu], [Habilitado], [Tiene_FormularioAsociado], [nom_Formulario], [nom_Asembly], [nivel], [web_nom_Area], [web_nom_Controller], [web_nom_Action], [es_web], [es_desktop]) VALUES (76, 75, N'Cuentas Bancarias ', 0, 1, 1, N'Bancos.FrmBA_Banco_Cuenta', N'Core.Erp.Winform.exe', 0, N'Banco', N'BancoCuenta', N'Index', 1, 1)
INSERT [dbo].[seg_Menu] ([IdMenu], [IdMenuPadre], [DescripcionMenu], [PosicionMenu], [Habilitado], [Tiene_FormularioAsociado], [nom_Formulario], [nom_Asembly], [nivel], [web_nom_Area], [web_nom_Controller], [web_nom_Action], [es_web], [es_desktop]) VALUES (77, 50, N'Transacciones', 2, 1, 0, N'', N'Core.Erp.Winform.exe', NULL, NULL, N'', NULL, 1, 1)
INSERT [dbo].[seg_Menu] ([IdMenu], [IdMenuPadre], [DescripcionMenu], [PosicionMenu], [Habilitado], [Tiene_FormularioAsociado], [nom_Formulario], [nom_Asembly], [nivel], [web_nom_Area], [web_nom_Controller], [web_nom_Action], [es_web], [es_desktop]) VALUES (78, 77, N'Facturas Por Proveedor', 1, 1, 1, N'CuentasxPagar.frmCP_OrdenGiroConsulta', N'Core.Erp.Winform.exe', 0, N'CuentasPorPagar', N'Deudas', N'Index', 1, 1)
INSERT [dbo].[seg_Menu] ([IdMenu], [IdMenuPadre], [DescripcionMenu], [PosicionMenu], [Habilitado], [Tiene_FormularioAsociado], [nom_Formulario], [nom_Asembly], [nivel], [web_nom_Area], [web_nom_Controller], [web_nom_Action], [es_web], [es_desktop]) VALUES (79, 40, N'Ajuste de Inventario', 0, 1, 1, N'Inventario.FrmIn_Ajuste_Inventario_Cons', N'Core.Erp.Winform.exe', 0, N'Inventario', N'AjusteFisicoInventario', N'Index', 1, 0)
INSERT [dbo].[seg_Menu] ([IdMenu], [IdMenuPadre], [DescripcionMenu], [PosicionMenu], [Habilitado], [Tiene_FormularioAsociado], [nom_Formulario], [nom_Asembly], [nivel], [web_nom_Area], [web_nom_Controller], [web_nom_Action], [es_web], [es_desktop]) VALUES (80, 0, N'Recursos Humanos', 15, 1, 0, N'', N'Core.Erp.Winform.exe', NULL, NULL, N'', NULL, 1, 1)
INSERT [dbo].[seg_Menu] ([IdMenu], [IdMenuPadre], [DescripcionMenu], [PosicionMenu], [Habilitado], [Tiene_FormularioAsociado], [nom_Formulario], [nom_Asembly], [nivel], [web_nom_Area], [web_nom_Controller], [web_nom_Action], [es_web], [es_desktop]) VALUES (81, 80, N'Mantenimientos', 0, 1, 0, N'', N'Core.Erp.Winform.exe', NULL, NULL, N'', NULL, 1, 1)
INSERT [dbo].[seg_Menu] ([IdMenu], [IdMenuPadre], [DescripcionMenu], [PosicionMenu], [Habilitado], [Tiene_FormularioAsociado], [nom_Formulario], [nom_Asembly], [nivel], [web_nom_Area], [web_nom_Controller], [web_nom_Action], [es_web], [es_desktop]) VALUES (82, 81, N'Empleado', 35, 1, 1, N'Roles.frmRo_Empleado_Cons', N'Core.Erp.Winform.exe', 0, N'RRHH', N'Empleado', N'Index', 1, 1)
INSERT [dbo].[seg_Menu] ([IdMenu], [IdMenuPadre], [DescripcionMenu], [PosicionMenu], [Habilitado], [Tiene_FormularioAsociado], [nom_Formulario], [nom_Asembly], [nivel], [web_nom_Area], [web_nom_Controller], [web_nom_Action], [es_web], [es_desktop]) VALUES (85, 40, N'Transferencia Inventario', 0, 1, 1, N'Inventario.FrmIn_Transferencia_Consulta', N'Core.Erp.Winform.exe', 0, N'Inventario', N'TransferenciasInventario', N'Index', 1, 1)
INSERT [dbo].[seg_Menu] ([IdMenu], [IdMenuPadre], [DescripcionMenu], [PosicionMenu], [Habilitado], [Tiene_FormularioAsociado], [nom_Formulario], [nom_Asembly], [nivel], [web_nom_Area], [web_nom_Controller], [web_nom_Action], [es_web], [es_desktop]) VALUES (86, 0, N'Importacion', 10, 1, 0, N'', N'Core.Erp.Winform.exe', 0, NULL, N'', NULL, 1, 1)
INSERT [dbo].[seg_Menu] ([IdMenu], [IdMenuPadre], [DescripcionMenu], [PosicionMenu], [Habilitado], [Tiene_FormularioAsociado], [nom_Formulario], [nom_Asembly], [nivel], [web_nom_Area], [web_nom_Controller], [web_nom_Action], [es_web], [es_desktop]) VALUES (87, 86, N'Mantenimientos', 0, 1, 0, N'', N'Core.Erp.Winform.exe', 0, NULL, N'', NULL, 1, 1)
INSERT [dbo].[seg_Menu] ([IdMenu], [IdMenuPadre], [DescripcionMenu], [PosicionMenu], [Habilitado], [Tiene_FormularioAsociado], [nom_Formulario], [nom_Asembly], [nivel], [web_nom_Area], [web_nom_Controller], [web_nom_Action], [es_web], [es_desktop]) VALUES (89, 86, N'Transacciones', 0, 1, 0, N'', N'Core.Erp.Winform.exe', 0, NULL, N'', NULL, 1, 1)
INSERT [dbo].[seg_Menu] ([IdMenu], [IdMenuPadre], [DescripcionMenu], [PosicionMenu], [Habilitado], [Tiene_FormularioAsociado], [nom_Formulario], [nom_Asembly], [nivel], [web_nom_Area], [web_nom_Controller], [web_nom_Action], [es_web], [es_desktop]) VALUES (92, 75, N'Parámetros de bancos', 0, 1, 1, N'Bancos.FrmBA_Banco_Parametros', N'Core.Erp.Winform.exe', 0, N'Banco', N'ParametroBanco', N'Index', 1, 1)
INSERT [dbo].[seg_Menu] ([IdMenu], [IdMenuPadre], [DescripcionMenu], [PosicionMenu], [Habilitado], [Tiene_FormularioAsociado], [nom_Formulario], [nom_Asembly], [nivel], [web_nom_Area], [web_nom_Controller], [web_nom_Action], [es_web], [es_desktop]) VALUES (95, 0, N'Caja', 11, 1, 0, N'', N'Core.Erp.Winform.exe', 0, NULL, N'', NULL, 1, 1)
INSERT [dbo].[seg_Menu] ([IdMenu], [IdMenuPadre], [DescripcionMenu], [PosicionMenu], [Habilitado], [Tiene_FormularioAsociado], [nom_Formulario], [nom_Asembly], [nivel], [web_nom_Area], [web_nom_Controller], [web_nom_Action], [es_web], [es_desktop]) VALUES (96, 95, N'Mantenimientos', 1, 1, 0, N'', N'Core.Erp.Winform.exe', 0, NULL, N'', NULL, 1, 1)
INSERT [dbo].[seg_Menu] ([IdMenu], [IdMenuPadre], [DescripcionMenu], [PosicionMenu], [Habilitado], [Tiene_FormularioAsociado], [nom_Formulario], [nom_Asembly], [nivel], [web_nom_Area], [web_nom_Controller], [web_nom_Action], [es_web], [es_desktop]) VALUES (97, 95, N'Transacciones', 2, 1, 0, N'', N'Core.Erp.Winform.exe', 0, NULL, N'', NULL, 1, 1)
INSERT [dbo].[seg_Menu] ([IdMenu], [IdMenuPadre], [DescripcionMenu], [PosicionMenu], [Habilitado], [Tiene_FormularioAsociado], [nom_Formulario], [nom_Asembly], [nivel], [web_nom_Area], [web_nom_Controller], [web_nom_Action], [es_web], [es_desktop]) VALUES (98, 96, N'Tipo Movimiento', 1, 1, 1, N'Caja.FrmCa_caj_Caja_MoviTipoConsulta', N'Core.Erp.Winform.exe', 0, N'Caja', N'TipoMovimientoCaja', N'Index', 1, 1)
INSERT [dbo].[seg_Menu] ([IdMenu], [IdMenuPadre], [DescripcionMenu], [PosicionMenu], [Habilitado], [Tiene_FormularioAsociado], [nom_Formulario], [nom_Asembly], [nivel], [web_nom_Area], [web_nom_Controller], [web_nom_Action], [es_web], [es_desktop]) VALUES (99, 96, N'Caja', 2, 1, 1, N'Caja.FrmCa_CajaConsulta', N'Core.Erp.Winform.exe', 0, N'Caja', N'Caja', N'Index', 1, 1)
INSERT [dbo].[seg_Menu] ([IdMenu], [IdMenuPadre], [DescripcionMenu], [PosicionMenu], [Habilitado], [Tiene_FormularioAsociado], [nom_Formulario], [nom_Asembly], [nivel], [web_nom_Area], [web_nom_Controller], [web_nom_Action], [es_web], [es_desktop]) VALUES (100, 97, N'(+) Ingreso de caja', 1, 1, 1, N'Caja.FrmCa_Caja_MovimientoConsulta_Ingreso', N'Core.Erp.Winform.exe', 0, N'Caja', N'CajaMovimientoIngreso', N'Index', 1, 1)
INSERT [dbo].[seg_Menu] ([IdMenu], [IdMenuPadre], [DescripcionMenu], [PosicionMenu], [Habilitado], [Tiene_FormularioAsociado], [nom_Formulario], [nom_Asembly], [nivel], [web_nom_Area], [web_nom_Controller], [web_nom_Action], [es_web], [es_desktop]) VALUES (102, 45, N'Depósito', 2, 1, 1, N'Bancos.frmBA_DespositoBancarioConsulta', N'Core.Erp.Winform.exe', 0, N'Banco', N'DepositoBanco', N'Index', 1, 1)
INSERT [dbo].[seg_Menu] ([IdMenu], [IdMenuPadre], [DescripcionMenu], [PosicionMenu], [Habilitado], [Tiene_FormularioAsociado], [nom_Formulario], [nom_Asembly], [nivel], [web_nom_Area], [web_nom_Controller], [web_nom_Action], [es_web], [es_desktop]) VALUES (118, 96, N'Parametros', 0, 1, 1, N'Caja.FrmCa_Parametros', N'Core.Erp.Winform.exe', 0, N'Caja', N'ParametroCaja', N'Index', 1, 1)
INSERT [dbo].[seg_Menu] ([IdMenu], [IdMenuPadre], [DescripcionMenu], [PosicionMenu], [Habilitado], [Tiene_FormularioAsociado], [nom_Formulario], [nom_Asembly], [nivel], [web_nom_Area], [web_nom_Controller], [web_nom_Action], [es_web], [es_desktop]) VALUES (121, 45, N'Cheque', 1, 1, 1, N'Bancos.FrmBA_Cheques_Consul', N'Core.Erp.Winform.exe', 0, N'Banco', N'ChequeBanco', N'Index', 1, 1)
INSERT [dbo].[seg_Menu] ([IdMenu], [IdMenuPadre], [DescripcionMenu], [PosicionMenu], [Habilitado], [Tiene_FormularioAsociado], [nom_Formulario], [nom_Asembly], [nivel], [web_nom_Area], [web_nom_Controller], [web_nom_Action], [es_web], [es_desktop]) VALUES (122, 11, N'Mantenimientos', 0, 1, 0, N'', N'Core.Erp.Winform.exe', 0, NULL, N'', NULL, 1, 1)
INSERT [dbo].[seg_Menu] ([IdMenu], [IdMenuPadre], [DescripcionMenu], [PosicionMenu], [Habilitado], [Tiene_FormularioAsociado], [nom_Formulario], [nom_Asembly], [nivel], [web_nom_Area], [web_nom_Controller], [web_nom_Action], [es_web], [es_desktop]) VALUES (123, 11, N'Transacciones', 0, 1, 0, N'', N'Core.Erp.Winform.exe', 0, NULL, N'', NULL, 1, 1)
INSERT [dbo].[seg_Menu] ([IdMenu], [IdMenuPadre], [DescripcionMenu], [PosicionMenu], [Habilitado], [Tiene_FormularioAsociado], [nom_Formulario], [nom_Asembly], [nivel], [web_nom_Area], [web_nom_Controller], [web_nom_Action], [es_web], [es_desktop]) VALUES (130, 73, N'Nota de crédito', 6, 1, 1, N'Facturacion.frmFa_Nota_Cred_Consulta', N'Core.Erp.Winform.exe', 0, N'Facturacion', N'NotaDeCreditoFacturacion', N'Index', 1, 1)
INSERT [dbo].[seg_Menu] ([IdMenu], [IdMenuPadre], [DescripcionMenu], [PosicionMenu], [Habilitado], [Tiene_FormularioAsociado], [nom_Formulario], [nom_Asembly], [nivel], [web_nom_Area], [web_nom_Controller], [web_nom_Action], [es_web], [es_desktop]) VALUES (131, 73, N'Factura', 5, 1, 1, N'Facturacion.FrmFa_Factura_lote_cons', N'Core.Erp.Winform.exe', 0, N'Facturacion', N'Factura', N'Index', 1, 1)
INSERT [dbo].[seg_Menu] ([IdMenu], [IdMenuPadre], [DescripcionMenu], [PosicionMenu], [Habilitado], [Tiene_FormularioAsociado], [nom_Formulario], [nom_Asembly], [nivel], [web_nom_Area], [web_nom_Controller], [web_nom_Action], [es_web], [es_desktop]) VALUES (132, 135, N'Conciliación Bancaria', 1, 1, 1, N'Bancos.FrmBA_ConciliacionBancaria_Consul', N'Core.Erp.Winform.exe', 0, N'Banco', N'ConciliacionBanco', N'Index', 1, 1)
INSERT [dbo].[seg_Menu] ([IdMenu], [IdMenuPadre], [DescripcionMenu], [PosicionMenu], [Habilitado], [Tiene_FormularioAsociado], [nom_Formulario], [nom_Asembly], [nivel], [web_nom_Area], [web_nom_Controller], [web_nom_Action], [es_web], [es_desktop]) VALUES (135, 42, N'Procesos', 3, 1, 0, N'', N'Core.Erp.Winform.exe', 0, NULL, N'', NULL, 1, 1)
INSERT [dbo].[seg_Menu] ([IdMenu], [IdMenuPadre], [DescripcionMenu], [PosicionMenu], [Habilitado], [Tiene_FormularioAsociado], [nom_Formulario], [nom_Asembly], [nivel], [web_nom_Area], [web_nom_Controller], [web_nom_Action], [es_web], [es_desktop]) VALUES (137, 77, N'Conciliacion de anticipos', 4, 1, 1, N'CuentasxPagar.frmCP_Conciliacion_cuenta_x_pagar_Consulta', N'Core.Erp.Winform.exe', 0, N'CuentasPorPagar', N'ConciliacionAnticipoProveedor', N'Index', 1, 1)
INSERT [dbo].[seg_Menu] ([IdMenu], [IdMenuPadre], [DescripcionMenu], [PosicionMenu], [Habilitado], [Tiene_FormularioAsociado], [nom_Formulario], [nom_Asembly], [nivel], [web_nom_Area], [web_nom_Controller], [web_nom_Action], [es_web], [es_desktop]) VALUES (138, 51, N'Parametros CXP', 1, 1, 1, N'CuentasxPagar.frmCP_Parametros', N'Core.Erp.Winform.exe', 0, N'CuentasPorPagar', N'ParametrosCXP', N'Index', 1, 1)
INSERT [dbo].[seg_Menu] ([IdMenu], [IdMenuPadre], [DescripcionMenu], [PosicionMenu], [Habilitado], [Tiene_FormularioAsociado], [nom_Formulario], [nom_Asembly], [nivel], [web_nom_Area], [web_nom_Controller], [web_nom_Action], [es_web], [es_desktop]) VALUES (141, 73, N'Nota débito', 6, 1, 1, N'Facturacion.frmFa_Nota_Deb_Consulta', N'Core.Erp.Winform.exe', 0, N'Facturacion', N'NotaDeDebitoFacturacion', N'Index', 1, 1)
INSERT [dbo].[seg_Menu] ([IdMenu], [IdMenuPadre], [DescripcionMenu], [PosicionMenu], [Habilitado], [Tiene_FormularioAsociado], [nom_Formulario], [nom_Asembly], [nivel], [web_nom_Area], [web_nom_Controller], [web_nom_Action], [es_web], [es_desktop]) VALUES (142, 122, N'Tipo de Cobros', 2, 1, 1, N'CuentasxCobrar.frmCxc_cobro_tipo', N'Core.Erp.Winform.exe', 0, N'CuentasPorCobrar', N'TipoCobro', N'Index', 1, 1)
INSERT [dbo].[seg_Menu] ([IdMenu], [IdMenuPadre], [DescripcionMenu], [PosicionMenu], [Habilitado], [Tiene_FormularioAsociado], [nom_Formulario], [nom_Asembly], [nivel], [web_nom_Area], [web_nom_Controller], [web_nom_Action], [es_web], [es_desktop]) VALUES (145, 123, N'Cobros', 1, 1, 1, N'CuentasxCobrar.frmCxc_CobrosGenerales_Consulta', N'Core.Erp.Winform.exe', 0, N'CuentasPorCobrar', N'Cobranza', N'Index', 1, 1)
INSERT [dbo].[seg_Menu] ([IdMenu], [IdMenuPadre], [DescripcionMenu], [PosicionMenu], [Habilitado], [Tiene_FormularioAsociado], [nom_Formulario], [nom_Asembly], [nivel], [web_nom_Area], [web_nom_Controller], [web_nom_Action], [es_web], [es_desktop]) VALUES (146, 97, N'Conciliación de Caja', 3, 1, 1, N'CuentasxPagar.frmCP_Conciliacion_Caja_Consulta', N'Core.Erp.Winform.exe', 2, N'Caja', N'ConciliacionCaja', N'Index', 1, 1)
INSERT [dbo].[seg_Menu] ([IdMenu], [IdMenuPadre], [DescripcionMenu], [PosicionMenu], [Habilitado], [Tiene_FormularioAsociado], [nom_Formulario], [nom_Asembly], [nivel], [web_nom_Area], [web_nom_Controller], [web_nom_Action], [es_web], [es_desktop]) VALUES (159, 0, N'Compras', 12, 1, 0, N'', N'', 0, NULL, N'', NULL, 1, 1)
INSERT [dbo].[seg_Menu] ([IdMenu], [IdMenuPadre], [DescripcionMenu], [PosicionMenu], [Habilitado], [Tiene_FormularioAsociado], [nom_Formulario], [nom_Asembly], [nivel], [web_nom_Area], [web_nom_Controller], [web_nom_Action], [es_web], [es_desktop]) VALUES (160, 159, N'Transacciones', 1, 1, 0, N'', N'', 1, NULL, N'', NULL, 1, 1)
INSERT [dbo].[seg_Menu] ([IdMenu], [IdMenuPadre], [DescripcionMenu], [PosicionMenu], [Habilitado], [Tiene_FormularioAsociado], [nom_Formulario], [nom_Asembly], [nivel], [web_nom_Area], [web_nom_Controller], [web_nom_Action], [es_web], [es_desktop]) VALUES (174, 80, N'Transacciones', 0, 1, 0, N'Roles.frmRo_Tabla_Impu_Renta_Cons', N'Core.Erp.Winform.exe', NULL, NULL, N'', NULL, 1, 1)
INSERT [dbo].[seg_Menu] ([IdMenu], [IdMenuPadre], [DescripcionMenu], [PosicionMenu], [Habilitado], [Tiene_FormularioAsociado], [nom_Formulario], [nom_Asembly], [nivel], [web_nom_Area], [web_nom_Controller], [web_nom_Action], [es_web], [es_desktop]) VALUES (195, 6, N'Año fiscal', 1, 1, 1, N'Contabilidad.frmCon_AnioFiscal', N'Core.Erp.Winform.exe', 0, N'Contabilidad', N'AnioFiscal', N'Index', 1, 1)
INSERT [dbo].[seg_Menu] ([IdMenu], [IdMenuPadre], [DescripcionMenu], [PosicionMenu], [Habilitado], [Tiene_FormularioAsociado], [nom_Formulario], [nom_Asembly], [nivel], [web_nom_Area], [web_nom_Controller], [web_nom_Action], [es_web], [es_desktop]) VALUES (196, 6, N'Grupo contable', 3, 1, 1, N'Contabilidad.frmCon_GrupoContable', N'Core.Erp.Winform.exe', 0, N'Contabilidad', N'GrupoContable', N'Index', 1, 1)
INSERT [dbo].[seg_Menu] ([IdMenu], [IdMenuPadre], [DescripcionMenu], [PosicionMenu], [Habilitado], [Tiene_FormularioAsociado], [nom_Formulario], [nom_Asembly], [nivel], [web_nom_Area], [web_nom_Controller], [web_nom_Action], [es_web], [es_desktop]) VALUES (197, 6, N'Tipo de Comprobantes Contables', 5, 1, 1, N'Contabilidad.frmCon_TipoCbteCble_Cons', N'Core.Erp.Winform.exe', 2, N'Contabilidad', N'TipoComprobante', N'Index', 1, 1)
INSERT [dbo].[seg_Menu] ([IdMenu], [IdMenuPadre], [DescripcionMenu], [PosicionMenu], [Habilitado], [Tiene_FormularioAsociado], [nom_Formulario], [nom_Asembly], [nivel], [web_nom_Area], [web_nom_Controller], [web_nom_Action], [es_web], [es_desktop]) VALUES (204, 6, N'Plantillas de Comprobante Contable', 0, 1, 1, N'Contabilidad.frmCon_cbtecble_Plantilla_Consulta', N'Core.Erp.Winform.exe', 0, N'Contabilidad', N'PlantillaComprobanteContable', N'Index', 1, 1)
INSERT [dbo].[seg_Menu] ([IdMenu], [IdMenuPadre], [DescripcionMenu], [PosicionMenu], [Habilitado], [Tiene_FormularioAsociado], [nom_Formulario], [nom_Asembly], [nivel], [web_nom_Area], [web_nom_Controller], [web_nom_Action], [es_web], [es_desktop]) VALUES (208, 81, N'Area', 15, 1, 1, N'Roles.frmRo_AreaCons', N'Core.Erp.Winform.exe', 0, N'RRHH', N'Area', N'Index', 1, 1)
INSERT [dbo].[seg_Menu] ([IdMenu], [IdMenuPadre], [DescripcionMenu], [PosicionMenu], [Habilitado], [Tiene_FormularioAsociado], [nom_Formulario], [nom_Asembly], [nivel], [web_nom_Area], [web_nom_Controller], [web_nom_Action], [es_web], [es_desktop]) VALUES (209, 81, N'División', 10, 1, 1, N'Roles.frmRo_Division_Cons', N'Core.Erp.Winform.exe', 0, N'RRHH', N'Division', N'Index', 1, 1)
INSERT [dbo].[seg_Menu] ([IdMenu], [IdMenuPadre], [DescripcionMenu], [PosicionMenu], [Habilitado], [Tiene_FormularioAsociado], [nom_Formulario], [nom_Asembly], [nivel], [web_nom_Area], [web_nom_Controller], [web_nom_Action], [es_web], [es_desktop]) VALUES (211, 81, N'Cargo', 30, 1, 1, N'Roles.frmRo_TipoCargo_Consulta', N'Core.Erp.Winform.exe', 2, N'RRHH', N'Cargo', N'Index', 1, 1)
INSERT [dbo].[seg_Menu] ([IdMenu], [IdMenuPadre], [DescripcionMenu], [PosicionMenu], [Habilitado], [Tiene_FormularioAsociado], [nom_Formulario], [nom_Asembly], [nivel], [web_nom_Area], [web_nom_Controller], [web_nom_Action], [es_web], [es_desktop]) VALUES (212, 305, N'Catálogos', 1, 1, 1, N'Roles.frmRo_Catalogo', N'Core.Erp.Winform.exe', NULL, N'RRHH', N'CatalogoTipoRRHH', N'Index', 1, 1)
INSERT [dbo].[seg_Menu] ([IdMenu], [IdMenuPadre], [DescripcionMenu], [PosicionMenu], [Habilitado], [Tiene_FormularioAsociado], [nom_Formulario], [nom_Asembly], [nivel], [web_nom_Area], [web_nom_Controller], [web_nom_Action], [es_web], [es_desktop]) VALUES (213, 81, N'Departamento', 20, 1, 1, N'Roles.frmRo_Departamento_Consulta', N'Core.Erp.Winform.exe', 2, N'RRHH', N'Departamento', N'Index', 1, 1)
INSERT [dbo].[seg_Menu] ([IdMenu], [IdMenuPadre], [DescripcionMenu], [PosicionMenu], [Habilitado], [Tiene_FormularioAsociado], [nom_Formulario], [nom_Asembly], [nivel], [web_nom_Area], [web_nom_Controller], [web_nom_Action], [es_web], [es_desktop]) VALUES (216, 305, N'Rubros', 0, 1, 1, N'Roles.frmRo_RubroTipo_Cons', N'Core.Erp.Winform.exe', 0, N'RRHH', N'Rubro', N'Index', 1, 1)
INSERT [dbo].[seg_Menu] ([IdMenu], [IdMenuPadre], [DescripcionMenu], [PosicionMenu], [Habilitado], [Tiene_FormularioAsociado], [nom_Formulario], [nom_Asembly], [nivel], [web_nom_Area], [web_nom_Controller], [web_nom_Action], [es_web], [es_desktop]) VALUES (228, 81, N'Contrato', 40, 1, 1, N'Roles.frmRo_Contrato_Consulta', N'Core.Erp.Winform.exe', 0, N'RRHH', N'Contrato', N'Index', 1, 1)
INSERT [dbo].[seg_Menu] ([IdMenu], [IdMenuPadre], [DescripcionMenu], [PosicionMenu], [Habilitado], [Tiene_FormularioAsociado], [nom_Formulario], [nom_Asembly], [nivel], [web_nom_Area], [web_nom_Controller], [web_nom_Action], [es_web], [es_desktop]) VALUES (229, 47, N'Parámetros', 1, 1, 1, N'Facturacion.frmFa_Parametro', N'Core.Erp.Winform.exe', 0, N'Facturacion', N'ParametrosFacturacion', N'Index', 1, 1)
INSERT [dbo].[seg_Menu] ([IdMenu], [IdMenuPadre], [DescripcionMenu], [PosicionMenu], [Habilitado], [Tiene_FormularioAsociado], [nom_Formulario], [nom_Asembly], [nivel], [web_nom_Area], [web_nom_Controller], [web_nom_Action], [es_web], [es_desktop]) VALUES (230, 122, N'Parametros', 1, 1, 1, N'CuentasxCobrar.frmCxc_Parametros', N'Core.Erp.Winform.exe', 0, N'CuentasPorCobrar', N'ParametroCXC', N'Index', 1, 1)
INSERT [dbo].[seg_Menu] ([IdMenu], [IdMenuPadre], [DescripcionMenu], [PosicionMenu], [Habilitado], [Tiene_FormularioAsociado], [nom_Formulario], [nom_Asembly], [nivel], [web_nom_Area], [web_nom_Controller], [web_nom_Action], [es_web], [es_desktop]) VALUES (235, 123, N'Retenciones de clientes', 4, 1, 1, N'CuentasxCobrar.frmCxc_Cobros_x_Ventas_cons', N'Core.Erp.Winform.exe', 0, N'CuentasPorCobrar', N'CobranzaRetenciones', N'Index', 1, 1)
INSERT [dbo].[seg_Menu] ([IdMenu], [IdMenuPadre], [DescripcionMenu], [PosicionMenu], [Habilitado], [Tiene_FormularioAsociado], [nom_Formulario], [nom_Asembly], [nivel], [web_nom_Area], [web_nom_Controller], [web_nom_Action], [es_web], [es_desktop]) VALUES (236, 174, N'Novedades por empleado', 0, 1, 1, N'Roles.frmRo_Empleado_Novedad_Cons', N'Core.Erp.Winform.exe', 0, N'RRHH', N'EmpleadoNovedad', N'Index', 1, 1)
INSERT [dbo].[seg_Menu] ([IdMenu], [IdMenuPadre], [DescripcionMenu], [PosicionMenu], [Habilitado], [Tiene_FormularioAsociado], [nom_Formulario], [nom_Asembly], [nivel], [web_nom_Area], [web_nom_Controller], [web_nom_Action], [es_web], [es_desktop]) VALUES (261, 81, N'Tipo de liquidación nómina', 5, 1, 1, N'Roles.frmRo_Nomina_Tipoliqui_Cons', N'Core.Erp.Winform.exe', 0, N'RRHH', N'NominaTipoLiquidacion', N'Index', 1, 1)
INSERT [dbo].[seg_Menu] ([IdMenu], [IdMenuPadre], [DescripcionMenu], [PosicionMenu], [Habilitado], [Tiene_FormularioAsociado], [nom_Formulario], [nom_Asembly], [nivel], [web_nom_Area], [web_nom_Controller], [web_nom_Action], [es_web], [es_desktop]) VALUES (262, 81, N'Tipo de nómina', 0, 1, 1, N'Roles.frmRo_Nomina_Tipo_Cons', N'Core.Erp.Winform.exe', 0, N'RRHH', N'NominaTipo', N'Index', 1, 1)
INSERT [dbo].[seg_Menu] ([IdMenu], [IdMenuPadre], [DescripcionMenu], [PosicionMenu], [Habilitado], [Tiene_FormularioAsociado], [nom_Formulario], [nom_Asembly], [nivel], [web_nom_Area], [web_nom_Controller], [web_nom_Action], [es_web], [es_desktop]) VALUES (263, 81, N'Periodos', 60, 1, 1, N'Roles.frmRo_Periodo_Cons', N'Core.Erp.Winform.exe', 2, N'RRHH', N'Periodo', N'Index', 1, 1)
INSERT [dbo].[seg_Menu] ([IdMenu], [IdMenuPadre], [DescripcionMenu], [PosicionMenu], [Habilitado], [Tiene_FormularioAsociado], [nom_Formulario], [nom_Asembly], [nivel], [web_nom_Area], [web_nom_Controller], [web_nom_Action], [es_web], [es_desktop]) VALUES (266, 81, N'Tipos de préstamos', 65, 1, 1, N'Roles.frmRo_Tipo_Prestamo_Cons', N'Core.Erp.Winform.exe', 0, N'RRHH', N'TipoPrestamo', N'Index', 1, 1)
INSERT [dbo].[seg_Menu] ([IdMenu], [IdMenuPadre], [DescripcionMenu], [PosicionMenu], [Habilitado], [Tiene_FormularioAsociado], [nom_Formulario], [nom_Asembly], [nivel], [web_nom_Area], [web_nom_Controller], [web_nom_Action], [es_web], [es_desktop]) VALUES (267, 712, N'Registro de préstamos', 1, 1, 1, N'Roles.frmRo_Prestamos_Cons', N'Core.Erp.Winform.exe', 0, N'RRHH', N'Prestamos', N'Index', 1, 1)
INSERT [dbo].[seg_Menu] ([IdMenu], [IdMenuPadre], [DescripcionMenu], [PosicionMenu], [Habilitado], [Tiene_FormularioAsociado], [nom_Formulario], [nom_Asembly], [nivel], [web_nom_Area], [web_nom_Controller], [web_nom_Action], [es_web], [es_desktop]) VALUES (275, 304, N'Turnos', 1, 1, 1, N'Roles.frmRo_Turno_Cons', N'Core.Erp.Winform.exe', 0, N'RRHH', N'Turno', N'Index', 1, 1)
INSERT [dbo].[seg_Menu] ([IdMenu], [IdMenuPadre], [DescripcionMenu], [PosicionMenu], [Habilitado], [Tiene_FormularioAsociado], [nom_Formulario], [nom_Asembly], [nivel], [web_nom_Area], [web_nom_Controller], [web_nom_Action], [es_web], [es_desktop]) VALUES (279, 300, N'Procesar Rol', 0, 1, 1, N'Roles.frmRo_Procesar_Rol_Mant', N'Core.Erp.Winform.exe', 0, N'RRHH', N'ProcesarRol', N'Index', 1, 1)
INSERT [dbo].[seg_Menu] ([IdMenu], [IdMenuPadre], [DescripcionMenu], [PosicionMenu], [Habilitado], [Tiene_FormularioAsociado], [nom_Formulario], [nom_Asembly], [nivel], [web_nom_Area], [web_nom_Controller], [web_nom_Action], [es_web], [es_desktop]) VALUES (281, 75, N'Tipo de Flujo', 1, 1, 1, N'Bancos.FrmBA_TipoDeFlujo_Consulta', N'Core.Erp.Winform.exe', 0, N'Banco', N'TipoFlujoBanco', N'Index', 1, 1)
INSERT [dbo].[seg_Menu] ([IdMenu], [IdMenuPadre], [DescripcionMenu], [PosicionMenu], [Habilitado], [Tiene_FormularioAsociado], [nom_Formulario], [nom_Asembly], [nivel], [web_nom_Area], [web_nom_Controller], [web_nom_Action], [es_web], [es_desktop]) VALUES (288, 304, N'Horarios', 0, 1, 1, N'Roles.frmRo_Horario_Cons', N'Core.Erp.Winform.exe', 0, N'RRHH', N'Horario', N'Index', 1, 1)
INSERT [dbo].[seg_Menu] ([IdMenu], [IdMenuPadre], [DescripcionMenu], [PosicionMenu], [Habilitado], [Tiene_FormularioAsociado], [nom_Formulario], [nom_Asembly], [nivel], [web_nom_Area], [web_nom_Controller], [web_nom_Action], [es_web], [es_desktop]) VALUES (293, 305, N'Parámetros contables', 10, 1, 1, N'Roles.frmRo_Parametros_Contables', N'Core.Erp.Winform.exe', 0, N'RRHH', N'ParametrosContable', N'Index', 1, 1)
INSERT [dbo].[seg_Menu] ([IdMenu], [IdMenuPadre], [DescripcionMenu], [PosicionMenu], [Habilitado], [Tiene_FormularioAsociado], [nom_Formulario], [nom_Asembly], [nivel], [web_nom_Area], [web_nom_Controller], [web_nom_Action], [es_web], [es_desktop]) VALUES (296, 174, N'Solicitud de vacaciones', 10, 1, 1, N'Roles.frmRo_Solicitud_Vacaciones_Cons', N'Core.Erp.Winform.exe', 0, N'RRHH', N'Vacaciones', N'Index', 1, 1)
INSERT [dbo].[seg_Menu] ([IdMenu], [IdMenuPadre], [DescripcionMenu], [PosicionMenu], [Habilitado], [Tiene_FormularioAsociado], [nom_Formulario], [nom_Asembly], [nivel], [web_nom_Area], [web_nom_Controller], [web_nom_Action], [es_web], [es_desktop]) VALUES (300, 80, N'Procesos', 3, 1, 0, N'', N'', NULL, NULL, N'', NULL, 1, 1)
INSERT [dbo].[seg_Menu] ([IdMenu], [IdMenuPadre], [DescripcionMenu], [PosicionMenu], [Habilitado], [Tiene_FormularioAsociado], [nom_Formulario], [nom_Asembly], [nivel], [web_nom_Area], [web_nom_Controller], [web_nom_Action], [es_web], [es_desktop]) VALUES (304, 81, N'Turnos y Horarios ', 70, 1, 0, N'', N'', NULL, NULL, N'', NULL, 1, 1)
INSERT [dbo].[seg_Menu] ([IdMenu], [IdMenuPadre], [DescripcionMenu], [PosicionMenu], [Habilitado], [Tiene_FormularioAsociado], [nom_Formulario], [nom_Asembly], [nivel], [web_nom_Area], [web_nom_Controller], [web_nom_Action], [es_web], [es_desktop]) VALUES (305, 81, N'Parámetros generales Rol', 75, 1, 0, N'', N'', 2, NULL, N'', NULL, 1, 1)
INSERT [dbo].[seg_Menu] ([IdMenu], [IdMenuPadre], [DescripcionMenu], [PosicionMenu], [Habilitado], [Tiene_FormularioAsociado], [nom_Formulario], [nom_Asembly], [nivel], [web_nom_Area], [web_nom_Controller], [web_nom_Action], [es_web], [es_desktop]) VALUES (311, 300, N'Décimos', 20, 1, 1, N'Roles.frmRo_Decimos_Mant', N'Core.Erp.Winform.exe', 0, N'RRHH', N'PagoBenediciosSociales', N'Index', 1, 1)
GO
INSERT [dbo].[seg_Menu] ([IdMenu], [IdMenuPadre], [DescripcionMenu], [PosicionMenu], [Habilitado], [Tiene_FormularioAsociado], [nom_Formulario], [nom_Asembly], [nivel], [web_nom_Area], [web_nom_Controller], [web_nom_Action], [es_web], [es_desktop]) VALUES (316, 160, N'Orden de compra', 3, 1, 1, N'Compras_FJ.frmCom_OrdenCompra_Cons_FJ', N'Core.Erp.Winform.exe', 0, N'Compras', N'OrdenCompraLocal', N'Index', 1, 1)
INSERT [dbo].[seg_Menu] ([IdMenu], [IdMenuPadre], [DescripcionMenu], [PosicionMenu], [Habilitado], [Tiene_FormularioAsociado], [nom_Formulario], [nom_Asembly], [nivel], [web_nom_Area], [web_nom_Controller], [web_nom_Action], [es_web], [es_desktop]) VALUES (317, 160, N'Aprobación de Orden de Compra', 4, 1, 1, N'Compras.frmCom_OrdenCompra_Aprobar', N'Core.Erp.Winform.exe', 0, N'Compras', N'AprobacionOC', N'Index', 1, 1)
INSERT [dbo].[seg_Menu] ([IdMenu], [IdMenuPadre], [DescripcionMenu], [PosicionMenu], [Habilitado], [Tiene_FormularioAsociado], [nom_Formulario], [nom_Asembly], [nivel], [web_nom_Area], [web_nom_Controller], [web_nom_Action], [es_web], [es_desktop]) VALUES (318, 174, N'Décimos', 16, 1, 1, N'Roles.frmRo_Decimos_Mant', N'Core.Erp.Winform.exe', NULL, N'RRHH', N'PagoBeneficiosSociales', N'Index', 0, 1)
INSERT [dbo].[seg_Menu] ([IdMenu], [IdMenuPadre], [DescripcionMenu], [PosicionMenu], [Habilitado], [Tiene_FormularioAsociado], [nom_Formulario], [nom_Asembly], [nivel], [web_nom_Area], [web_nom_Controller], [web_nom_Action], [es_web], [es_desktop]) VALUES (320, 65, N'Catálogo', 2, 1, 1, N'ActivoFijo.frmAF_Catalogo', N'Core.Erp.Winform.exe', 0, N'ActivoFijo', N'CatalogoTipoAF', N'Index', 1, 1)
INSERT [dbo].[seg_Menu] ([IdMenu], [IdMenuPadre], [DescripcionMenu], [PosicionMenu], [Habilitado], [Tiene_FormularioAsociado], [nom_Formulario], [nom_Asembly], [nivel], [web_nom_Area], [web_nom_Controller], [web_nom_Action], [es_web], [es_desktop]) VALUES (321, 122, N'Catálogo de Cuentas por Cobrar', 0, 1, 1, N'CuentasxCobrar.frmCxc_Catalogo', N'Core.Erp.Winform.exe', 0, N'CuentasPorCobrar', N'CatalogoTipoCXC', N'Index', 1, 1)
INSERT [dbo].[seg_Menu] ([IdMenu], [IdMenuPadre], [DescripcionMenu], [PosicionMenu], [Habilitado], [Tiene_FormularioAsociado], [nom_Formulario], [nom_Asembly], [nivel], [web_nom_Area], [web_nom_Controller], [web_nom_Action], [es_web], [es_desktop]) VALUES (325, 75, N'Motivo de tipos de nota', 0, 1, 1, N'Bancos.FrmBA_Tipo_Nota', N'Core.Erp.Winform.exe', 0, N'Banco', N'TipoNotaBanco', N'Index', 1, 1)
INSERT [dbo].[seg_Menu] ([IdMenu], [IdMenuPadre], [DescripcionMenu], [PosicionMenu], [Habilitado], [Tiene_FormularioAsociado], [nom_Formulario], [nom_Asembly], [nivel], [web_nom_Area], [web_nom_Controller], [web_nom_Action], [es_web], [es_desktop]) VALUES (326, 6, N'Parametros', 8, 1, 1, N'Contabilidad.frmCon_Parametro', N'Core.Erp.Winform.exe', 0, N'Contabilidad', N'ParametroContable', N'Index', 1, 1)
INSERT [dbo].[seg_Menu] ([IdMenu], [IdMenuPadre], [DescripcionMenu], [PosicionMenu], [Habilitado], [Tiene_FormularioAsociado], [nom_Formulario], [nom_Asembly], [nivel], [web_nom_Area], [web_nom_Controller], [web_nom_Action], [es_web], [es_desktop]) VALUES (328, 300, N'Contabilizar Rol', 5, 1, 1, N'Roles.frmRo_Contabilizar_Rol', N'Core.Erp.Winform.exe', NULL, N'RRHH', N'ProcesarRol', N'Index2', 1, 1)
INSERT [dbo].[seg_Menu] ([IdMenu], [IdMenuPadre], [DescripcionMenu], [PosicionMenu], [Habilitado], [Tiene_FormularioAsociado], [nom_Formulario], [nom_Asembly], [nivel], [web_nom_Area], [web_nom_Controller], [web_nom_Action], [es_web], [es_desktop]) VALUES (329, 81, N'Periodos por nómina', 99, 1, 1, N'Roles.frmRo_Periodos_x_Nomina_Mant', N'Core.Erp.Winform.exe', 2, N'RRHH', N'PeriodosPorNominas', N'Index', 1, 1)
INSERT [dbo].[seg_Menu] ([IdMenu], [IdMenuPadre], [DescripcionMenu], [PosicionMenu], [Habilitado], [Tiene_FormularioAsociado], [nom_Formulario], [nom_Asembly], [nivel], [web_nom_Area], [web_nom_Controller], [web_nom_Action], [es_web], [es_desktop]) VALUES (333, 97, N'(-) Egreso de caja', 2, 1, 1, N'Caja.FrmCa_Caja_MovimientoConsulta_Egreso', N'Core.Erp.Winform.exe', 0, N'Caja', N'CajaMovimientoEgreso', N'Index', 1, 1)
INSERT [dbo].[seg_Menu] ([IdMenu], [IdMenuPadre], [DescripcionMenu], [PosicionMenu], [Habilitado], [Tiene_FormularioAsociado], [nom_Formulario], [nom_Asembly], [nivel], [web_nom_Area], [web_nom_Controller], [web_nom_Action], [es_web], [es_desktop]) VALUES (334, 77, N'Orden de Pago', 3, 1, 1, N'CuentasxPagar.frmCP_Orden_Pago_Cons', N'Core.Erp.Winform.exe', 0, N'CuentasPorPagar', N'OrdenPago', N'Index', 1, 1)
INSERT [dbo].[seg_Menu] ([IdMenu], [IdMenuPadre], [DescripcionMenu], [PosicionMenu], [Habilitado], [Tiene_FormularioAsociado], [nom_Formulario], [nom_Asembly], [nivel], [web_nom_Area], [web_nom_Controller], [web_nom_Action], [es_web], [es_desktop]) VALUES (336, 77, N'Aprobacion de Orden de Pago', 4, 1, 1, N'CuentasxPagar.frmCP_AprobacionOrdenPago', N'Core.Erp.Winform.exe', 0, N'CuentasPorPagar', N'AprobacionOP', N'Index', 0, 1)
INSERT [dbo].[seg_Menu] ([IdMenu], [IdMenuPadre], [DescripcionMenu], [PosicionMenu], [Habilitado], [Tiene_FormularioAsociado], [nom_Formulario], [nom_Asembly], [nivel], [web_nom_Area], [web_nom_Controller], [web_nom_Action], [es_web], [es_desktop]) VALUES (337, 51, N'Parametros por Orden de Pago', 0, 1, 1, N'CuentasxPagar.frmCP_Parametro_x_OrdenPago', N'Core.Erp.Winform.exe', 0, N'CuentasPorPagar', N'TipoOrdenPago', N'Index', 1, 1)
INSERT [dbo].[seg_Menu] ([IdMenu], [IdMenuPadre], [DescripcionMenu], [PosicionMenu], [Habilitado], [Tiene_FormularioAsociado], [nom_Formulario], [nom_Asembly], [nivel], [web_nom_Area], [web_nom_Controller], [web_nom_Action], [es_web], [es_desktop]) VALUES (342, 47, N'Termino de pago por factura', 0, 1, 1, N'Facturacion.frmFa_factura_TerminoPago_Consulta', N'Core.Erp.Winform.exe', 2, N'Facturacion', N'TerminoPago', N'Index', 1, 1)
INSERT [dbo].[seg_Menu] ([IdMenu], [IdMenuPadre], [DescripcionMenu], [PosicionMenu], [Habilitado], [Tiene_FormularioAsociado], [nom_Formulario], [nom_Asembly], [nivel], [web_nom_Area], [web_nom_Controller], [web_nom_Action], [es_web], [es_desktop]) VALUES (349, 77, N'Retenciones x proveedor', 0, 1, 1, N'CuentasxPagar.frmCP_RetencionConsulta', N'Core.Erp.Winform.exe', 0, N'CuentasPorPagar', N'Retencion', N'Index', 1, 1)
INSERT [dbo].[seg_Menu] ([IdMenu], [IdMenuPadre], [DescripcionMenu], [PosicionMenu], [Habilitado], [Tiene_FormularioAsociado], [nom_Formulario], [nom_Asembly], [nivel], [web_nom_Area], [web_nom_Controller], [web_nom_Action], [es_web], [es_desktop]) VALUES (351, 159, N'Mantenimientos', 0, 1, 0, N'', N'', 1, NULL, N'', NULL, 1, 1)
INSERT [dbo].[seg_Menu] ([IdMenu], [IdMenuPadre], [DescripcionMenu], [PosicionMenu], [Habilitado], [Tiene_FormularioAsociado], [nom_Formulario], [nom_Asembly], [nivel], [web_nom_Area], [web_nom_Controller], [web_nom_Action], [es_web], [es_desktop]) VALUES (352, 351, N'Comprador', 2, 1, 1, N'Compras.FrmCom_CompradorConsulta', N'Core.Erp.Winform.exe', 0, N'Compras', N'Comprador', N'Index', 1, 1)
INSERT [dbo].[seg_Menu] ([IdMenu], [IdMenuPadre], [DescripcionMenu], [PosicionMenu], [Habilitado], [Tiene_FormularioAsociado], [nom_Formulario], [nom_Asembly], [nivel], [web_nom_Area], [web_nom_Controller], [web_nom_Action], [es_web], [es_desktop]) VALUES (354, 351, N'Parametros', 1, 1, 1, N'Compras.FrmCom_Parametro', N'Core.Erp.Winform.exe', 0, N'Compras', N'ParametrosCompras', N'Index', 1, 1)
INSERT [dbo].[seg_Menu] ([IdMenu], [IdMenuPadre], [DescripcionMenu], [PosicionMenu], [Habilitado], [Tiene_FormularioAsociado], [nom_Formulario], [nom_Asembly], [nivel], [web_nom_Area], [web_nom_Controller], [web_nom_Action], [es_web], [es_desktop]) VALUES (360, 51, N'Clase Proveedor', 0, 1, 1, N'CuentasxPagar.frmCP_Proveedor_Clase_Consul', N'Core.Erp.Winform.exe', 0, N'CuentasPorPagar', N'ClaseProveedor', N'Index', 1, 1)
INSERT [dbo].[seg_Menu] ([IdMenu], [IdMenuPadre], [DescripcionMenu], [PosicionMenu], [Habilitado], [Tiene_FormularioAsociado], [nom_Formulario], [nom_Asembly], [nivel], [web_nom_Area], [web_nom_Controller], [web_nom_Action], [es_web], [es_desktop]) VALUES (370, 40, N'Ingreso a inventario por orden de compra', 0, 1, 1, N'Inventario.FrmIn_Ingreso_x_OrdenCompra_Cons', N'Core.Erp.Winform.exe', 0, N'Inventario', N'IngresoInventarioOrdenCompra', N'Index', 1, 1)
INSERT [dbo].[seg_Menu] ([IdMenu], [IdMenuPadre], [DescripcionMenu], [PosicionMenu], [Habilitado], [Tiene_FormularioAsociado], [nom_Formulario], [nom_Asembly], [nivel], [web_nom_Area], [web_nom_Controller], [web_nom_Action], [es_web], [es_desktop]) VALUES (372, 40, N'Egresos varios', 5, 1, 1, N'Inventario.FrmIn_Egresos_Varios_Cons', N'Core.Erp.Winform.exe', 0, N'Inventario', N'EgresoInventario', N'Index', 1, 1)
INSERT [dbo].[seg_Menu] ([IdMenu], [IdMenuPadre], [DescripcionMenu], [PosicionMenu], [Habilitado], [Tiene_FormularioAsociado], [nom_Formulario], [nom_Asembly], [nivel], [web_nom_Area], [web_nom_Controller], [web_nom_Action], [es_web], [es_desktop]) VALUES (373, 40, N'Aprobación de movimientos de inventario', 6, 1, 1, N'Inventario.FrmIn_Aprobacion_Ing_Egr', N'Core.Erp.Winform.exe', 0, N'Inventario', N'AprobacionMovimientoInventario', N'Index', 1, 1)
INSERT [dbo].[seg_Menu] ([IdMenu], [IdMenuPadre], [DescripcionMenu], [PosicionMenu], [Habilitado], [Tiene_FormularioAsociado], [nom_Formulario], [nom_Asembly], [nivel], [web_nom_Area], [web_nom_Controller], [web_nom_Action], [es_web], [es_desktop]) VALUES (376, 40, N'Aprobación de despacho', 6, 1, 1, N'Inventario.FrmIn_Egresos_Inv_Multi_Bodega_Cons', N'Core.Erp.Winform.exe', 0, N'Inventario', N'AprobacionDespacho', N'Index', 1, 1)
INSERT [dbo].[seg_Menu] ([IdMenu], [IdMenuPadre], [DescripcionMenu], [PosicionMenu], [Habilitado], [Tiene_FormularioAsociado], [nom_Formulario], [nom_Asembly], [nivel], [web_nom_Area], [web_nom_Controller], [web_nom_Action], [es_web], [es_desktop]) VALUES (380, 77, N'Nota Crédito Proveedor', 0, 1, 1, N'CuentasxPagar.frmCP_NotaCredito_Cons', N'Core.Erp.Winform.exe', 0, N'CuentasPorPagar', N'NotaCredito', N'Index', 1, 1)
INSERT [dbo].[seg_Menu] ([IdMenu], [IdMenuPadre], [DescripcionMenu], [PosicionMenu], [Habilitado], [Tiene_FormularioAsociado], [nom_Formulario], [nom_Asembly], [nivel], [web_nom_Area], [web_nom_Controller], [web_nom_Action], [es_web], [es_desktop]) VALUES (381, 77, N'Nota débito interna', 0, 1, 1, N'CuentasxPagar.frmCP_NotaDebito_Cons', N'Core.Erp.Winform.exe', 0, N'CuentasPorPagar', N'NotaDebito', N'Index', 1, 1)
INSERT [dbo].[seg_Menu] ([IdMenu], [IdMenuPadre], [DescripcionMenu], [PosicionMenu], [Habilitado], [Tiene_FormularioAsociado], [nom_Formulario], [nom_Asembly], [nivel], [web_nom_Area], [web_nom_Controller], [web_nom_Action], [es_web], [es_desktop]) VALUES (391, 75, N'Talonarios de Cheque', 0, 1, 1, N'Bancos.FrmBA_Talonario_cheques_x_bancoConsulta', N'Core.Erp.Winform.exe', 0, N'Banco', N'TalonarioChequeBanco', N'Index', 1, 1)
INSERT [dbo].[seg_Menu] ([IdMenu], [IdMenuPadre], [DescripcionMenu], [PosicionMenu], [Habilitado], [Tiene_FormularioAsociado], [nom_Formulario], [nom_Asembly], [nivel], [web_nom_Area], [web_nom_Controller], [web_nom_Action], [es_web], [es_desktop]) VALUES (402, 9, N'Niveles de Plan de Cuenta', 0, 1, 1, N'Contabilidad.frmCon_PlanCuenta_Niveles_Consulta', N'Core.Erp.Winform.exe', 0, N'Contabilidad', N'PlanDeCuentasNivel', N'Index', 1, 1)
INSERT [dbo].[seg_Menu] ([IdMenu], [IdMenuPadre], [DescripcionMenu], [PosicionMenu], [Habilitado], [Tiene_FormularioAsociado], [nom_Formulario], [nom_Asembly], [nivel], [web_nom_Area], [web_nom_Controller], [web_nom_Action], [es_web], [es_desktop]) VALUES (407, 6, N'Periodos', 7, 1, 1, N'Contabilidad.frmCon_Periodo_Consulta', N'Core.Erp.Winform.exe', 0, N'Contabilidad', N'PeriodoContable', N'Index', 1, 1)
INSERT [dbo].[seg_Menu] ([IdMenu], [IdMenuPadre], [DescripcionMenu], [PosicionMenu], [Habilitado], [Tiene_FormularioAsociado], [nom_Formulario], [nom_Asembly], [nivel], [web_nom_Area], [web_nom_Controller], [web_nom_Action], [es_web], [es_desktop]) VALUES (418, 351, N'Catálogo', 0, 1, 1, N'Compras.FrmCom_Catalogo', N'Core.Erp.Winform.exe', 0, N'Compras', N'CatalogoTipoCompras', N'Index', 1, 1)
INSERT [dbo].[seg_Menu] ([IdMenu], [IdMenuPadre], [DescripcionMenu], [PosicionMenu], [Habilitado], [Tiene_FormularioAsociado], [nom_Formulario], [nom_Asembly], [nivel], [web_nom_Area], [web_nom_Controller], [web_nom_Action], [es_web], [es_desktop]) VALUES (420, 38, N'Unidad de medida', 13, 1, 1, N'Inventario.FrmIn_Unidad_Medida_Consu', N'Core.Erp.Winform.exe', 0, N'Inventario', N'UnidadDeMedida', N'Index', 1, 1)
INSERT [dbo].[seg_Menu] ([IdMenu], [IdMenuPadre], [DescripcionMenu], [PosicionMenu], [Habilitado], [Tiene_FormularioAsociado], [nom_Formulario], [nom_Asembly], [nivel], [web_nom_Area], [web_nom_Controller], [web_nom_Action], [es_web], [es_desktop]) VALUES (423, 351, N'Término de pago', 4, 1, 1, N'Inventario.FrmIn_Motivo_Inven_Cons', N'Core.Erp.Winform.exe', 0, N'Compras', N'TerminoPagoCompras', N'Index', 1, 1)
INSERT [dbo].[seg_Menu] ([IdMenu], [IdMenuPadre], [DescripcionMenu], [PosicionMenu], [Habilitado], [Tiene_FormularioAsociado], [nom_Formulario], [nom_Asembly], [nivel], [web_nom_Area], [web_nom_Controller], [web_nom_Action], [es_web], [es_desktop]) VALUES (424, 38, N'Motivo / Inventario', 14, 1, 1, N'Inventario.FrmIn_Motivo_Inven_Cons', N'Core.Erp.Winform.exe', 0, N'Inventario', N'MotivoInventario', N'Index', 1, 1)
INSERT [dbo].[seg_Menu] ([IdMenu], [IdMenuPadre], [DescripcionMenu], [PosicionMenu], [Habilitado], [Tiene_FormularioAsociado], [nom_Formulario], [nom_Asembly], [nivel], [web_nom_Area], [web_nom_Controller], [web_nom_Action], [es_web], [es_desktop]) VALUES (429, 64, N'Transacciones', 1, 1, 0, N'', N'Core.Erp.Winform.exe', 0, NULL, N'', NULL, 1, 1)
INSERT [dbo].[seg_Menu] ([IdMenu], [IdMenuPadre], [DescripcionMenu], [PosicionMenu], [Habilitado], [Tiene_FormularioAsociado], [nom_Formulario], [nom_Asembly], [nivel], [web_nom_Area], [web_nom_Controller], [web_nom_Action], [es_web], [es_desktop]) VALUES (431, 29, N'Usuarios', 0, 1, 1, N'SeguridadAcceso.FrmSeg_Usuario_Consul', N'Core.Erp.Winform.exe', 2, N'SeguridadAcceso', N'Usuario', N'Index', 1, 1)
INSERT [dbo].[seg_Menu] ([IdMenu], [IdMenuPadre], [DescripcionMenu], [PosicionMenu], [Habilitado], [Tiene_FormularioAsociado], [nom_Formulario], [nom_Asembly], [nivel], [web_nom_Area], [web_nom_Controller], [web_nom_Action], [es_web], [es_desktop]) VALUES (432, 29, N'Menú', 1, 1, 1, N'SeguridadAcceso.FrmSeg_Menu_Consulta', N'Core.Erp.Winform.exe', 2, N'SeguridadAcceso', N'Menu', N'Index', 1, 1)
INSERT [dbo].[seg_Menu] ([IdMenu], [IdMenuPadre], [DescripcionMenu], [PosicionMenu], [Habilitado], [Tiene_FormularioAsociado], [nom_Formulario], [nom_Asembly], [nivel], [web_nom_Area], [web_nom_Controller], [web_nom_Action], [es_web], [es_desktop]) VALUES (433, 29, N'Menú por Empresa', 2, 1, 1, N'SeguridadAcceso.FrmSeg_Menu_x_Empresa', N'Core.Erp.Winform.exe', 2, N'SeguridadAcceso', N'MenuPorEmpresa', N'Index', 1, 1)
INSERT [dbo].[seg_Menu] ([IdMenu], [IdMenuPadre], [DescripcionMenu], [PosicionMenu], [Habilitado], [Tiene_FormularioAsociado], [nom_Formulario], [nom_Asembly], [nivel], [web_nom_Area], [web_nom_Controller], [web_nom_Action], [es_web], [es_desktop]) VALUES (434, 29, N'Menú por Empresa por Usuario', 3, 1, 1, N'SeguridadAcceso.FrmSeg_Menu_x_Empresa_x_Usuario', N'Core.Erp.Winform.exe', 2, N'SeguridadAcceso', N'MenuPorEmpresaPorUsuario', N'Index', 1, 1)
INSERT [dbo].[seg_Menu] ([IdMenu], [IdMenuPadre], [DescripcionMenu], [PosicionMenu], [Habilitado], [Tiene_FormularioAsociado], [nom_Formulario], [nom_Asembly], [nivel], [web_nom_Area], [web_nom_Controller], [web_nom_Action], [es_web], [es_desktop]) VALUES (436, 429, N'Venta ', 0, 1, 1, N'ActivoFijo.frmAF_VentaActivo_Consul', N'Core.Erp.Winform.exe', 2, N'ActivoFijo', N'VentaActivo', N'Index', 1, 1)
INSERT [dbo].[seg_Menu] ([IdMenu], [IdMenuPadre], [DescripcionMenu], [PosicionMenu], [Habilitado], [Tiene_FormularioAsociado], [nom_Formulario], [nom_Asembly], [nivel], [web_nom_Area], [web_nom_Controller], [web_nom_Action], [es_web], [es_desktop]) VALUES (437, 429, N'Retiro ', 0, 1, 1, N'ActivoFijo.frmAF_RetiroActivo_Consul', N'Core.Erp.Winform.exe', 2, N'ActivoFijo', N'RetiroActivo', N'Index', 1, 1)
INSERT [dbo].[seg_Menu] ([IdMenu], [IdMenuPadre], [DescripcionMenu], [PosicionMenu], [Habilitado], [Tiene_FormularioAsociado], [nom_Formulario], [nom_Asembly], [nivel], [web_nom_Area], [web_nom_Controller], [web_nom_Action], [es_web], [es_desktop]) VALUES (439, 444, N'Depreciación', 0, 1, 1, N'ActivoFijo.frmAF_DepreLineaRecta_Consul', N'Core.Erp.Winform.exe', 2, N'ActivoFijo', N'DepreciacionAF', N'Index', 1, 1)
INSERT [dbo].[seg_Menu] ([IdMenu], [IdMenuPadre], [DescripcionMenu], [PosicionMenu], [Habilitado], [Tiene_FormularioAsociado], [nom_Formulario], [nom_Asembly], [nivel], [web_nom_Area], [web_nom_Controller], [web_nom_Action], [es_web], [es_desktop]) VALUES (444, 64, N'Procesos', 2, 1, 0, N'', N'', 1, NULL, N'', NULL, 1, 1)
INSERT [dbo].[seg_Menu] ([IdMenu], [IdMenuPadre], [DescripcionMenu], [PosicionMenu], [Habilitado], [Tiene_FormularioAsociado], [nom_Formulario], [nom_Asembly], [nivel], [web_nom_Area], [web_nom_Controller], [web_nom_Action], [es_web], [es_desktop]) VALUES (446, 300, N'Cálculo de Sueldo Digno', 8, 0, 1, N'Roles.frmRo_Salario_Digno_Mant', N'Core.Erp.Winform.exe', 2, NULL, NULL, NULL, 0, 1)
INSERT [dbo].[seg_Menu] ([IdMenu], [IdMenuPadre], [DescripcionMenu], [PosicionMenu], [Habilitado], [Tiene_FormularioAsociado], [nom_Formulario], [nom_Asembly], [nivel], [web_nom_Area], [web_nom_Controller], [web_nom_Action], [es_web], [es_desktop]) VALUES (447, 300, N'Liquidación de personal', 10, 1, 1, N'Roles.frmRo_ActaFiniquito_Cons', N'Core.Erp.Winform.exe', 2, N'RRHH', N'ActaFiniquito', N'Index', 1, 1)
INSERT [dbo].[seg_Menu] ([IdMenu], [IdMenuPadre], [DescripcionMenu], [PosicionMenu], [Habilitado], [Tiene_FormularioAsociado], [nom_Formulario], [nom_Asembly], [nivel], [web_nom_Area], [web_nom_Controller], [web_nom_Action], [es_web], [es_desktop]) VALUES (448, 65, N'Parámetros', 0, 1, 1, N'ActivoFijo.frmAF_Parametros', N'Core.Erp.Winform.exe', 2, N'ActivoFijo', N'ParametroAF', N'Index', 1, 1)
INSERT [dbo].[seg_Menu] ([IdMenu], [IdMenuPadre], [DescripcionMenu], [PosicionMenu], [Habilitado], [Tiene_FormularioAsociado], [nom_Formulario], [nom_Asembly], [nivel], [web_nom_Area], [web_nom_Controller], [web_nom_Action], [es_web], [es_desktop]) VALUES (449, 300, N'Participación de Utilidades', 15, 1, 1, N'Roles.frmRo_Generacion_Utilidades_Mant', N'Core.Erp.Winform.exe', 2, N'RRHH', N'ParticipacionUtilidad', N'Index', 1, 1)
INSERT [dbo].[seg_Menu] ([IdMenu], [IdMenuPadre], [DescripcionMenu], [PosicionMenu], [Habilitado], [Tiene_FormularioAsociado], [nom_Formulario], [nom_Asembly], [nivel], [web_nom_Area], [web_nom_Controller], [web_nom_Action], [es_web], [es_desktop]) VALUES (465, 77, N'Aprobación de  facturas por proveedor', 0, 1, 1, N'CuentasxPagar.frmCP_Aprobacion_Facturas_x_Pagar', N'Core.Erp.Winform.exe', 0, N'CuentasPorPagar', N'Deudas', N'Index3', 1, 1)
INSERT [dbo].[seg_Menu] ([IdMenu], [IdMenuPadre], [DescripcionMenu], [PosicionMenu], [Habilitado], [Tiene_FormularioAsociado], [nom_Formulario], [nom_Asembly], [nivel], [web_nom_Area], [web_nom_Controller], [web_nom_Action], [es_web], [es_desktop]) VALUES (470, 81, N'Departamentos por área', 25, 1, 1, N'Roles.frmRo_Area_X_Departamento_Mant', N'Core.Erp.Winform.exe', 2, N'RRHH', N'DepartamentoPorArea', N'Index', 1, 1)
INSERT [dbo].[seg_Menu] ([IdMenu], [IdMenuPadre], [DescripcionMenu], [PosicionMenu], [Habilitado], [Tiene_FormularioAsociado], [nom_Formulario], [nom_Asembly], [nivel], [web_nom_Area], [web_nom_Controller], [web_nom_Action], [es_web], [es_desktop]) VALUES (473, 45, N'Notas Crédito Banco', 0, 1, 1, N'Bancos.FrmBA_Credito_Cons', N'Core.Erp.Winform.exe', 2, N'Banco', N'NotaDeCreditoBanco', N'Index', 1, 1)
INSERT [dbo].[seg_Menu] ([IdMenu], [IdMenuPadre], [DescripcionMenu], [PosicionMenu], [Habilitado], [Tiene_FormularioAsociado], [nom_Formulario], [nom_Asembly], [nivel], [web_nom_Area], [web_nom_Controller], [web_nom_Action], [es_web], [es_desktop]) VALUES (474, 45, N'Notas Débitos Banco', 0, 1, 1, N'Bancos.FrmBA_Debito_Cons', N'Core.Erp.Winform.exe', 2, N'Banco', N'NotaDeDebitoBanco', N'Index', 1, 1)
INSERT [dbo].[seg_Menu] ([IdMenu], [IdMenuPadre], [DescripcionMenu], [PosicionMenu], [Habilitado], [Tiene_FormularioAsociado], [nom_Formulario], [nom_Asembly], [nivel], [web_nom_Area], [web_nom_Controller], [web_nom_Action], [es_web], [es_desktop]) VALUES (476, 47, N'Tipo de cliente', 0, 1, 1, N'Facturacion.frmFa_ClienteTipo_Consul', N'Core.Erp.Winform.exe', 2, N'Facturacion', N'ClienteTipo', N'Index', 1, 1)
INSERT [dbo].[seg_Menu] ([IdMenu], [IdMenuPadre], [DescripcionMenu], [PosicionMenu], [Habilitado], [Tiene_FormularioAsociado], [nom_Formulario], [nom_Asembly], [nivel], [web_nom_Area], [web_nom_Controller], [web_nom_Action], [es_web], [es_desktop]) VALUES (508, 38, N'Catálogo inventario', 0, 1, 1, N'Inventario.FrmIn_Catalogo_Cons', N'Core.Erp.Winform.exe', 2, N'Inventario', N'CatalogoTipoInventario', N'Index', 1, 1)
INSERT [dbo].[seg_Menu] ([IdMenu], [IdMenuPadre], [DescripcionMenu], [PosicionMenu], [Habilitado], [Tiene_FormularioAsociado], [nom_Formulario], [nom_Asembly], [nivel], [web_nom_Area], [web_nom_Controller], [web_nom_Action], [es_web], [es_desktop]) VALUES (512, 135, N'Archivos bancarios', 2, 1, 1, N'Bancos.FrmBA_Administrador_Archivos_Banco', N'Core.Erp.Winform.exe', 2, N'Banco', N'ArchivoBancario', N'Index', 1, 0)
INSERT [dbo].[seg_Menu] ([IdMenu], [IdMenuPadre], [DescripcionMenu], [PosicionMenu], [Habilitado], [Tiene_FormularioAsociado], [nom_Formulario], [nom_Asembly], [nivel], [web_nom_Area], [web_nom_Controller], [web_nom_Action], [es_web], [es_desktop]) VALUES (534, 40, N'Devolución de inventario', 5, 1, 1, N'Inventario.FrmIn_Devolucion_Inven_Cons', N'Core.Erp.Winform.exe', 2, N'Inventario', N'DevolucionInventario', N'Index', 1, 1)
INSERT [dbo].[seg_Menu] ([IdMenu], [IdMenuPadre], [DescripcionMenu], [PosicionMenu], [Habilitado], [Tiene_FormularioAsociado], [nom_Formulario], [nom_Asembly], [nivel], [web_nom_Area], [web_nom_Controller], [web_nom_Action], [es_web], [es_desktop]) VALUES (560, 174, N'Liquidación de vacaciones', 20, 1, 1, N'Roles.frmRo_Liquidacion_Vacaciones_Consul', N'Core.Erp.Winform.exe', 2, N'RRHH', N'LiquidacionVacaciones', N'Index', 1, 1)
INSERT [dbo].[seg_Menu] ([IdMenu], [IdMenuPadre], [DescripcionMenu], [PosicionMenu], [Habilitado], [Tiene_FormularioAsociado], [nom_Formulario], [nom_Asembly], [nivel], [web_nom_Area], [web_nom_Controller], [web_nom_Action], [es_web], [es_desktop]) VALUES (599, 65, N'Tipos', 0, 1, 1, N'ActivoFijo.frmAF_ActivoFijoTipo_General', N'Core.Erp.Winform.exe', 2, N'ActivoFijo', N'TipoAF', N'Index', 1, 1)
INSERT [dbo].[seg_Menu] ([IdMenu], [IdMenuPadre], [DescripcionMenu], [PosicionMenu], [Habilitado], [Tiene_FormularioAsociado], [nom_Formulario], [nom_Asembly], [nivel], [web_nom_Area], [web_nom_Controller], [web_nom_Action], [es_web], [es_desktop]) VALUES (602, 47, N'Punto venta', 0, 1, 1, N'Facturacion.FrmFa_PuntoVta_cons', N'Core.Erp.Winform.exe', 2, N'Facturacion', N'PuntoVenta', N'Index', 1, 1)
INSERT [dbo].[seg_Menu] ([IdMenu], [IdMenuPadre], [DescripcionMenu], [PosicionMenu], [Habilitado], [Tiene_FormularioAsociado], [nom_Formulario], [nom_Asembly], [nivel], [web_nom_Area], [web_nom_Controller], [web_nom_Action], [es_web], [es_desktop]) VALUES (607, 38, N'Parametrización contable por producto', 0, 1, 1, N'Inventario.FrmIn_Producto_Contabilizacion', N'Core.Erp.Winform.exe', 2, N'Inventario', N'ParametrizacionContableProducto', N'Index', 1, 1)
INSERT [dbo].[seg_Menu] ([IdMenu], [IdMenuPadre], [DescripcionMenu], [PosicionMenu], [Habilitado], [Tiene_FormularioAsociado], [nom_Formulario], [nom_Asembly], [nivel], [web_nom_Area], [web_nom_Controller], [web_nom_Action], [es_web], [es_desktop]) VALUES (609, 40, N'Reversar aprobación', 0, 1, 1, N'Inventario.FrmIn_Reversar_Aprobacion_inv', N'Core.Erp.Winform.exe', 2, N'Inventario', N'ReversoMovimientoInventario', N'Index', 1, 1)
INSERT [dbo].[seg_Menu] ([IdMenu], [IdMenuPadre], [DescripcionMenu], [PosicionMenu], [Habilitado], [Tiene_FormularioAsociado], [nom_Formulario], [nom_Asembly], [nivel], [web_nom_Area], [web_nom_Controller], [web_nom_Action], [es_web], [es_desktop]) VALUES (612, 40, N'Ingresos varios', 0, 1, 1, N'Inventario.FrmIn_Ingreso_varios_Cons', N'Core.Erp.Winform.exe', 2, N'Inventario', N'IngresoInventario', N'Index', 1, 1)
INSERT [dbo].[seg_Menu] ([IdMenu], [IdMenuPadre], [DescripcionMenu], [PosicionMenu], [Habilitado], [Tiene_FormularioAsociado], [nom_Formulario], [nom_Asembly], [nivel], [web_nom_Area], [web_nom_Controller], [web_nom_Action], [es_web], [es_desktop]) VALUES (640, 73, N'Proforma', 0, 1, 1, N'Facturacion.frmFa_proforma_cons', N'Core.Erp.Winform.exe', 2, N'Facturacion', N'Proforma', N'Index', 1, 1)
INSERT [dbo].[seg_Menu] ([IdMenu], [IdMenuPadre], [DescripcionMenu], [PosicionMenu], [Habilitado], [Tiene_FormularioAsociado], [nom_Formulario], [nom_Asembly], [nivel], [web_nom_Area], [web_nom_Controller], [web_nom_Action], [es_web], [es_desktop]) VALUES (642, 87, N'Catálogos', 0, 1, 1, N'Importacion.frmImp_catalogo_cons', N'Core.Erp.Winform.exe', 2, N'Importacion', N'CatalogoTipoImportacion', N'Index', 1, 1)
INSERT [dbo].[seg_Menu] ([IdMenu], [IdMenuPadre], [DescripcionMenu], [PosicionMenu], [Habilitado], [Tiene_FormularioAsociado], [nom_Formulario], [nom_Asembly], [nivel], [web_nom_Area], [web_nom_Controller], [web_nom_Action], [es_web], [es_desktop]) VALUES (643, 87, N'Parámetros', 0, 1, 1, N'Importacion.frmImp_parametro', N'Core.Erp.Winform.exe', 2, N'Importacion', N'ParametrosImportacion', N'Index', 1, 1)
INSERT [dbo].[seg_Menu] ([IdMenu], [IdMenuPadre], [DescripcionMenu], [PosicionMenu], [Habilitado], [Tiene_FormularioAsociado], [nom_Formulario], [nom_Asembly], [nivel], [web_nom_Area], [web_nom_Controller], [web_nom_Action], [es_web], [es_desktop]) VALUES (644, 89, N'Orden de compra exterior', 1, 1, 1, N'Importacion.frmImp_orden_compra_ext_cons', N'Core.Erp.Winform.exe', 2, N'Importacion', N'OrdenCompraExterior', N'Index', 1, 1)
INSERT [dbo].[seg_Menu] ([IdMenu], [IdMenuPadre], [DescripcionMenu], [PosicionMenu], [Habilitado], [Tiene_FormularioAsociado], [nom_Formulario], [nom_Asembly], [nivel], [web_nom_Area], [web_nom_Controller], [web_nom_Action], [es_web], [es_desktop]) VALUES (645, 73, N'Guia remisión', 0, 1, 1, N'Facturacion.frmFa_Guia_Remision_consu', N'Core.Erp.Winform.exe', 2, N'Facturacion', N'GuiaRemision', N'Index', 1, 1)
INSERT [dbo].[seg_Menu] ([IdMenu], [IdMenuPadre], [DescripcionMenu], [PosicionMenu], [Habilitado], [Tiene_FormularioAsociado], [nom_Formulario], [nom_Asembly], [nivel], [web_nom_Area], [web_nom_Controller], [web_nom_Action], [es_web], [es_desktop]) VALUES (646, 89, N'Recepción de orden de compra exterior', 2, 1, 1, N'Importacion.frmImp_orden_compra_ext_recepcion_cons', N'Core.Erp.Winform.exe', 2, N'Importacion', N'RecepcionOrdenCompra', N'Index', 1, 1)
INSERT [dbo].[seg_Menu] ([IdMenu], [IdMenuPadre], [DescripcionMenu], [PosicionMenu], [Habilitado], [Tiene_FormularioAsociado], [nom_Formulario], [nom_Asembly], [nivel], [web_nom_Area], [web_nom_Controller], [web_nom_Action], [es_web], [es_desktop]) VALUES (647, 89, N'Asignación de gastos por OC ext.', 3, 1, 1, N'Importacion.frmImp_orden_compra_ext_ct_cbteble_det_gastos', N'Core.Erp.Winform.exe', 2, N'Importacion', N'AsignacionDeGastos', N'Index', 1, 1)
INSERT [dbo].[seg_Menu] ([IdMenu], [IdMenuPadre], [DescripcionMenu], [PosicionMenu], [Habilitado], [Tiene_FormularioAsociado], [nom_Formulario], [nom_Asembly], [nivel], [web_nom_Area], [web_nom_Controller], [web_nom_Action], [es_web], [es_desktop]) VALUES (648, 300, N'Rol preliminar', 0, 0, 1, N'Roles.frmRo_Liquidacion_x_Rol_Empleado', N'Core.Erp.Winform.exe', 2, NULL, NULL, NULL, 0, 1)
INSERT [dbo].[seg_Menu] ([IdMenu], [IdMenuPadre], [DescripcionMenu], [PosicionMenu], [Habilitado], [Tiene_FormularioAsociado], [nom_Formulario], [nom_Asembly], [nivel], [web_nom_Area], [web_nom_Controller], [web_nom_Action], [es_web], [es_desktop]) VALUES (649, 0, N'General', 0, 1, 0, N'', N'', NULL, NULL, N'', NULL, 1, 0)
INSERT [dbo].[seg_Menu] ([IdMenu], [IdMenuPadre], [DescripcionMenu], [PosicionMenu], [Habilitado], [Tiene_FormularioAsociado], [nom_Formulario], [nom_Asembly], [nivel], [web_nom_Area], [web_nom_Controller], [web_nom_Action], [es_web], [es_desktop]) VALUES (650, 649, N'Mantenimientos', 0, 1, 0, N'', N'', NULL, NULL, N'', NULL, 1, 0)
INSERT [dbo].[seg_Menu] ([IdMenu], [IdMenuPadre], [DescripcionMenu], [PosicionMenu], [Habilitado], [Tiene_FormularioAsociado], [nom_Formulario], [nom_Asembly], [nivel], [web_nom_Area], [web_nom_Controller], [web_nom_Action], [es_web], [es_desktop]) VALUES (651, 650, N'Catálogo', 0, 1, 0, N'', N'', NULL, N'General', N'CatalogoTipo', N'Index', 1, 0)
INSERT [dbo].[seg_Menu] ([IdMenu], [IdMenuPadre], [DescripcionMenu], [PosicionMenu], [Habilitado], [Tiene_FormularioAsociado], [nom_Formulario], [nom_Asembly], [nivel], [web_nom_Area], [web_nom_Controller], [web_nom_Action], [es_web], [es_desktop]) VALUES (652, 650, N'Empresa', 1, 1, 0, N'', N'', NULL, N'General', N'Empresa', N'Index', 1, 0)
INSERT [dbo].[seg_Menu] ([IdMenu], [IdMenuPadre], [DescripcionMenu], [PosicionMenu], [Habilitado], [Tiene_FormularioAsociado], [nom_Formulario], [nom_Asembly], [nivel], [web_nom_Area], [web_nom_Controller], [web_nom_Action], [es_web], [es_desktop]) VALUES (653, 650, N'País', 2, 1, 0, N'', N'', NULL, N'General', N'Pais', N'Index', 1, 0)
INSERT [dbo].[seg_Menu] ([IdMenu], [IdMenuPadre], [DescripcionMenu], [PosicionMenu], [Habilitado], [Tiene_FormularioAsociado], [nom_Formulario], [nom_Asembly], [nivel], [web_nom_Area], [web_nom_Controller], [web_nom_Action], [es_web], [es_desktop]) VALUES (654, 650, N'Persona', 3, 1, 0, N'', N'', NULL, N'General', N'Persona', N'Index', 1, 0)
INSERT [dbo].[seg_Menu] ([IdMenu], [IdMenuPadre], [DescripcionMenu], [PosicionMenu], [Habilitado], [Tiene_FormularioAsociado], [nom_Formulario], [nom_Asembly], [nivel], [web_nom_Area], [web_nom_Controller], [web_nom_Action], [es_web], [es_desktop]) VALUES (655, 650, N'Talonarios', 4, 1, 0, N'', N'', NULL, N'General', N'TipoDocumentoTalonario', N'Index', 1, 0)
INSERT [dbo].[seg_Menu] ([IdMenu], [IdMenuPadre], [DescripcionMenu], [PosicionMenu], [Habilitado], [Tiene_FormularioAsociado], [nom_Formulario], [nom_Asembly], [nivel], [web_nom_Area], [web_nom_Controller], [web_nom_Action], [es_web], [es_desktop]) VALUES (656, 650, N'Sucursal', 5, 1, 0, N'', N'', NULL, N'General', N'Sucursal', N'Index', 1, 0)
INSERT [dbo].[seg_Menu] ([IdMenu], [IdMenuPadre], [DescripcionMenu], [PosicionMenu], [Habilitado], [Tiene_FormularioAsociado], [nom_Formulario], [nom_Asembly], [nivel], [web_nom_Area], [web_nom_Controller], [web_nom_Action], [es_web], [es_desktop]) VALUES (657, 650, N'Transportista', 6, 1, 0, N'', N'', NULL, N'General', N'Transportista', N'Index', 1, 0)
INSERT [dbo].[seg_Menu] ([IdMenu], [IdMenuPadre], [DescripcionMenu], [PosicionMenu], [Habilitado], [Tiene_FormularioAsociado], [nom_Formulario], [nom_Asembly], [nivel], [web_nom_Area], [web_nom_Controller], [web_nom_Action], [es_web], [es_desktop]) VALUES (658, 29, N'Reportes', 4, 1, 0, N'', N'', NULL, N'General', N'Reporte', N'Index', 1, 0)
INSERT [dbo].[seg_Menu] ([IdMenu], [IdMenuPadre], [DescripcionMenu], [PosicionMenu], [Habilitado], [Tiene_FormularioAsociado], [nom_Formulario], [nom_Asembly], [nivel], [web_nom_Area], [web_nom_Controller], [web_nom_Action], [es_web], [es_desktop]) VALUES (659, 650, N'Módulos', 7, 1, 0, N'', N'', NULL, N'General', N'Modulo', N'Index', 1, 0)
INSERT [dbo].[seg_Menu] ([IdMenu], [IdMenuPadre], [DescripcionMenu], [PosicionMenu], [Habilitado], [Tiene_FormularioAsociado], [nom_Formulario], [nom_Asembly], [nivel], [web_nom_Area], [web_nom_Controller], [web_nom_Action], [es_web], [es_desktop]) VALUES (660, 650, N'Bancos', 7, 1, 0, N'', N'', NULL, N'General', N'Banco', N'Index', 1, 0)
INSERT [dbo].[seg_Menu] ([IdMenu], [IdMenuPadre], [DescripcionMenu], [PosicionMenu], [Habilitado], [Tiene_FormularioAsociado], [nom_Formulario], [nom_Asembly], [nivel], [web_nom_Area], [web_nom_Controller], [web_nom_Action], [es_web], [es_desktop]) VALUES (661, 650, N'Impuesto', 8, 1, 0, N'', N'', NULL, N'General', N'Impuesto', N'Index', 1, 0)
INSERT [dbo].[seg_Menu] ([IdMenu], [IdMenuPadre], [DescripcionMenu], [PosicionMenu], [Habilitado], [Tiene_FormularioAsociado], [nom_Formulario], [nom_Asembly], [nivel], [web_nom_Area], [web_nom_Controller], [web_nom_Action], [es_web], [es_desktop]) VALUES (662, 429, N'Revalorización', 0, 1, 0, N'', N'', NULL, N'ActivoFijo', N'RevalorizacionActivo', N'Index', 1, 0)
INSERT [dbo].[seg_Menu] ([IdMenu], [IdMenuPadre], [DescripcionMenu], [PosicionMenu], [Habilitado], [Tiene_FormularioAsociado], [nom_Formulario], [nom_Asembly], [nivel], [web_nom_Area], [web_nom_Controller], [web_nom_Action], [es_web], [es_desktop]) VALUES (663, 174, N'Rubros fijos', 25, 1, 1, N'', N'', NULL, N'RRHH', N'EmpleadoPorRubro', N'Index', 1, 0)
INSERT [dbo].[seg_Menu] ([IdMenu], [IdMenuPadre], [DescripcionMenu], [PosicionMenu], [Habilitado], [Tiene_FormularioAsociado], [nom_Formulario], [nom_Asembly], [nivel], [web_nom_Area], [web_nom_Controller], [web_nom_Action], [es_web], [es_desktop]) VALUES (664, 174, N'Acumulación beneficios', 30, 1, 1, N'', N'', NULL, N'RRHH', N'EmpleadoRubroAcumulado', N'Index', 1, 0)
INSERT [dbo].[seg_Menu] ([IdMenu], [IdMenuPadre], [DescripcionMenu], [PosicionMenu], [Habilitado], [Tiene_FormularioAsociado], [nom_Formulario], [nom_Asembly], [nivel], [web_nom_Area], [web_nom_Controller], [web_nom_Action], [es_web], [es_desktop]) VALUES (665, 305, N'Rubros calculados', 80, 1, 1, N'', N'', NULL, N'RRHH', N'RubrosCalculados', N'Index', 1, 0)
INSERT [dbo].[seg_Menu] ([IdMenu], [IdMenuPadre], [DescripcionMenu], [PosicionMenu], [Habilitado], [Tiene_FormularioAsociado], [nom_Formulario], [nom_Asembly], [nivel], [web_nom_Area], [web_nom_Controller], [web_nom_Action], [es_web], [es_desktop]) VALUES (666, 20, N'Generación de ats', 1, 1, 0, NULL, NULL, 1, N'Contabilidad', N'ATS', N'Nuevo', 1, 0)
INSERT [dbo].[seg_Menu] ([IdMenu], [IdMenuPadre], [DescripcionMenu], [PosicionMenu], [Habilitado], [Tiene_FormularioAsociado], [nom_Formulario], [nom_Asembly], [nivel], [web_nom_Area], [web_nom_Controller], [web_nom_Action], [es_web], [es_desktop]) VALUES (667, 29, N'Reportes por empresa por usuario', 5, 1, 0, NULL, NULL, 1, N'General', N'ReportesPorUsuario', N'Index', 1, 0)
INSERT [dbo].[seg_Menu] ([IdMenu], [IdMenuPadre], [DescripcionMenu], [PosicionMenu], [Habilitado], [Tiene_FormularioAsociado], [nom_Formulario], [nom_Asembly], [nivel], [web_nom_Area], [web_nom_Controller], [web_nom_Action], [es_web], [es_desktop]) VALUES (668, 47, N'Catálogos', 1, 1, 0, NULL, NULL, 1, N'Facturacion', N'CatalogoTipoFacturacion', N'Index', 1, 1)
INSERT [dbo].[seg_Menu] ([IdMenu], [IdMenuPadre], [DescripcionMenu], [PosicionMenu], [Habilitado], [Tiene_FormularioAsociado], [nom_Formulario], [nom_Asembly], [nivel], [web_nom_Area], [web_nom_Controller], [web_nom_Action], [es_web], [es_desktop]) VALUES (669, 38, N'Presentación', 3, 1, 0, NULL, NULL, 1, N'Inventario', N'Presentacion', N'Index', 1, 0)
INSERT [dbo].[seg_Menu] ([IdMenu], [IdMenuPadre], [DescripcionMenu], [PosicionMenu], [Habilitado], [Tiene_FormularioAsociado], [nom_Formulario], [nom_Asembly], [nivel], [web_nom_Area], [web_nom_Controller], [web_nom_Action], [es_web], [es_desktop]) VALUES (670, 87, N'Tipo de gastos', 1, 1, 0, NULL, NULL, 1, N'Importacion', N'GastosImportacion', N'Index', 1, 0)
INSERT [dbo].[seg_Menu] ([IdMenu], [IdMenuPadre], [DescripcionMenu], [PosicionMenu], [Habilitado], [Tiene_FormularioAsociado], [nom_Formulario], [nom_Asembly], [nivel], [web_nom_Area], [web_nom_Controller], [web_nom_Action], [es_web], [es_desktop]) VALUES (671, 89, N'Liquidación de importacion', 4, 1, 0, NULL, NULL, 1, N'Importacion', N'LiquidacionOrdenCompra', N'Index', 1, 0)
INSERT [dbo].[seg_Menu] ([IdMenu], [IdMenuPadre], [DescripcionMenu], [PosicionMenu], [Habilitado], [Tiene_FormularioAsociado], [nom_Formulario], [nom_Asembly], [nivel], [web_nom_Area], [web_nom_Controller], [web_nom_Action], [es_web], [es_desktop]) VALUES (672, 81, N'Tabla impuesto a la renta', 55, 1, 0, NULL, NULL, 1, N'RRHH', N'BaseImpuestoRenta', N'Index', 1, 0)
INSERT [dbo].[seg_Menu] ([IdMenu], [IdMenuPadre], [DescripcionMenu], [PosicionMenu], [Habilitado], [Tiene_FormularioAsociado], [nom_Formulario], [nom_Asembly], [nivel], [web_nom_Area], [web_nom_Controller], [web_nom_Action], [es_web], [es_desktop]) VALUES (673, 81, N'Proyección de gastos personales', 50, 1, 0, NULL, NULL, 1, N'RRHH', N'ProyeccionDeGastos', N'Index', 1, 0)
INSERT [dbo].[seg_Menu] ([IdMenu], [IdMenuPadre], [DescripcionMenu], [PosicionMenu], [Habilitado], [Tiene_FormularioAsociado], [nom_Formulario], [nom_Asembly], [nivel], [web_nom_Area], [web_nom_Controller], [web_nom_Action], [es_web], [es_desktop]) VALUES (674, 300, N'Generar RDEP', 45, 1, 0, NULL, NULL, 1, N'RRHH', N'Rdep', N'Index', 1, 0)
INSERT [dbo].[seg_Menu] ([IdMenu], [IdMenuPadre], [DescripcionMenu], [PosicionMenu], [Habilitado], [Tiene_FormularioAsociado], [nom_Formulario], [nom_Asembly], [nivel], [web_nom_Area], [web_nom_Controller], [web_nom_Action], [es_web], [es_desktop]) VALUES (677, 20, N'Comprobantes pendientes enviar SRI', 2, 1, 0, NULL, NULL, 1, N'General', N'ComprobantesSinAutorizacion', N'Index', 1, 0)
INSERT [dbo].[seg_Menu] ([IdMenu], [IdMenuPadre], [DescripcionMenu], [PosicionMenu], [Habilitado], [Tiene_FormularioAsociado], [nom_Formulario], [nom_Asembly], [nivel], [web_nom_Area], [web_nom_Controller], [web_nom_Action], [es_web], [es_desktop]) VALUES (678, 81, N'Tipos de gastos personales', 45, 1, 1, NULL, NULL, 1, N'RRHH', N'TipoGastosPersonales', N'Index', 1, 0)
INSERT [dbo].[seg_Menu] ([IdMenu], [IdMenuPadre], [DescripcionMenu], [PosicionMenu], [Habilitado], [Tiene_FormularioAsociado], [nom_Formulario], [nom_Asembly], [nivel], [web_nom_Area], [web_nom_Controller], [web_nom_Action], [es_web], [es_desktop]) VALUES (679, 650, N'Parámetros archivos transferencias', 12, 1, 0, NULL, NULL, 1, N'General', N'ProcesosBancariosPorEmpresa', N'Index', 1, 0)
INSERT [dbo].[seg_Menu] ([IdMenu], [IdMenuPadre], [DescripcionMenu], [PosicionMenu], [Habilitado], [Tiene_FormularioAsociado], [nom_Formulario], [nom_Asembly], [nivel], [web_nom_Area], [web_nom_Controller], [web_nom_Action], [es_web], [es_desktop]) VALUES (680, 73, N'Cambios de producto', 0, 1, 0, NULL, NULL, 1, N'Facturacion', N'CambioProducto', N'Index', 1, 0)
INSERT [dbo].[seg_Menu] ([IdMenu], [IdMenuPadre], [DescripcionMenu], [PosicionMenu], [Habilitado], [Tiene_FormularioAsociado], [nom_Formulario], [nom_Asembly], [nivel], [web_nom_Area], [web_nom_Controller], [web_nom_Action], [es_web], [es_desktop]) VALUES (681, 40, N'Ingreso por consignación', 0, 1, 0, NULL, NULL, 1, N'Inventario', N'Consignacion', N'Index', 1, 0)
INSERT [dbo].[seg_Menu] ([IdMenu], [IdMenuPadre], [DescripcionMenu], [PosicionMenu], [Habilitado], [Tiene_FormularioAsociado], [nom_Formulario], [nom_Asembly], [nivel], [web_nom_Area], [web_nom_Controller], [web_nom_Action], [es_web], [es_desktop]) VALUES (682, 38, N'Parámetro', 0, 1, 0, NULL, NULL, 1, N'Inventario', N'ParametroInventario', N'Index', 1, 0)
INSERT [dbo].[seg_Menu] ([IdMenu], [IdMenuPadre], [DescripcionMenu], [PosicionMenu], [Habilitado], [Tiene_FormularioAsociado], [nom_Formulario], [nom_Asembly], [nivel], [web_nom_Area], [web_nom_Controller], [web_nom_Action], [es_web], [es_desktop]) VALUES (683, 715, N'Archivos de transferencias', 15, 1, 0, NULL, NULL, 1, N'RRHH', N'ArchivosTransferencias', N'Index', 1, 0)
GO
INSERT [dbo].[seg_Menu] ([IdMenu], [IdMenuPadre], [DescripcionMenu], [PosicionMenu], [Habilitado], [Tiene_FormularioAsociado], [nom_Formulario], [nom_Asembly], [nivel], [web_nom_Area], [web_nom_Controller], [web_nom_Action], [es_web], [es_desktop]) VALUES (684, 174, N'Novedades masiva', 5, 1, 0, NULL, NULL, 1, N'RRHH', N'ImportacionNovedades', N'Index', 1, 0)
INSERT [dbo].[seg_Menu] ([IdMenu], [IdMenuPadre], [DescripcionMenu], [PosicionMenu], [Habilitado], [Tiene_FormularioAsociado], [nom_Formulario], [nom_Asembly], [nivel], [web_nom_Area], [web_nom_Controller], [web_nom_Action], [es_web], [es_desktop]) VALUES (685, 305, N'Marcaciones', 5, 1, 0, NULL, NULL, 1, N'RRHH', N'Marcacionempleado', N'Index', 1, 0)
INSERT [dbo].[seg_Menu] ([IdMenu], [IdMenuPadre], [DescripcionMenu], [PosicionMenu], [Habilitado], [Tiene_FormularioAsociado], [nom_Formulario], [nom_Asembly], [nivel], [web_nom_Area], [web_nom_Controller], [web_nom_Action], [es_web], [es_desktop]) VALUES (686, 304, N'Marcaciones', 5, 1, 0, NULL, NULL, 1, N'RRHH', N'Marcacionempleado', N'Index', 1, 0)
INSERT [dbo].[seg_Menu] ([IdMenu], [IdMenuPadre], [DescripcionMenu], [PosicionMenu], [Habilitado], [Tiene_FormularioAsociado], [nom_Formulario], [nom_Asembly], [nivel], [web_nom_Area], [web_nom_Controller], [web_nom_Action], [es_web], [es_desktop]) VALUES (687, 351, N'Departamento', 0, 1, 0, NULL, NULL, 1, N'Compras', N'DepartamentoCompras', N'Index', 1, 0)
INSERT [dbo].[seg_Menu] ([IdMenu], [IdMenuPadre], [DescripcionMenu], [PosicionMenu], [Habilitado], [Tiene_FormularioAsociado], [nom_Formulario], [nom_Asembly], [nivel], [web_nom_Area], [web_nom_Controller], [web_nom_Action], [es_web], [es_desktop]) VALUES (688, 77, N'Aprobación ordenes de pago', 10, 1, 0, NULL, NULL, 1, N'CuentasPorPagar', N'AprobacionOP', N'Index', 1, 0)
INSERT [dbo].[seg_Menu] ([IdMenu], [IdMenuPadre], [DescripcionMenu], [PosicionMenu], [Habilitado], [Tiene_FormularioAsociado], [nom_Formulario], [nom_Asembly], [nivel], [web_nom_Area], [web_nom_Controller], [web_nom_Action], [es_web], [es_desktop]) VALUES (689, 300, N'Planificación de horario', 25, 1, 0, NULL, NULL, 1, N'RRHH', N'HorarioPlanificacion', N'Index', 1, 0)
INSERT [dbo].[seg_Menu] ([IdMenu], [IdMenuPadre], [DescripcionMenu], [PosicionMenu], [Habilitado], [Tiene_FormularioAsociado], [nom_Formulario], [nom_Asembly], [nivel], [web_nom_Area], [web_nom_Controller], [web_nom_Action], [es_web], [es_desktop]) VALUES (690, 300, N'Horas extras', 30, 1, 0, NULL, NULL, 1, N'RRHH', N'HorasExtras', N'Index', 1, 0)
INSERT [dbo].[seg_Menu] ([IdMenu], [IdMenuPadre], [DescripcionMenu], [PosicionMenu], [Habilitado], [Tiene_FormularioAsociado], [nom_Formulario], [nom_Asembly], [nivel], [web_nom_Area], [web_nom_Controller], [web_nom_Action], [es_web], [es_desktop]) VALUES (691, 300, N'Aprobación de horas extras', 35, 1, 0, NULL, NULL, 1, N'RRHH', N'HorasExtras', N'Index2', 1, 0)
INSERT [dbo].[seg_Menu] ([IdMenu], [IdMenuPadre], [DescripcionMenu], [PosicionMenu], [Habilitado], [Tiene_FormularioAsociado], [nom_Formulario], [nom_Asembly], [nivel], [web_nom_Area], [web_nom_Controller], [web_nom_Action], [es_web], [es_desktop]) VALUES (692, 694, N'Rubro', 2, 1, 0, NULL, NULL, 1, N'Presupuesto', N'RubroPresupuesto', N'Index', 1, 0)
INSERT [dbo].[seg_Menu] ([IdMenu], [IdMenuPadre], [DescripcionMenu], [PosicionMenu], [Habilitado], [Tiene_FormularioAsociado], [nom_Formulario], [nom_Asembly], [nivel], [web_nom_Area], [web_nom_Controller], [web_nom_Action], [es_web], [es_desktop]) VALUES (693, 0, N'Presupuesto', 16, 1, 0, NULL, NULL, 1, NULL, N'', NULL, 1, 0)
INSERT [dbo].[seg_Menu] ([IdMenu], [IdMenuPadre], [DescripcionMenu], [PosicionMenu], [Habilitado], [Tiene_FormularioAsociado], [nom_Formulario], [nom_Asembly], [nivel], [web_nom_Area], [web_nom_Controller], [web_nom_Action], [es_web], [es_desktop]) VALUES (694, 693, N'Mantenimientos', 0, 1, 0, NULL, NULL, 1, NULL, N'', NULL, 1, 0)
INSERT [dbo].[seg_Menu] ([IdMenu], [IdMenuPadre], [DescripcionMenu], [PosicionMenu], [Habilitado], [Tiene_FormularioAsociado], [nom_Formulario], [nom_Asembly], [nivel], [web_nom_Area], [web_nom_Controller], [web_nom_Action], [es_web], [es_desktop]) VALUES (695, 47, N'Formas de pago', 0, 1, 0, NULL, NULL, 1, N'Facturacion', N'FormaPago', N'Index', 1, 0)
INSERT [dbo].[seg_Menu] ([IdMenu], [IdMenuPadre], [DescripcionMenu], [PosicionMenu], [Habilitado], [Tiene_FormularioAsociado], [nom_Formulario], [nom_Asembly], [nivel], [web_nom_Area], [web_nom_Controller], [web_nom_Action], [es_web], [es_desktop]) VALUES (696, 694, N'Grupo', 1, 1, 0, NULL, NULL, 1, N'Presupuesto', N'GrupoPresupuesto', N'Index', 1, 0)
INSERT [dbo].[seg_Menu] ([IdMenu], [IdMenuPadre], [DescripcionMenu], [PosicionMenu], [Habilitado], [Tiene_FormularioAsociado], [nom_Formulario], [nom_Asembly], [nivel], [web_nom_Area], [web_nom_Controller], [web_nom_Action], [es_web], [es_desktop]) VALUES (697, 693, N'Transacciones', 2, 1, 0, NULL, NULL, 1, NULL, N'', NULL, 1, 0)
INSERT [dbo].[seg_Menu] ([IdMenu], [IdMenuPadre], [DescripcionMenu], [PosicionMenu], [Habilitado], [Tiene_FormularioAsociado], [nom_Formulario], [nom_Asembly], [nivel], [web_nom_Area], [web_nom_Controller], [web_nom_Action], [es_web], [es_desktop]) VALUES (698, 174, N'Archivos carga batch IESS', 60, 1, 0, NULL, NULL, 1, N'RRHH', N'ArchivosActualizacionSueldo', N'Nuevo', 1, 0)
INSERT [dbo].[seg_Menu] ([IdMenu], [IdMenuPadre], [DescripcionMenu], [PosicionMenu], [Habilitado], [Tiene_FormularioAsociado], [nom_Formulario], [nom_Asembly], [nivel], [web_nom_Area], [web_nom_Controller], [web_nom_Action], [es_web], [es_desktop]) VALUES (699, 697, N'Presupuesto', 1, 1, 0, NULL, NULL, 1, N'Presupuesto', N'Presupuesto', N'Index', 1, 0)
INSERT [dbo].[seg_Menu] ([IdMenu], [IdMenuPadre], [DescripcionMenu], [PosicionMenu], [Habilitado], [Tiene_FormularioAsociado], [nom_Formulario], [nom_Asembly], [nivel], [web_nom_Area], [web_nom_Controller], [web_nom_Action], [es_web], [es_desktop]) VALUES (700, 694, N'Tipo de Rubro', 1, 1, 0, NULL, NULL, 1, N'Presupuesto', N'RubroTipoPresupuesto', N'Index', 1, 0)
INSERT [dbo].[seg_Menu] ([IdMenu], [IdMenuPadre], [DescripcionMenu], [PosicionMenu], [Habilitado], [Tiene_FormularioAsociado], [nom_Formulario], [nom_Asembly], [nivel], [web_nom_Area], [web_nom_Controller], [web_nom_Action], [es_web], [es_desktop]) VALUES (701, 694, N'Periodo', 4, 1, 0, NULL, NULL, 1, N'Presupuesto', N'PeriodoPresupuesto', N'Index', 1, 0)
INSERT [dbo].[seg_Menu] ([IdMenu], [IdMenuPadre], [DescripcionMenu], [PosicionMenu], [Habilitado], [Tiene_FormularioAsociado], [nom_Formulario], [nom_Asembly], [nivel], [web_nom_Area], [web_nom_Controller], [web_nom_Action], [es_web], [es_desktop]) VALUES (702, 174, N'Importación de horas a profesores', 45, 1, 0, NULL, NULL, 1, N'RRHH', N'ImportacionHoras', N'Index', 1, 0)
INSERT [dbo].[seg_Menu] ([IdMenu], [IdMenuPadre], [DescripcionMenu], [PosicionMenu], [Habilitado], [Tiene_FormularioAsociado], [nom_Formulario], [nom_Asembly], [nivel], [web_nom_Area], [web_nom_Controller], [web_nom_Action], [es_web], [es_desktop]) VALUES (703, 0, N'Producción', 0, 1, 0, NULL, NULL, 1, NULL, N'', NULL, 1, 0)
INSERT [dbo].[seg_Menu] ([IdMenu], [IdMenuPadre], [DescripcionMenu], [PosicionMenu], [Habilitado], [Tiene_FormularioAsociado], [nom_Formulario], [nom_Asembly], [nivel], [web_nom_Area], [web_nom_Controller], [web_nom_Action], [es_web], [es_desktop]) VALUES (704, 703, N'Procesos', 0, 1, 0, NULL, NULL, 1, NULL, N'', NULL, 1, 0)
INSERT [dbo].[seg_Menu] ([IdMenu], [IdMenuPadre], [DescripcionMenu], [PosicionMenu], [Habilitado], [Tiene_FormularioAsociado], [nom_Formulario], [nom_Asembly], [nivel], [web_nom_Area], [web_nom_Controller], [web_nom_Action], [es_web], [es_desktop]) VALUES (705, 704, N'Elaboración', 0, 1, 0, NULL, NULL, 1, N'Produccion', N'Fabricacion', N'Index', 1, 0)
INSERT [dbo].[seg_Menu] ([IdMenu], [IdMenuPadre], [DescripcionMenu], [PosicionMenu], [Habilitado], [Tiene_FormularioAsociado], [nom_Formulario], [nom_Asembly], [nivel], [web_nom_Area], [web_nom_Controller], [web_nom_Action], [es_web], [es_desktop]) VALUES (706, 697, N'Aprobación de presupuesto', 2, 1, 0, NULL, NULL, 1, N'Presupuesto', N'AprobacionPresupuesto', N'Index', 1, 0)
INSERT [dbo].[seg_Menu] ([IdMenu], [IdMenuPadre], [DescripcionMenu], [PosicionMenu], [Habilitado], [Tiene_FormularioAsociado], [nom_Formulario], [nom_Asembly], [nivel], [web_nom_Area], [web_nom_Controller], [web_nom_Action], [es_web], [es_desktop]) VALUES (707, 65, N'Areas y departamentos', 0, 1, 0, NULL, NULL, 1, N'ActivoFijo', N'AreaAF', N'Index', 1, 0)
INSERT [dbo].[seg_Menu] ([IdMenu], [IdMenuPadre], [DescripcionMenu], [PosicionMenu], [Habilitado], [Tiene_FormularioAsociado], [nom_Formulario], [nom_Asembly], [nivel], [web_nom_Area], [web_nom_Controller], [web_nom_Action], [es_web], [es_desktop]) VALUES (708, 47, N'Nivel de descuento', 0, 1, 0, NULL, NULL, 1, N'Facturacion', N'NivelDescuento', N'Index', 1, 0)
INSERT [dbo].[seg_Menu] ([IdMenu], [IdMenuPadre], [DescripcionMenu], [PosicionMenu], [Habilitado], [Tiene_FormularioAsociado], [nom_Formulario], [nom_Asembly], [nivel], [web_nom_Area], [web_nom_Controller], [web_nom_Action], [es_web], [es_desktop]) VALUES (709, 77, N'Solicitud de pago', 0, 1, 0, NULL, NULL, 1, N'CuentasPorPagar', N'SolicitudPago', N'Index', 1, 0)
INSERT [dbo].[seg_Menu] ([IdMenu], [IdMenuPadre], [DescripcionMenu], [PosicionMenu], [Habilitado], [Tiene_FormularioAsociado], [nom_Formulario], [nom_Asembly], [nivel], [web_nom_Area], [web_nom_Controller], [web_nom_Action], [es_web], [es_desktop]) VALUES (710, 174, N'Pagos en cheques', 11, 1, 0, NULL, NULL, 1, N'RRHH', N'PagosEnCheques', N'Index', 0, 0)
INSERT [dbo].[seg_Menu] ([IdMenu], [IdMenuPadre], [DescripcionMenu], [PosicionMenu], [Habilitado], [Tiene_FormularioAsociado], [nom_Formulario], [nom_Asembly], [nivel], [web_nom_Area], [web_nom_Controller], [web_nom_Action], [es_web], [es_desktop]) VALUES (711, 300, N'Ajustes de anticipo', 3, 0, 0, NULL, NULL, 1, N'RRHH', N'AjustesAnticipo', N'Index', 1, 0)
INSERT [dbo].[seg_Menu] ([IdMenu], [IdMenuPadre], [DescripcionMenu], [PosicionMenu], [Habilitado], [Tiene_FormularioAsociado], [nom_Formulario], [nom_Asembly], [nivel], [web_nom_Area], [web_nom_Controller], [web_nom_Action], [es_web], [es_desktop]) VALUES (712, 174, N'Préstamos al personal', 70, 1, 0, NULL, NULL, 1, NULL, N'', NULL, 1, 0)
INSERT [dbo].[seg_Menu] ([IdMenu], [IdMenuPadre], [DescripcionMenu], [PosicionMenu], [Habilitado], [Tiene_FormularioAsociado], [nom_Formulario], [nom_Asembly], [nivel], [web_nom_Area], [web_nom_Controller], [web_nom_Action], [es_web], [es_desktop]) VALUES (713, 712, N'Aprobación de préstamos', 2, 1, 0, NULL, NULL, 1, N'RRHH', N'PrestamosAprobacion', N'Index', 1, 0)
INSERT [dbo].[seg_Menu] ([IdMenu], [IdMenuPadre], [DescripcionMenu], [PosicionMenu], [Habilitado], [Tiene_FormularioAsociado], [nom_Formulario], [nom_Asembly], [nivel], [web_nom_Area], [web_nom_Controller], [web_nom_Action], [es_web], [es_desktop]) VALUES (714, 712, N'Abono a prestamo', 3, 0, 0, NULL, NULL, 1, N'RRHH', N'Prestamos', N'abono_prestamo', 1, 0)
INSERT [dbo].[seg_Menu] ([IdMenu], [IdMenuPadre], [DescripcionMenu], [PosicionMenu], [Habilitado], [Tiene_FormularioAsociado], [nom_Formulario], [nom_Asembly], [nivel], [web_nom_Area], [web_nom_Controller], [web_nom_Action], [es_web], [es_desktop]) VALUES (715, 174, N'Pagos y transferencias', 75, 1, 0, NULL, NULL, 1, NULL, N'', NULL, 1, 0)
INSERT [dbo].[seg_Menu] ([IdMenu], [IdMenuPadre], [DescripcionMenu], [PosicionMenu], [Habilitado], [Tiene_FormularioAsociado], [nom_Formulario], [nom_Asembly], [nivel], [web_nom_Area], [web_nom_Controller], [web_nom_Action], [es_web], [es_desktop]) VALUES (716, 715, N'Pagos en cheque', 2, 1, 0, NULL, NULL, 1, N'RRHH', N'PagosEncheques', N'Index', 1, 0)
INSERT [dbo].[seg_Menu] ([IdMenu], [IdMenuPadre], [DescripcionMenu], [PosicionMenu], [Habilitado], [Tiene_FormularioAsociado], [nom_Formulario], [nom_Asembly], [nivel], [web_nom_Area], [web_nom_Controller], [web_nom_Action], [es_web], [es_desktop]) VALUES (717, 300, N'Ajuste de anticipo', 90, 1, 0, NULL, NULL, 1, N'RRHH', N'AjustesAnticipo', N'Index', 1, 0)
INSERT [dbo].[seg_Menu] ([IdMenu], [IdMenuPadre], [DescripcionMenu], [PosicionMenu], [Habilitado], [Tiene_FormularioAsociado], [nom_Formulario], [nom_Asembly], [nivel], [web_nom_Area], [web_nom_Controller], [web_nom_Action], [es_web], [es_desktop]) VALUES (718, 75, N'Plantilla de tipo de flujo', 6, 1, 0, NULL, NULL, 1, N'Banco', N'TipoFlujoPlantilla', N'Index', 1, 0)
INSERT [dbo].[seg_Menu] ([IdMenu], [IdMenuPadre], [DescripcionMenu], [PosicionMenu], [Habilitado], [Tiene_FormularioAsociado], [nom_Formulario], [nom_Asembly], [nivel], [web_nom_Area], [web_nom_Controller], [web_nom_Action], [es_web], [es_desktop]) VALUES (719, 135, N'Movimiento de tipo de flujo', 10, 1, 0, NULL, NULL, 1, N'Banco', N'TipoFlujoMovimiento', N'Index', 1, 0)
INSERT [dbo].[seg_Menu] ([IdMenu], [IdMenuPadre], [DescripcionMenu], [PosicionMenu], [Habilitado], [Tiene_FormularioAsociado], [nom_Formulario], [nom_Asembly], [nivel], [web_nom_Area], [web_nom_Controller], [web_nom_Action], [es_web], [es_desktop]) VALUES (720, 122, N'Motivo de Liquidación de tarjeta de credito', 5, 1, 0, NULL, NULL, 1, N'CuentasPorCobrar', N'MotivoLiquidacion', N'Index', 1, 0)
INSERT [dbo].[seg_Menu] ([IdMenu], [IdMenuPadre], [DescripcionMenu], [PosicionMenu], [Habilitado], [Tiene_FormularioAsociado], [nom_Formulario], [nom_Asembly], [nivel], [web_nom_Area], [web_nom_Controller], [web_nom_Action], [es_web], [es_desktop]) VALUES (721, 123, N'Liquidación de tarjeta de credito', 5, 1, 0, NULL, NULL, 1, N'CuentasPorCobrar', N'LiquidacionTarjetaCredito', N'Index', 1, 0)
INSERT [dbo].[seg_Menu] ([IdMenu], [IdMenuPadre], [DescripcionMenu], [PosicionMenu], [Habilitado], [Tiene_FormularioAsociado], [nom_Formulario], [nom_Asembly], [nivel], [web_nom_Area], [web_nom_Controller], [web_nom_Action], [es_web], [es_desktop]) VALUES (723, 81, N'Jornada', 10, 1, 0, NULL, NULL, 1, N'RRHH', N'Jornada', N'Index', 1, 0)
INSERT [dbo].[seg_Menu] ([IdMenu], [IdMenuPadre], [DescripcionMenu], [PosicionMenu], [Habilitado], [Tiene_FormularioAsociado], [nom_Formulario], [nom_Asembly], [nivel], [web_nom_Area], [web_nom_Controller], [web_nom_Action], [es_web], [es_desktop]) VALUES (725, 39, N'Auditoría de Inventario', 10, 1, 0, NULL, NULL, 1, N'Inventario', N'AuditoriaInventario', N'Index', 1, 0)
INSERT [dbo].[seg_Menu] ([IdMenu], [IdMenuPadre], [DescripcionMenu], [PosicionMenu], [Habilitado], [Tiene_FormularioAsociado], [nom_Formulario], [nom_Asembly], [nivel], [web_nom_Area], [web_nom_Controller], [web_nom_Action], [es_web], [es_desktop]) VALUES (727, 20, N'Cierre por módulo por sucursal', 10, 1, 0, NULL, NULL, 1, N'Contabilidad', N'CierrePorModuloPorSucursal', N'Index', 1, 0)
INSERT [dbo].[seg_Menu] ([IdMenu], [IdMenuPadre], [DescripcionMenu], [PosicionMenu], [Habilitado], [Tiene_FormularioAsociado], [nom_Formulario], [nom_Asembly], [nivel], [web_nom_Area], [web_nom_Controller], [web_nom_Action], [es_web], [es_desktop]) VALUES (728, 300, N'Ajuste de DII y DIV', 10, 1, 0, NULL, NULL, 1, N'RRHH', N'AjusteBeneficiosSociales', N'Index', 1, 0)
INSERT [dbo].[seg_Menu] ([IdMenu], [IdMenuPadre], [DescripcionMenu], [PosicionMenu], [Habilitado], [Tiene_FormularioAsociado], [nom_Formulario], [nom_Asembly], [nivel], [web_nom_Area], [web_nom_Controller], [web_nom_Action], [es_web], [es_desktop]) VALUES (729, 300, N'Preliquidación de haberes', 5, 1, 0, NULL, NULL, 1, N'RRHH', N'PreLiquidacion', N'Index', 1, 0)
INSERT [dbo].[seg_Menu] ([IdMenu], [IdMenuPadre], [DescripcionMenu], [PosicionMenu], [Habilitado], [Tiene_FormularioAsociado], [nom_Formulario], [nom_Asembly], [nivel], [web_nom_Area], [web_nom_Controller], [web_nom_Action], [es_web], [es_desktop]) VALUES (730, 20, N'Contabilización de facturas', 0, 1, 1, NULL, NULL, 1, N'Contabilidad', N'RevisionContable', N'Index', 1, 0)
INSERT [dbo].[seg_Menu] ([IdMenu], [IdMenuPadre], [DescripcionMenu], [PosicionMenu], [Habilitado], [Tiene_FormularioAsociado], [nom_Formulario], [nom_Asembly], [nivel], [web_nom_Area], [web_nom_Controller], [web_nom_Action], [es_web], [es_desktop]) VALUES (731, 20, N'Cierre anual', 0, 1, 0, NULL, NULL, 1, N'Contabilidad', N'CierreAnual', N'Index', 1, 0)
INSERT [dbo].[seg_Menu] ([IdMenu], [IdMenuPadre], [DescripcionMenu], [PosicionMenu], [Habilitado], [Tiene_FormularioAsociado], [nom_Formulario], [nom_Asembly], [nivel], [web_nom_Area], [web_nom_Controller], [web_nom_Action], [es_web], [es_desktop]) VALUES (732, 6, N'Centros de costo', 0, 1, 1, NULL, NULL, 1, N'Contabilidad', N'CentroCosto', N'Index', 1, 0)
INSERT [dbo].[seg_Menu] ([IdMenu], [IdMenuPadre], [DescripcionMenu], [PosicionMenu], [Habilitado], [Tiene_FormularioAsociado], [nom_Formulario], [nom_Asembly], [nivel], [web_nom_Area], [web_nom_Controller], [web_nom_Action], [es_web], [es_desktop]) VALUES (733, 6, N'Puntos de cargo', 0, 1, 1, NULL, NULL, 1, N'Contabilidad', N'PuntoCargoGrupo', N'Index', 1, 0)
INSERT [dbo].[seg_Menu] ([IdMenu], [IdMenuPadre], [DescripcionMenu], [PosicionMenu], [Habilitado], [Tiene_FormularioAsociado], [nom_Formulario], [nom_Asembly], [nivel], [web_nom_Area], [web_nom_Controller], [web_nom_Action], [es_web], [es_desktop]) VALUES (734, 732, N'Niveles de centros de costo', 0, 1, 1, NULL, NULL, 1, N'Contabilidad', N'CentroCostoNivel', N'Index', 1, 0)
INSERT [dbo].[seg_Menu] ([IdMenu], [IdMenuPadre], [DescripcionMenu], [PosicionMenu], [Habilitado], [Tiene_FormularioAsociado], [nom_Formulario], [nom_Asembly], [nivel], [web_nom_Area], [web_nom_Controller], [web_nom_Action], [es_web], [es_desktop]) VALUES (735, 160, N'Orden de servicio', 0, 1, 1, NULL, NULL, 1, N'Compras', N'OrdenServicio', N'Index', 1, 0)
INSERT [dbo].[seg_Menu] ([IdMenu], [IdMenuPadre], [DescripcionMenu], [PosicionMenu], [Habilitado], [Tiene_FormularioAsociado], [nom_Formulario], [nom_Asembly], [nivel], [web_nom_Area], [web_nom_Controller], [web_nom_Action], [es_web], [es_desktop]) VALUES (736, 47, N'Motivo de traslado', 6, 1, 0, NULL, NULL, 1, N'Facturacion', N'MotivoTraslado', N'Index', 0, 0)
INSERT [dbo].[seg_Menu] ([IdMenu], [IdMenuPadre], [DescripcionMenu], [PosicionMenu], [Habilitado], [Tiene_FormularioAsociado], [nom_Formulario], [nom_Asembly], [nivel], [web_nom_Area], [web_nom_Controller], [web_nom_Action], [es_web], [es_desktop]) VALUES (737, 73, N'Guia sin factura', 4, 1, 0, NULL, NULL, 1, N'Facturacion', N'GuiaSinPrecios', N'Index', 1, 0)
INSERT [dbo].[seg_Menu] ([IdMenu], [IdMenuPadre], [DescripcionMenu], [PosicionMenu], [Habilitado], [Tiene_FormularioAsociado], [nom_Formulario], [nom_Asembly], [nivel], [web_nom_Area], [web_nom_Controller], [web_nom_Action], [es_web], [es_desktop]) VALUES (738, 160, N'Aprobación de Orden de Servicio', 4, 1, 0, NULL, NULL, 1, N'Compras', N'AprobacionOS', N'Index', 1, 0)
INSERT [dbo].[seg_Menu] ([IdMenu], [IdMenuPadre], [DescripcionMenu], [PosicionMenu], [Habilitado], [Tiene_FormularioAsociado], [nom_Formulario], [nom_Asembly], [nivel], [web_nom_Area], [web_nom_Controller], [web_nom_Action], [es_web], [es_desktop]) VALUES (739, 20, N'Generacion Dinardap', 5, 1, 0, NULL, NULL, 1, N'Contabilidad', N'Dinardap', N'Nuevo', 1, 0)
INSERT [dbo].[seg_Menu] ([IdMenu], [IdMenuPadre], [DescripcionMenu], [PosicionMenu], [Habilitado], [Tiene_FormularioAsociado], [nom_Formulario], [nom_Asembly], [nivel], [web_nom_Area], [web_nom_Controller], [web_nom_Action], [es_web], [es_desktop]) VALUES (740, 6, N'Clasificación EBITDA', 20, 1, 0, NULL, NULL, 1, N'Contabilidad', N'ClasificacionEBIT', N'Index', 1, 0)

INSERT [dbo].[tb_sis_Impuesto_Tipo] ([IdTipoImpuesto], [nom_tipoImpuesto]) VALUES (N'ICE', N'IMPUESTO A LOS CONSUMOS ESPECIALES')
INSERT [dbo].[tb_sis_Impuesto_Tipo] ([IdTipoImpuesto], [nom_tipoImpuesto]) VALUES (N'IVA', N'IMPUESTO AL VALOR AGREGADO')
INSERT [dbo].[tb_sis_Impuesto] ([IdCod_Impuesto], [nom_impuesto], [Usado_en_Ventas], [Usado_en_Compras], [porcentaje], [IdCodigo_SRI], [estado], [IdTipoImpuesto]) VALUES (N'ICE0', N'0%', 1, 0, 0, NULL, 1, N'ICE')
INSERT [dbo].[tb_sis_Impuesto] ([IdCod_Impuesto], [nom_impuesto], [Usado_en_Ventas], [Usado_en_Compras], [porcentaje], [IdCodigo_SRI], [estado], [IdTipoImpuesto]) VALUES (N'IVA0', N'0%', 1, 1, 0, NULL, 1, N'IVA')
INSERT [dbo].[tb_sis_Impuesto] ([IdCod_Impuesto], [nom_impuesto], [Usado_en_Ventas], [Usado_en_Compras], [porcentaje], [IdCodigo_SRI], [estado], [IdTipoImpuesto]) VALUES (N'IVA12', N'IVA 12%', 1, 1, 12, NULL, 1, N'IVA')
INSERT [dbo].[tb_sis_Impuesto] ([IdCod_Impuesto], [nom_impuesto], [Usado_en_Ventas], [Usado_en_Compras], [porcentaje], [IdCodigo_SRI], [estado], [IdTipoImpuesto]) VALUES (N'IVA14', N'IVA 14%', 1, 1, 14, NULL, 1, N'IVA')
INSERT [dbo].[tb_sis_Impuesto] ([IdCod_Impuesto], [nom_impuesto], [Usado_en_Ventas], [Usado_en_Compras], [porcentaje], [IdCodigo_SRI], [estado], [IdTipoImpuesto]) VALUES (N'IVA18', N'IVA 18%', 0, 0, 18, NULL, 1, N'IVA')
INSERT [dbo].[cxc_cobro_tipo_motivo] ([IdMotivo_tipo_cobro], [nom_Motivo_tipo_cobro]) VALUES (N'CHEQ', N'CHEQUE')
INSERT [dbo].[cxc_cobro_tipo_motivo] ([IdMotivo_tipo_cobro], [nom_Motivo_tipo_cobro]) VALUES (N'COMI_TAR', N'COMISION TARJETA')
INSERT [dbo].[cxc_cobro_tipo_motivo] ([IdMotivo_tipo_cobro], [nom_Motivo_tipo_cobro]) VALUES (N'DEPO', N'DEPOSITO')
INSERT [dbo].[cxc_cobro_tipo_motivo] ([IdMotivo_tipo_cobro], [nom_Motivo_tipo_cobro]) VALUES (N'EFEC', N'EFECTIVO')
INSERT [dbo].[cxc_cobro_tipo_motivo] ([IdMotivo_tipo_cobro], [nom_Motivo_tipo_cobro]) VALUES (N'NTCR', N'NOTA CRED')
INSERT [dbo].[cxc_cobro_tipo_motivo] ([IdMotivo_tipo_cobro], [nom_Motivo_tipo_cobro]) VALUES (N'NTDB', N'NOTA DEB')
INSERT [dbo].[cxc_cobro_tipo_motivo] ([IdMotivo_tipo_cobro], [nom_Motivo_tipo_cobro]) VALUES (N'RET', N'RETENCION')
INSERT [dbo].[cxc_cobro_tipo_motivo] ([IdMotivo_tipo_cobro], [nom_Motivo_tipo_cobro]) VALUES (N'TARJ', N'TARJETA CREDITO')
INSERT [dbo].[cxc_cobro_tipo_motivo] ([IdMotivo_tipo_cobro], [nom_Motivo_tipo_cobro]) VALUES (N'TRANS_BAN', N'TRANSFERENCIAS BANCARIAS')
INSERT [dbo].[cxc_cobro_tipo] ([IdCobro_tipo], [tc_descripcion], [Estado], [tc_abreviatura], [tc_Tomar_Cta_Cble_De], [ESRetenIVA], [ESRetenFTE], [PorcentajeRet], [IdUsuario], [Fecha_Transac], [IdUsuarioUltMod], [Fecha_UltMod], [IdUsuarioUltAnu], [Fecha_UltAnu], [IdMotivo_tipo_cobro], [EsTarjetaCredito], [SeDeposita], [PorcentajeDescuento]) VALUES (N'CHQF', N'CHEQUE A FECHA', N'A', N'ChF  ', N'CAJA', N'N', N'N', 0, N'admin', NULL, NULL, NULL, NULL, NULL, N'CHEQ', 0, 1, 0)
INSERT [dbo].[cxc_cobro_tipo] ([IdCobro_tipo], [tc_descripcion], [Estado], [tc_abreviatura], [tc_Tomar_Cta_Cble_De], [ESRetenIVA], [ESRetenFTE], [PorcentajeRet], [IdUsuario], [Fecha_Transac], [IdUsuarioUltMod], [Fecha_UltMod], [IdUsuarioUltAnu], [Fecha_UltAnu], [IdMotivo_tipo_cobro], [EsTarjetaCredito], [SeDeposita], [PorcentajeDescuento]) VALUES (N'CHQV', N'CHEQUE ', N'A', N'ChV  ', N'CAJA', N'N', N'N', 0, N'admin', NULL, NULL, NULL, NULL, NULL, N'CHEQ', 0, 1, 0)
INSERT [dbo].[cxc_cobro_tipo] ([IdCobro_tipo], [tc_descripcion], [Estado], [tc_abreviatura], [tc_Tomar_Cta_Cble_De], [ESRetenIVA], [ESRetenFTE], [PorcentajeRet], [IdUsuario], [Fecha_Transac], [IdUsuarioUltMod], [Fecha_UltMod], [IdUsuarioUltAnu], [Fecha_UltAnu], [IdMotivo_tipo_cobro], [EsTarjetaCredito], [SeDeposita], [PorcentajeDescuento]) VALUES (N'CRU', N'CRUCE DE CUENTAS CCG', N'A', N'CRU', N'TIP_COBRO', N'N', N'N', 0, N'admin', NULL, NULL, NULL, NULL, NULL, N'COMI_TAR', 0, 0, 0)
INSERT [dbo].[cxc_cobro_tipo] ([IdCobro_tipo], [tc_descripcion], [Estado], [tc_abreviatura], [tc_Tomar_Cta_Cble_De], [ESRetenIVA], [ESRetenFTE], [PorcentajeRet], [IdUsuario], [Fecha_Transac], [IdUsuarioUltMod], [Fecha_UltMod], [IdUsuarioUltAnu], [Fecha_UltAnu], [IdMotivo_tipo_cobro], [EsTarjetaCredito], [SeDeposita], [PorcentajeDescuento]) VALUES (N'CRUBAR', N'CRUCE DE CUENTAS BAR', N'A', N'CRU', N'TIP_COBRO', N'N', N'N', 0, N'admin', NULL, NULL, NULL, NULL, NULL, N'COMI_TAR', 0, 0, 0)
INSERT [dbo].[cxc_cobro_tipo] ([IdCobro_tipo], [tc_descripcion], [Estado], [tc_abreviatura], [tc_Tomar_Cta_Cble_De], [ESRetenIVA], [ESRetenFTE], [PorcentajeRet], [IdUsuario], [Fecha_Transac], [IdUsuarioUltMod], [Fecha_UltMod], [IdUsuarioUltAnu], [Fecha_UltAnu], [IdMotivo_tipo_cobro], [EsTarjetaCredito], [SeDeposita], [PorcentajeDescuento]) VALUES (N'CRULIB', N'CRUCE DE CUENTAS LIBRERIA', N'A', N'CRU', N'TIP_COBRO', N'N', N'N', 0, N'admin', NULL, NULL, NULL, NULL, NULL, N'COMI_TAR', 0, 0, 0)
INSERT [dbo].[cxc_cobro_tipo] ([IdCobro_tipo], [tc_descripcion], [Estado], [tc_abreviatura], [tc_Tomar_Cta_Cble_De], [ESRetenIVA], [ESRetenFTE], [PorcentajeRet], [IdUsuario], [Fecha_Transac], [IdUsuarioUltMod], [Fecha_UltMod], [IdUsuarioUltAnu], [Fecha_UltAnu], [IdMotivo_tipo_cobro], [EsTarjetaCredito], [SeDeposita], [PorcentajeDescuento]) VALUES (N'CRULIC', N'CRUCE DE CUENTAS LICEO', N'A', N'CRU', N'TIP_COBRO', N'N', N'N', 0, N'admin', NULL, NULL, NULL, NULL, NULL, N'COMI_TAR', 0, 0, 0)
INSERT [dbo].[cxc_cobro_tipo] ([IdCobro_tipo], [tc_descripcion], [Estado], [tc_abreviatura], [tc_Tomar_Cta_Cble_De], [ESRetenIVA], [ESRetenFTE], [PorcentajeRet], [IdUsuario], [Fecha_Transac], [IdUsuarioUltMod], [Fecha_UltMod], [IdUsuarioUltAnu], [Fecha_UltAnu], [IdMotivo_tipo_cobro], [EsTarjetaCredito], [SeDeposita], [PorcentajeDescuento]) VALUES (N'CRUTEC', N'CRUCE DE CUENTAS TECNOLOGICO', N'A', N'CRU', N'TIP_COBRO', N'N', N'N', 0, N'admin', NULL, NULL, NULL, NULL, NULL, N'COMI_TAR', 0, 0, 0)
INSERT [dbo].[cxc_cobro_tipo] ([IdCobro_tipo], [tc_descripcion], [Estado], [tc_abreviatura], [tc_Tomar_Cta_Cble_De], [ESRetenIVA], [ESRetenFTE], [PorcentajeRet], [IdUsuario], [Fecha_Transac], [IdUsuarioUltMod], [Fecha_UltMod], [IdUsuarioUltAnu], [Fecha_UltAnu], [IdMotivo_tipo_cobro], [EsTarjetaCredito], [SeDeposita], [PorcentajeDescuento]) VALUES (N'DEPO', N'DEPOSITO', N'A', N'Dep  ', N'CAJA', N'N', N'N', 0, N'admin', NULL, NULL, NULL, NULL, NULL, N'DEPO', 0, 0, 0)
INSERT [dbo].[cxc_cobro_tipo] ([IdCobro_tipo], [tc_descripcion], [Estado], [tc_abreviatura], [tc_Tomar_Cta_Cble_De], [ESRetenIVA], [ESRetenFTE], [PorcentajeRet], [IdUsuario], [Fecha_Transac], [IdUsuarioUltMod], [Fecha_UltMod], [IdUsuarioUltAnu], [Fecha_UltAnu], [IdMotivo_tipo_cobro], [EsTarjetaCredito], [SeDeposita], [PorcentajeDescuento]) VALUES (N'EFEC', N'EFECTIVO', N'A', N'Efec ', N'CAJA', N'N', N'N', 0, N'admin', NULL, NULL, NULL, NULL, NULL, N'EFEC', 0, 1, 10)
INSERT [dbo].[cxc_cobro_tipo] ([IdCobro_tipo], [tc_descripcion], [Estado], [tc_abreviatura], [tc_Tomar_Cta_Cble_De], [ESRetenIVA], [ESRetenFTE], [PorcentajeRet], [IdUsuario], [Fecha_Transac], [IdUsuarioUltMod], [Fecha_UltMod], [IdUsuarioUltAnu], [Fecha_UltAnu], [IdMotivo_tipo_cobro], [EsTarjetaCredito], [SeDeposita], [PorcentajeDescuento]) VALUES (N'NCSER', N'CRUCE - SER BACHILLER', N'A', N'NCSER', N'TIP_COBRO', N'N', N'N', 0, N'admin', NULL, NULL, NULL, NULL, NULL, N'NTCR', 0, 0, 0)
INSERT [dbo].[cxc_cobro_tipo] ([IdCobro_tipo], [tc_descripcion], [Estado], [tc_abreviatura], [tc_Tomar_Cta_Cble_De], [ESRetenIVA], [ESRetenFTE], [PorcentajeRet], [IdUsuario], [Fecha_Transac], [IdUsuarioUltMod], [Fecha_UltMod], [IdUsuarioUltAnu], [Fecha_UltAnu], [IdMotivo_tipo_cobro], [EsTarjetaCredito], [SeDeposita], [PorcentajeDescuento]) VALUES (N'NTCR', N'NOTA/ CREDITO CLIENTE', N'A', N'N/C  ', N'CAJA', N'N', N'N', 0, N'admin', NULL, NULL, NULL, NULL, NULL, N'NTCR', 0, 0, 0)
INSERT [dbo].[cxc_cobro_tipo] ([IdCobro_tipo], [tc_descripcion], [Estado], [tc_abreviatura], [tc_Tomar_Cta_Cble_De], [ESRetenIVA], [ESRetenFTE], [PorcentajeRet], [IdUsuario], [Fecha_Transac], [IdUsuarioUltMod], [Fecha_UltMod], [IdUsuarioUltAnu], [Fecha_UltAnu], [IdMotivo_tipo_cobro], [EsTarjetaCredito], [SeDeposita], [PorcentajeDescuento]) VALUES (N'NTDB', N'NOTA /DEBITO CLIENTE', N'A', N'N/D  ', N'CAJA', N'N', N'N', 0, N'admin', NULL, NULL, NULL, NULL, NULL, N'NTDB', 0, 0, 0)
INSERT [dbo].[cxc_cobro_tipo] ([IdCobro_tipo], [tc_descripcion], [Estado], [tc_abreviatura], [tc_Tomar_Cta_Cble_De], [ESRetenIVA], [ESRetenFTE], [PorcentajeRet], [IdUsuario], [Fecha_Transac], [IdUsuarioUltMod], [Fecha_UltMod], [IdUsuarioUltAnu], [Fecha_UltAnu], [IdMotivo_tipo_cobro], [EsTarjetaCredito], [SeDeposita], [PorcentajeDescuento]) VALUES (N'RTFTE1', N'Retencion Fuente 1%', N'A', N'RT1  ', N'TIP_COBRO', N'N', N'S', 1, N'admin', NULL, NULL, NULL, NULL, NULL, N'RET', 0, 0, 0)
INSERT [dbo].[cxc_cobro_tipo] ([IdCobro_tipo], [tc_descripcion], [Estado], [tc_abreviatura], [tc_Tomar_Cta_Cble_De], [ESRetenIVA], [ESRetenFTE], [PorcentajeRet], [IdUsuario], [Fecha_Transac], [IdUsuarioUltMod], [Fecha_UltMod], [IdUsuarioUltAnu], [Fecha_UltAnu], [IdMotivo_tipo_cobro], [EsTarjetaCredito], [SeDeposita], [PorcentajeDescuento]) VALUES (N'RTFTE2', N'Retencion Fuente 2%', N'A', N'RT2  ', N'TIP_COBRO', N'N', N'S', 2, N'admin', NULL, NULL, NULL, NULL, NULL, N'RET', 0, 0, 0)
INSERT [dbo].[cxc_cobro_tipo] ([IdCobro_tipo], [tc_descripcion], [Estado], [tc_abreviatura], [tc_Tomar_Cta_Cble_De], [ESRetenIVA], [ESRetenFTE], [PorcentajeRet], [IdUsuario], [Fecha_Transac], [IdUsuarioUltMod], [Fecha_UltMod], [IdUsuarioUltAnu], [Fecha_UltAnu], [IdMotivo_tipo_cobro], [EsTarjetaCredito], [SeDeposita], [PorcentajeDescuento]) VALUES (N'RTIVA10', N'RETENCION / IVA 10%', N'A', N'RI10 ', N'TIP_COBRO', N'S', N'N', 10, N'admin', NULL, NULL, NULL, NULL, NULL, N'RET', 0, 0, 0)
INSERT [dbo].[cxc_cobro_tipo] ([IdCobro_tipo], [tc_descripcion], [Estado], [tc_abreviatura], [tc_Tomar_Cta_Cble_De], [ESRetenIVA], [ESRetenFTE], [PorcentajeRet], [IdUsuario], [Fecha_Transac], [IdUsuarioUltMod], [Fecha_UltMod], [IdUsuarioUltAnu], [Fecha_UltAnu], [IdMotivo_tipo_cobro], [EsTarjetaCredito], [SeDeposita], [PorcentajeDescuento]) VALUES (N'RTIVA100', N'RETENCION / IVA 100%', N'A', N'RI100', N'TIP_COBRO', N'S', N'N', 100, N'admin', NULL, NULL, NULL, NULL, NULL, N'RET', 0, 0, 0)
INSERT [dbo].[cxc_cobro_tipo] ([IdCobro_tipo], [tc_descripcion], [Estado], [tc_abreviatura], [tc_Tomar_Cta_Cble_De], [ESRetenIVA], [ESRetenFTE], [PorcentajeRet], [IdUsuario], [Fecha_Transac], [IdUsuarioUltMod], [Fecha_UltMod], [IdUsuarioUltAnu], [Fecha_UltAnu], [IdMotivo_tipo_cobro], [EsTarjetaCredito], [SeDeposita], [PorcentajeDescuento]) VALUES (N'RTIVA20', N'RETENCION / IVA 20%', N'A', N'RI20 ', N'TIP_COBRO', N'S', N'N', 20, N'admin', NULL, NULL, NULL, NULL, NULL, N'RET', 0, 0, 0)
INSERT [dbo].[cxc_cobro_tipo] ([IdCobro_tipo], [tc_descripcion], [Estado], [tc_abreviatura], [tc_Tomar_Cta_Cble_De], [ESRetenIVA], [ESRetenFTE], [PorcentajeRet], [IdUsuario], [Fecha_Transac], [IdUsuarioUltMod], [Fecha_UltMod], [IdUsuarioUltAnu], [Fecha_UltAnu], [IdMotivo_tipo_cobro], [EsTarjetaCredito], [SeDeposita], [PorcentajeDescuento]) VALUES (N'RTIVA30', N'RETENCION / IVA 30%', N'A', N'RI30 ', N'TIP_COBRO', N'S', N'N', 30, N'admin', NULL, NULL, NULL, NULL, NULL, N'RET', 0, 0, 0)
INSERT [dbo].[cxc_cobro_tipo] ([IdCobro_tipo], [tc_descripcion], [Estado], [tc_abreviatura], [tc_Tomar_Cta_Cble_De], [ESRetenIVA], [ESRetenFTE], [PorcentajeRet], [IdUsuario], [Fecha_Transac], [IdUsuarioUltMod], [Fecha_UltMod], [IdUsuarioUltAnu], [Fecha_UltAnu], [IdMotivo_tipo_cobro], [EsTarjetaCredito], [SeDeposita], [PorcentajeDescuento]) VALUES (N'RTIVA70', N'RETENCION / IVA 70%', N'A', N'RI70 ', N'TIP_COBRO', N'S', N'N', 70, N'admin', NULL, NULL, NULL, NULL, NULL, N'RET', 0, 0, 0)
INSERT [dbo].[cxc_cobro_tipo] ([IdCobro_tipo], [tc_descripcion], [Estado], [tc_abreviatura], [tc_Tomar_Cta_Cble_De], [ESRetenIVA], [ESRetenFTE], [PorcentajeRet], [IdUsuario], [Fecha_Transac], [IdUsuarioUltMod], [Fecha_UltMod], [IdUsuarioUltAnu], [Fecha_UltAnu], [IdMotivo_tipo_cobro], [EsTarjetaCredito], [SeDeposita], [PorcentajeDescuento]) VALUES (N'TARJ', N'TARJETA CREDITO', N'A', N'Tar  ', N'TIP_COBRO', N'N', N'N', 0, N'admin', NULL, NULL, NULL, NULL, NULL, N'TARJ', 1, 0, 0)
INSERT [dbo].[cxc_cobro_tipo] ([IdCobro_tipo], [tc_descripcion], [Estado], [tc_abreviatura], [tc_Tomar_Cta_Cble_De], [ESRetenIVA], [ESRetenFTE], [PorcentajeRet], [IdUsuario], [Fecha_Transac], [IdUsuarioUltMod], [Fecha_UltMod], [IdUsuarioUltAnu], [Fecha_UltAnu], [IdMotivo_tipo_cobro], [EsTarjetaCredito], [SeDeposita], [PorcentajeDescuento]) VALUES (N'TRAN_CLI', N'COBRO X TRANSFERENCIA BANCARIA', N'A', N'Tran ', N'CAJA', N'N', N'N', 0, N'admin', NULL, NULL, NULL, NULL, NULL, N'TRANS_BAN', 0, 0, 0)

INSERT [dbo].[cxc_CatalogoTipo] ([IdCatalogo_tipo], [Descripcion]) VALUES (N'TRANS_GENERADA', N'Transaccion a Generar')
INSERT [dbo].[cxc_Catalogo] ([IdCatalogo], [IdCatalogo_tipo], [Nombre], [Estado], [Orden], [IdUsuario], [IdUsuarioUltMod], [FechaUltMod], [nom_pc], [ip]) VALUES (N'DEP', N'TRANS_GENERADA', N'DEP', N'I', 0, N'KZAMBRANO', N'KZAMBRANO', null, N'LYANZA', N'192.168.50.1')
INSERT [dbo].[cxc_Catalogo] ([IdCatalogo], [IdCatalogo_tipo], [Nombre], [Estado], [Orden], [IdUsuario], [IdUsuarioUltMod], [FechaUltMod], [nom_pc], [ip]) VALUES (N'DEPOSITO', N'TRANS_GENERADA', N'Deposito Bancario', N'A', 3, NULL, N'KZAMBRANO', null, NULL, NULL)
INSERT [dbo].[cxc_Catalogo] ([IdCatalogo], [IdCatalogo_tipo], [Nombre], [Estado], [Orden], [IdUsuario], [IdUsuarioUltMod], [FechaUltMod], [nom_pc], [ip]) VALUES (N'DIARIO', N'TRANS_GENERADA', N'Diario Contable', N'A', 2, NULL, NULL, NULL, NULL, NULL)
INSERT [dbo].[cxc_Catalogo] ([IdCatalogo], [IdCatalogo_tipo], [Nombre], [Estado], [Orden], [IdUsuario], [IdUsuarioUltMod], [FechaUltMod], [nom_pc], [ip]) VALUES (N'MOVI_CAJA', N'TRANS_GENERADA', N'Movimiento de Caja', N'A', 1, NULL, NULL, NULL, NULL, NULL)
INSERT [dbo].[cxc_Catalogo] ([IdCatalogo], [IdCatalogo_tipo], [Nombre], [Estado], [Orden], [IdUsuario], [IdUsuarioUltMod], [FechaUltMod], [nom_pc], [ip]) VALUES (N'NTCR_BAN', N'TRANS_GENERADA', N'Nota de Credito Bancario', N'A', 6, NULL, NULL, NULL, NULL, NULL)
INSERT [dbo].[cxc_Catalogo] ([IdCatalogo], [IdCatalogo_tipo], [Nombre], [Estado], [Orden], [IdUsuario], [IdUsuarioUltMod], [FechaUltMod], [nom_pc], [ip]) VALUES (N'NTCR_CLI', N'TRANS_GENERADA', N'Nota de Credito Cliente', N'A', 4, NULL, NULL, NULL, NULL, NULL)
INSERT [dbo].[cxc_Catalogo] ([IdCatalogo], [IdCatalogo_tipo], [Nombre], [Estado], [Orden], [IdUsuario], [IdUsuarioUltMod], [FechaUltMod], [nom_pc], [ip]) VALUES (N'NTDB_CLI', N'TRANS_GENERADA', N'Nota de Debito Cliente', N'A', 5, NULL, NULL, NULL, NULL, NULL)
INSERT [dbo].[tb_modulo] ([CodModulo], [Descripcion], [Nom_Carpeta], [Se_Cierra]) VALUES (N'ACA', N'Academico', N'Academico', NULL)
INSERT [dbo].[tb_modulo] ([CodModulo], [Descripcion], [Nom_Carpeta], [Se_Cierra]) VALUES (N'ACTF', N'Activo Fijo', N'ActivoFijo', NULL)
INSERT [dbo].[tb_modulo] ([CodModulo], [Descripcion], [Nom_Carpeta], [Se_Cierra]) VALUES (N'BAN', N'Bancos', N'Banco', NULL)
INSERT [dbo].[tb_modulo] ([CodModulo], [Descripcion], [Nom_Carpeta], [Se_Cierra]) VALUES (N'CAJ', N'Caja', N'Caja', NULL)
INSERT [dbo].[tb_modulo] ([CodModulo], [Descripcion], [Nom_Carpeta], [Se_Cierra]) VALUES (N'COMP', N'Compras', N'Compras', NULL)
INSERT [dbo].[tb_modulo] ([CodModulo], [Descripcion], [Nom_Carpeta], [Se_Cierra]) VALUES (N'CONTA', N'Contabilidad', N'Contabilidad', NULL)
INSERT [dbo].[tb_modulo] ([CodModulo], [Descripcion], [Nom_Carpeta], [Se_Cierra]) VALUES (N'CXC', N'Cuentas x Cobrar', N'CuentasPorCobrar', NULL)
INSERT [dbo].[tb_modulo] ([CodModulo], [Descripcion], [Nom_Carpeta], [Se_Cierra]) VALUES (N'CXP', N'Cuentas por Pagar', N'CuentasPorPagar', NULL)
INSERT [dbo].[tb_modulo] ([CodModulo], [Descripcion], [Nom_Carpeta], [Se_Cierra]) VALUES (N'FAC', N'Facturacion', N'Facturacion', NULL)
INSERT [dbo].[tb_modulo] ([CodModulo], [Descripcion], [Nom_Carpeta], [Se_Cierra]) VALUES (N'IMP', N'Importaciones', N'Importacion', NULL)
INSERT [dbo].[tb_modulo] ([CodModulo], [Descripcion], [Nom_Carpeta], [Se_Cierra]) VALUES (N'INV', N'Inventario', N'Inventario', NULL)
INSERT [dbo].[tb_modulo] ([CodModulo], [Descripcion], [Nom_Carpeta], [Se_Cierra]) VALUES (N'PRE', N'Presupuesto', N'Presupuesto', NULL)
INSERT [dbo].[tb_modulo] ([CodModulo], [Descripcion], [Nom_Carpeta], [Se_Cierra]) VALUES (N'PRO', N'Produccion', N'Produccion', 0)
INSERT [dbo].[tb_modulo] ([CodModulo], [Descripcion], [Nom_Carpeta], [Se_Cierra]) VALUES (N'ROL', N'Roles', N'RRHH', NULL)
INSERT [web].[tb_sis_reporte] ([CodReporte], [nom_reporte], [CodModulo], [rpt_vista], [rpt_usa_store_procedure], [rpt_store_procedure], [rpt_clase_info], [rpt_clase_data], [rpt_clase_bus], [rpt_clase_rpt], [mvc_area], [mvc_controlador], [mvc_accion], [estado], [se_muestra_administrador_reportes], [orden], [observacion], [Se_Mustra_Disenador_rpt]) VALUES (N'ACTF_001', N'REVALORIZACIÓN', N'ACTF', N'web.VWACTF_001', 0, N'web.SPACTF_001', N'ACTF_001_Info', N'ACTF_001_Data', N'ACTF_001_Bus', N'ACTF_001_Rpt', N'Reportes', N'ActivoFijoReportes', N'ACTF_001', 1, 0, 0, NULL, 0)
INSERT [web].[tb_sis_reporte] ([CodReporte], [nom_reporte], [CodModulo], [rpt_vista], [rpt_usa_store_procedure], [rpt_store_procedure], [rpt_clase_info], [rpt_clase_data], [rpt_clase_bus], [rpt_clase_rpt], [mvc_area], [mvc_controlador], [mvc_accion], [estado], [se_muestra_administrador_reportes], [orden], [observacion], [Se_Mustra_Disenador_rpt]) VALUES (N'ACTF_002', N'VENTA DE ACTIVO', N'ACTF', N'web.VWACTF_002', 0, N'web.SPACTF_002', N'ACTF_002_Info', N'ACTF_002_Data', N'ACTF_002_Bus', N'ACTF_002_Rpt', N'Reportes', N'ActivoFijoReportes', N'ACTF_002', 1, 0, 0, NULL, 0)
INSERT [web].[tb_sis_reporte] ([CodReporte], [nom_reporte], [CodModulo], [rpt_vista], [rpt_usa_store_procedure], [rpt_store_procedure], [rpt_clase_info], [rpt_clase_data], [rpt_clase_bus], [rpt_clase_rpt], [mvc_area], [mvc_controlador], [mvc_accion], [estado], [se_muestra_administrador_reportes], [orden], [observacion], [Se_Mustra_Disenador_rpt]) VALUES (N'ACTF_003', N'RETIRO DE ACTIVO', N'ACTF', N'web.VWACTF_003', 0, N'web.SPACTF_003', N'ACTF_003_Info', N'ACTF_003_Data', N'ACTF_003_Bus', N'ACTF_003_Rpt', N'Reportes', N'ActivoFijoReportes', N'ACTF_003', 1, 0, 0, NULL, 0)
INSERT [web].[tb_sis_reporte] ([CodReporte], [nom_reporte], [CodModulo], [rpt_vista], [rpt_usa_store_procedure], [rpt_store_procedure], [rpt_clase_info], [rpt_clase_data], [rpt_clase_bus], [rpt_clase_rpt], [mvc_area], [mvc_controlador], [mvc_accion], [estado], [se_muestra_administrador_reportes], [orden], [observacion], [Se_Mustra_Disenador_rpt]) VALUES (N'ACTF_004', N'ACTIVOS DEPRECIABLES', N'ACTF', N'web.VWACTF_004', 0, N'web.SPACTF_004', N'ACTF_004_Info', N'ACTF_004_Data', N'ACTF_004_Bus', N'ACTF_004_Rpt', N'Reportes', N'ActivoFijoReportes', N'ACTF_004', 1, 1, 0, NULL, 0)
INSERT [web].[tb_sis_reporte] ([CodReporte], [nom_reporte], [CodModulo], [rpt_vista], [rpt_usa_store_procedure], [rpt_store_procedure], [rpt_clase_info], [rpt_clase_data], [rpt_clase_bus], [rpt_clase_rpt], [mvc_area], [mvc_controlador], [mvc_accion], [estado], [se_muestra_administrador_reportes], [orden], [observacion], [Se_Mustra_Disenador_rpt]) VALUES (N'ACTF_005', N'LISTADOS DE ACTIVOS POR TRANSACCIÓN', N'ACTF', N'web.VWACTF_004', 0, N'web.SPACTF_004', N'ACTF_005_Info', N'ACTF_005_Data', N'ACTF_005_Bus', N'ACTF_005_Rpt', N'Reportes', N'ActivoFijoReportes', N'ACTF_005', 1, 1, 0, NULL, 1)
INSERT [web].[tb_sis_reporte] ([CodReporte], [nom_reporte], [CodModulo], [rpt_vista], [rpt_usa_store_procedure], [rpt_store_procedure], [rpt_clase_info], [rpt_clase_data], [rpt_clase_bus], [rpt_clase_rpt], [mvc_area], [mvc_controlador], [mvc_accion], [estado], [se_muestra_administrador_reportes], [orden], [observacion], [Se_Mustra_Disenador_rpt]) VALUES (N'ACTF_006', N'Código de barra', N'ACTF', N'web.VWACTF_006', 0, N'web.SPACTF_006', N'ACTF_006_Info', N'ACTF_006_Data', N'ACTF_006_Bus', N'ACTF_006_Rpt', N'Reportes', N'ActivoFijoReportes', N'ACTF_006', 0, 1, 0, NULL, 0)
INSERT [web].[tb_sis_reporte] ([CodReporte], [nom_reporte], [CodModulo], [rpt_vista], [rpt_usa_store_procedure], [rpt_store_procedure], [rpt_clase_info], [rpt_clase_data], [rpt_clase_bus], [rpt_clase_rpt], [mvc_area], [mvc_controlador], [mvc_accion], [estado], [se_muestra_administrador_reportes], [orden], [observacion], [Se_Mustra_Disenador_rpt]) VALUES (N'ACTF_007', N'ACTA DE ENTREGA RECEPCIÓN', N'ACTF', N'web.VWACTF_007', 0, N'web.SPACTF_007', N'ACTF_007_Info', N'ACTF_007_Data', N'ACTF_007_Bus', N'ACTF_007_Rpt', N'Reportes', N'ActivoFijoReportes', N'ACTF_007', 1, 1, 0, NULL, 0)
INSERT [web].[tb_sis_reporte] ([CodReporte], [nom_reporte], [CodModulo], [rpt_vista], [rpt_usa_store_procedure], [rpt_store_procedure], [rpt_clase_info], [rpt_clase_data], [rpt_clase_bus], [rpt_clase_rpt], [mvc_area], [mvc_controlador], [mvc_accion], [estado], [se_muestra_administrador_reportes], [orden], [observacion], [Se_Mustra_Disenador_rpt]) VALUES (N'ACTF_008', N'LISTADO DE ACTIVOS POR DEPARTAMENTO', N'ACTF', N'web.VWACTF_008', 0, N'web.SPACTF_008', N'ACTF_008_Info', N'ACTF_008_Data', N'ACTF_008_Bus', N'ACTF_008_Rpt', N'Reportes', N'ActivoFijoReportes', N'ACTF_008', 1, 1, 0, NULL, 0)
INSERT [web].[tb_sis_reporte] ([CodReporte], [nom_reporte], [CodModulo], [rpt_vista], [rpt_usa_store_procedure], [rpt_store_procedure], [rpt_clase_info], [rpt_clase_data], [rpt_clase_bus], [rpt_clase_rpt], [mvc_area], [mvc_controlador], [mvc_accion], [estado], [se_muestra_administrador_reportes], [orden], [observacion], [Se_Mustra_Disenador_rpt]) VALUES (N'BAN_001', N'DÉBITO BANCARIO', N'BAN', N'web.VWBAN_001', 0, N'web.SPBAN_001', N'BAN_001_Info', N'BAN_001_Data', N'BAN_001_Bus', N'BAN_001_Rpt', N'Reportes', N'BancoReportes', N'BAN_001', 1, 0, 0, NULL, 0)
INSERT [web].[tb_sis_reporte] ([CodReporte], [nom_reporte], [CodModulo], [rpt_vista], [rpt_usa_store_procedure], [rpt_store_procedure], [rpt_clase_info], [rpt_clase_data], [rpt_clase_bus], [rpt_clase_rpt], [mvc_area], [mvc_controlador], [mvc_accion], [estado], [se_muestra_administrador_reportes], [orden], [observacion], [Se_Mustra_Disenador_rpt]) VALUES (N'BAN_002', N'CRÉDITO BANCARIO / DEPÓSITO', N'BAN', N'web.VWBAN_002', 0, N'web.SPBAN_002', N'BAN_002_Info', N'BAN_002_Data', N'BAN_002_Bus', N'BAN_002_Rpt', N'Reportes', N'BancoReportes', N'BAN_002', 1, 0, 0, NULL, 0)
INSERT [web].[tb_sis_reporte] ([CodReporte], [nom_reporte], [CodModulo], [rpt_vista], [rpt_usa_store_procedure], [rpt_store_procedure], [rpt_clase_info], [rpt_clase_data], [rpt_clase_bus], [rpt_clase_rpt], [mvc_area], [mvc_controlador], [mvc_accion], [estado], [se_muestra_administrador_reportes], [orden], [observacion], [Se_Mustra_Disenador_rpt]) VALUES (N'BAN_003', N'COMPROBANTE DE EGRESO', N'BAN', N'web.VWBAN_003', 0, N'web.SPBAN_003', N'BAN_003_Info', N'BAN_003_Data', N'BAN_003_Bus', N'BAN_003_Rpt', N'Reportes', N'BancoReportes', N'BAN_003', 1, 0, 0, NULL, 0)
INSERT [web].[tb_sis_reporte] ([CodReporte], [nom_reporte], [CodModulo], [rpt_vista], [rpt_usa_store_procedure], [rpt_store_procedure], [rpt_clase_info], [rpt_clase_data], [rpt_clase_bus], [rpt_clase_rpt], [mvc_area], [mvc_controlador], [mvc_accion], [estado], [se_muestra_administrador_reportes], [orden], [observacion], [Se_Mustra_Disenador_rpt]) VALUES (N'BAN_004', N'CONCILIACIÓN BANCARIA', N'BAN', N'web.VWBAN_004', 0, N'web.SPBAN_004', N'BAN_004_Info', N'BAN_004_Data', N'BAN_004_Bus', N'BAN_004_Rpt', N'Reportes', N'BancoReportes', N'BAN_004', 1, 0, 0, NULL, 0)
INSERT [web].[tb_sis_reporte] ([CodReporte], [nom_reporte], [CodModulo], [rpt_vista], [rpt_usa_store_procedure], [rpt_store_procedure], [rpt_clase_info], [rpt_clase_data], [rpt_clase_bus], [rpt_clase_rpt], [mvc_area], [mvc_controlador], [mvc_accion], [estado], [se_muestra_administrador_reportes], [orden], [observacion], [Se_Mustra_Disenador_rpt]) VALUES (N'BAN_005', N'CHEQUE PRE IMPRESO', N'BAN', N'web.VWBAN_005', 0, N'web.SPBAN_005', N'BAN_005_Info', N'BAN_005_Data', N'BAN_005_Bus', N'BAN_005_Rpt', N'Reportes', N'BancoReportes', N'BAN_005', 1, 0, 0, NULL, 0)
INSERT [web].[tb_sis_reporte] ([CodReporte], [nom_reporte], [CodModulo], [rpt_vista], [rpt_usa_store_procedure], [rpt_store_procedure], [rpt_clase_info], [rpt_clase_data], [rpt_clase_bus], [rpt_clase_rpt], [mvc_area], [mvc_controlador], [mvc_accion], [estado], [se_muestra_administrador_reportes], [orden], [observacion], [Se_Mustra_Disenador_rpt]) VALUES (N'BAN_006', N'CHEQUE - COMPROBANTE PRE IMPRESO', N'BAN', N'web.VWBAN_006', 0, N'web.SPBAN_006', N'BAN_006_Info', N'BAN_006_Data', N'BAN_006_Bus', N'BAN_006_Rpt', N'Reportes', N'BancoReportes', N'BAN_006', 1, 0, 0, NULL, 0)
INSERT [web].[tb_sis_reporte] ([CodReporte], [nom_reporte], [CodModulo], [rpt_vista], [rpt_usa_store_procedure], [rpt_store_procedure], [rpt_clase_info], [rpt_clase_data], [rpt_clase_bus], [rpt_clase_rpt], [mvc_area], [mvc_controlador], [mvc_accion], [estado], [se_muestra_administrador_reportes], [orden], [observacion], [Se_Mustra_Disenador_rpt]) VALUES (N'BAN_007', N'LISTADO DE CHEQUES POR ESTADO', N'BAN', N'web.VWBAN_007', 0, N'web.SPBAN_007', N'BAN_007_Info', N'BAN_007_Data', N'BAN_007_Bus', N'BAN_007_Rpt', N'Reportes', N'BancoReportes', N'BAN_007', 1, 1, 0, NULL, 1)
INSERT [web].[tb_sis_reporte] ([CodReporte], [nom_reporte], [CodModulo], [rpt_vista], [rpt_usa_store_procedure], [rpt_store_procedure], [rpt_clase_info], [rpt_clase_data], [rpt_clase_bus], [rpt_clase_rpt], [mvc_area], [mvc_controlador], [mvc_accion], [estado], [se_muestra_administrador_reportes], [orden], [observacion], [Se_Mustra_Disenador_rpt]) VALUES (N'BAN_008', N'MOVIMIENTOS BANCARIOS', N'BAN', N'web.VWBAN_008', 0, N'web.SPBAN_008', N'BAN_008_Info', N'BAN_008_Data', N'BAN_008_Bus', N'BAN_008_Rpt', N'Reportes', N'BancoReportes', N'BAN_008', 1, 1, 0, NULL, 1)
INSERT [web].[tb_sis_reporte] ([CodReporte], [nom_reporte], [CodModulo], [rpt_vista], [rpt_usa_store_procedure], [rpt_store_procedure], [rpt_clase_info], [rpt_clase_data], [rpt_clase_bus], [rpt_clase_rpt], [mvc_area], [mvc_controlador], [mvc_accion], [estado], [se_muestra_administrador_reportes], [orden], [observacion], [Se_Mustra_Disenador_rpt]) VALUES (N'BAN_009', N'PROVISIONES DE FLUJO', N'BAN', N'web.VWBAN_009', 0, N'web.SPBAN_009', N'BAN_009_Info', N'BAN_009_Data', N'BAN_009_Bus', N'BAN_009_Rpt', N'Reportes', N'BancoReportes', N'BAN_009', 1, 1, 0, NULL, 0)
INSERT [web].[tb_sis_reporte] ([CodReporte], [nom_reporte], [CodModulo], [rpt_vista], [rpt_usa_store_procedure], [rpt_store_procedure], [rpt_clase_info], [rpt_clase_data], [rpt_clase_bus], [rpt_clase_rpt], [mvc_area], [mvc_controlador], [mvc_accion], [estado], [se_muestra_administrador_reportes], [orden], [observacion], [Se_Mustra_Disenador_rpt]) VALUES (N'BAN_010', N'ARCHIVOS BANCARIOS', N'BAN', N'web.VWBAN_010', 0, N'web.SPBAN_010', N'BAN_010_Info', N'BAN_010_Data', N'BAN_010_Bus', N'BAN_010_Rpt', N'Reportes', N'BancoReportes', N'BAN_010', 1, 1, 0, NULL, 1)
INSERT [web].[tb_sis_reporte] ([CodReporte], [nom_reporte], [CodModulo], [rpt_vista], [rpt_usa_store_procedure], [rpt_store_procedure], [rpt_clase_info], [rpt_clase_data], [rpt_clase_bus], [rpt_clase_rpt], [mvc_area], [mvc_controlador], [mvc_accion], [estado], [se_muestra_administrador_reportes], [orden], [observacion], [Se_Mustra_Disenador_rpt]) VALUES (N'BAN_011', N'SALDO DE CUENTAS BANCARIAS', N'BAN', N'web.VWBAN_011', 0, N'web.SPBAN_011', N'BAN_011_Info', N'BAN_011_Data', N'BAN_011_Bus', N'BAN_011_Rpt', N'Reportes', N'BancoReportes', N'BAN_011', 1, 1, 0, NULL, 1)
INSERT [web].[tb_sis_reporte] ([CodReporte], [nom_reporte], [CodModulo], [rpt_vista], [rpt_usa_store_procedure], [rpt_store_procedure], [rpt_clase_info], [rpt_clase_data], [rpt_clase_bus], [rpt_clase_rpt], [mvc_area], [mvc_controlador], [mvc_accion], [estado], [se_muestra_administrador_reportes], [orden], [observacion], [Se_Mustra_Disenador_rpt]) VALUES (N'BAN_012', N'RESUMEN DE CUENTAS BANCARIAS  Y FLUJOS', N'BAN', N'web.VWBAN_012', 0, N'web.SPBAN_012', N'BAN_012_Info', N'BAN_012_Data', N'BAN_012_Bus', N'BAN_012_Rpt', N'Reportes', N'BancoReportes', N'BAN_012', 1, 1, 0, NULL, 1)
INSERT [web].[tb_sis_reporte] ([CodReporte], [nom_reporte], [CodModulo], [rpt_vista], [rpt_usa_store_procedure], [rpt_store_procedure], [rpt_clase_info], [rpt_clase_data], [rpt_clase_bus], [rpt_clase_rpt], [mvc_area], [mvc_controlador], [mvc_accion], [estado], [se_muestra_administrador_reportes], [orden], [observacion], [Se_Mustra_Disenador_rpt]) VALUES (N'BAN_Masivo_005', N'CHEQUES CONTINUOS', N'BAN', N'web.VWBAN_005', 0, N'web.SPBAN_005', N'BAN_005_Info', N'BAN_005_Data', N'BAN_005_Bus', N'BAN_005_Rpt', N'Reportes', N'BancoReportes', N'BAN_005', 1, 1, 0, NULL, 1)
INSERT [web].[tb_sis_reporte] ([CodReporte], [nom_reporte], [CodModulo], [rpt_vista], [rpt_usa_store_procedure], [rpt_store_procedure], [rpt_clase_info], [rpt_clase_data], [rpt_clase_bus], [rpt_clase_rpt], [mvc_area], [mvc_controlador], [mvc_accion], [estado], [se_muestra_administrador_reportes], [orden], [observacion], [Se_Mustra_Disenador_rpt]) VALUES (N'CAJ_001', N'MOVIMIENTO DE CAJA', N'CAJ', N'web.VWCAJ_001', 0, N'web.SPCAJ_001', N'CAJ_001_Info', N'CAJ_001_Data', N'CAJ_001_Bus', N'CAJ_001_Rpt', N'Reportes', N'CajaReportes', N'CAJ_001', 1, 0, 0, NULL, 0)
INSERT [web].[tb_sis_reporte] ([CodReporte], [nom_reporte], [CodModulo], [rpt_vista], [rpt_usa_store_procedure], [rpt_store_procedure], [rpt_clase_info], [rpt_clase_data], [rpt_clase_bus], [rpt_clase_rpt], [mvc_area], [mvc_controlador], [mvc_accion], [estado], [se_muestra_administrador_reportes], [orden], [observacion], [Se_Mustra_Disenador_rpt]) VALUES (N'CAJ_002', N'CONCILIACIÓN DE CAJA', N'CAJ', N'web.VWCAJ_002', 0, N'web.SPCAJ_002', N'CAJ_002_Info', N'CAJ_002_Data', N'CAJ_002_Bus', N'CAJ_002_Rpt', N'Reportes', N'CajaReportes', N'CAJ_002', 1, 0, 0, NULL, 0)
INSERT [web].[tb_sis_reporte] ([CodReporte], [nom_reporte], [CodModulo], [rpt_vista], [rpt_usa_store_procedure], [rpt_store_procedure], [rpt_clase_info], [rpt_clase_data], [rpt_clase_bus], [rpt_clase_rpt], [mvc_area], [mvc_controlador], [mvc_accion], [estado], [se_muestra_administrador_reportes], [orden], [observacion], [Se_Mustra_Disenador_rpt]) VALUES (N'COMP_001', N'Orden de compra', N'COMP', N'web.VWCOMP_001', 0, N'web.SPCOMP_001', N'COMP_001_Info', N'COMP_001_Data', N'COMP_001_Bus', N'COMP_001_Rpt', N'Reportes', N'CompraReportes', N'COMP_001', 1, 0, 0, NULL, 0)
INSERT [web].[tb_sis_reporte] ([CodReporte], [nom_reporte], [CodModulo], [rpt_vista], [rpt_usa_store_procedure], [rpt_store_procedure], [rpt_clase_info], [rpt_clase_data], [rpt_clase_bus], [rpt_clase_rpt], [mvc_area], [mvc_controlador], [mvc_accion], [estado], [se_muestra_administrador_reportes], [orden], [observacion], [Se_Mustra_Disenador_rpt]) VALUES (N'CONTA_001', N'COMPROBANTE CONTABLE', N'CONTA', N'web.VWCONTA_001', 0, N'web.SPCONTA_001', N'CONTA_001_Info', N'CONTA_001_Data', N'CONTA_001_Bus', N'CONTA_001_Rpt', N'Reportes', N'ContabilidadReportes', N'CONTA_001', 1, 0, 0, NULL, 0)
INSERT [web].[tb_sis_reporte] ([CodReporte], [nom_reporte], [CodModulo], [rpt_vista], [rpt_usa_store_procedure], [rpt_store_procedure], [rpt_clase_info], [rpt_clase_data], [rpt_clase_bus], [rpt_clase_rpt], [mvc_area], [mvc_controlador], [mvc_accion], [estado], [se_muestra_administrador_reportes], [orden], [observacion], [Se_Mustra_Disenador_rpt]) VALUES (N'CONTA_002', N'MOVIMIENTOS DE CUENTAS', N'CONTA', N'web.VWCONTA_002', 0, N'web.SPCONTA_002', N'CONTA_002_Info', N'CONTA_002_Data', N'CONTA_002_Bus', N'CONTA_002_Rpt', N'Reportes', N'ContabilidadReportes', N'CONTA_002', 1, 1, 0, NULL, 1)
INSERT [web].[tb_sis_reporte] ([CodReporte], [nom_reporte], [CodModulo], [rpt_vista], [rpt_usa_store_procedure], [rpt_store_procedure], [rpt_clase_info], [rpt_clase_data], [rpt_clase_bus], [rpt_clase_rpt], [mvc_area], [mvc_controlador], [mvc_accion], [estado], [se_muestra_administrador_reportes], [orden], [observacion], [Se_Mustra_Disenador_rpt]) VALUES (N'CONTA_003', N'ESTADOS FINANCIEROS', N'CONTA', N'web.VWCONTA_003', 0, N'web.SPCONTA_003', N'CONTA_003_Info', N'CONTA_003_Data', N'CONTA_003_Bus', N'CONTA_003_Rpt', N'Reportes', N'ContabilidadReportes', N'CONTA_003', 1, 1, 0, NULL, 1)
INSERT [web].[tb_sis_reporte] ([CodReporte], [nom_reporte], [CodModulo], [rpt_vista], [rpt_usa_store_procedure], [rpt_store_procedure], [rpt_clase_info], [rpt_clase_data], [rpt_clase_bus], [rpt_clase_rpt], [mvc_area], [mvc_controlador], [mvc_accion], [estado], [se_muestra_administrador_reportes], [orden], [observacion], [Se_Mustra_Disenador_rpt]) VALUES (N'CONTA_004', N'ESTADOS FINANCIEROS COMPARATIVOS (2 MESES)', N'CONTA', N'web.VWCONTA_004', 0, N'web.SPCONTA_004', N'CONTA_004_Info', N'CONTA_004_Data', N'CONTA_004_Bus', N'CONTA_004_Rpt', N'Reportes', N'ContabilidadReportes', N'CONTA_004', 1, 1, 0, NULL, 0)
INSERT [web].[tb_sis_reporte] ([CodReporte], [nom_reporte], [CodModulo], [rpt_vista], [rpt_usa_store_procedure], [rpt_store_procedure], [rpt_clase_info], [rpt_clase_data], [rpt_clase_bus], [rpt_clase_rpt], [mvc_area], [mvc_controlador], [mvc_accion], [estado], [se_muestra_administrador_reportes], [orden], [observacion], [Se_Mustra_Disenador_rpt]) VALUES (N'CONTA_005', N'SALDO CONTABLE DE CARGOS', N'CONTA', N'web.VWCONTA_005', 0, N'web.SPCONTA_005', N'CONTA_005_Info', N'CONTA_005_Data', N'CONTA_005_Bus', N'CONTA_005_Rpt', N'Reportes', N'ContabilidadReportes', N'CONTA_005', 1, 1, 0, NULL, 0)
INSERT [web].[tb_sis_reporte] ([CodReporte], [nom_reporte], [CodModulo], [rpt_vista], [rpt_usa_store_procedure], [rpt_store_procedure], [rpt_clase_info], [rpt_clase_data], [rpt_clase_bus], [rpt_clase_rpt], [mvc_area], [mvc_controlador], [mvc_accion], [estado], [se_muestra_administrador_reportes], [orden], [observacion], [Se_Mustra_Disenador_rpt]) VALUES (N'CONTA_006', N'ESTADOS FINANCIEROS COMPARATIVOS (12 MESES)', N'CONTA', N'web.VWCONTA_006', 0, N'web.SPCONTA_006', N'CONTA_006_Info', N'CONTA_006_Data', N'CONTA_006_Bus', N'CONTA_006_Rpt', N'Reportes', N'ContabilidadReportes', N'CONTA_006', 1, 1, 0, NULL, 0)
INSERT [web].[tb_sis_reporte] ([CodReporte], [nom_reporte], [CodModulo], [rpt_vista], [rpt_usa_store_procedure], [rpt_store_procedure], [rpt_clase_info], [rpt_clase_data], [rpt_clase_bus], [rpt_clase_rpt], [mvc_area], [mvc_controlador], [mvc_accion], [estado], [se_muestra_administrador_reportes], [orden], [observacion], [Se_Mustra_Disenador_rpt]) VALUES (N'CXC_001', N'REPORTE DE COBRANZA', N'CXC', N'web.VWCXC_001', 0, N'web.SPCXC_001', N'CXC_001_Info', N'CXC_001_Data', N'CXC_001_Bus', N'CXC_001_Rpt', N'Reportes', N'CuentasPorCobrarReportes', N'CXC_001', 1, 0, 0, NULL, 0)
INSERT [web].[tb_sis_reporte] ([CodReporte], [nom_reporte], [CodModulo], [rpt_vista], [rpt_usa_store_procedure], [rpt_store_procedure], [rpt_clase_info], [rpt_clase_data], [rpt_clase_bus], [rpt_clase_rpt], [mvc_area], [mvc_controlador], [mvc_accion], [estado], [se_muestra_administrador_reportes], [orden], [observacion], [Se_Mustra_Disenador_rpt]) VALUES (N'CXC_002', N'COBRO POR RETENCIÓN', N'CXC', N'web.VWCXC_002', 0, N'web.SPCXC_002', N'CXC_002_Info', N'CXC_002_Data', N'CXC_002_Bus', N'CXC_002_Rpt', N'Reportes', N'CuentasPorCobrarReportes', N'CXC_002', 1, 0, 0, NULL, 0)
INSERT [web].[tb_sis_reporte] ([CodReporte], [nom_reporte], [CodModulo], [rpt_vista], [rpt_usa_store_procedure], [rpt_store_procedure], [rpt_clase_info], [rpt_clase_data], [rpt_clase_bus], [rpt_clase_rpt], [mvc_area], [mvc_controlador], [mvc_accion], [estado], [se_muestra_administrador_reportes], [orden], [observacion], [Se_Mustra_Disenador_rpt]) VALUES (N'CXC_003', N'LISTADO DE RETENCIONES DE VENTAS POR CLIENTES', N'CXC', N'web.VWCXC_003', 0, N'web.SPCXC_003', N'CXC_003_Info', N'CXC_003_Data', N'CXC_003_Bus', N'CXC_003_Rpt', N'Reportes', N'CuentasPorCobrarReportes', N'CXC_003', 1, 1, 0, NULL, 1)
INSERT [web].[tb_sis_reporte] ([CodReporte], [nom_reporte], [CodModulo], [rpt_vista], [rpt_usa_store_procedure], [rpt_store_procedure], [rpt_clase_info], [rpt_clase_data], [rpt_clase_bus], [rpt_clase_rpt], [mvc_area], [mvc_controlador], [mvc_accion], [estado], [se_muestra_administrador_reportes], [orden], [observacion], [Se_Mustra_Disenador_rpt]) VALUES (N'CXC_005', N'SALDO DE DOCUMENTOS POR CLIENTE', N'CXC', N'web.VWCXC_005', 0, N'web.SPCXC_005', N'CXC_005_Info', N'CXC_005_Data', N'CXC_005_Bus', N'CXC_005_Rpt', N'Reportes', N'CuentasPorCobrarReportes', N'CXC_005', 1, 1, 0, NULL, 1)
INSERT [web].[tb_sis_reporte] ([CodReporte], [nom_reporte], [CodModulo], [rpt_vista], [rpt_usa_store_procedure], [rpt_store_procedure], [rpt_clase_info], [rpt_clase_data], [rpt_clase_bus], [rpt_clase_rpt], [mvc_area], [mvc_controlador], [mvc_accion], [estado], [se_muestra_administrador_reportes], [orden], [observacion], [Se_Mustra_Disenador_rpt]) VALUES (N'CXC_007', N'LIQUIDACION DE TARJETA DE CREDITO', N'CXC', N'web.VWCXC_007', 0, N'web.SPCXC_007', N'CXC_007_Info', N'CXC_007_Data', N'CXC_007_Bus', N'CXC_007_Rpt', N'Reportes', N'CuentasPorCobrarReportes', N'CXC_007', 1, 0, 0, NULL, 0)
INSERT [web].[tb_sis_reporte] ([CodReporte], [nom_reporte], [CodModulo], [rpt_vista], [rpt_usa_store_procedure], [rpt_store_procedure], [rpt_clase_info], [rpt_clase_data], [rpt_clase_bus], [rpt_clase_rpt], [mvc_area], [mvc_controlador], [mvc_accion], [estado], [se_muestra_administrador_reportes], [orden], [observacion], [Se_Mustra_Disenador_rpt]) VALUES (N'CXC_008', N'LISTADO DE COBROS', N'CXC', N'web.VWCXC_008', 0, N'web.SPCXC_008', N'CXC_008_Info', N'CXC_008_Data', N'CXC_008_Bus', N'CXC_008_Rpt', N'Reportes', N'CuentasPorCobrarReportes', N'CXC_008', 1, 1, 0, NULL, 1)
INSERT [web].[tb_sis_reporte] ([CodReporte], [nom_reporte], [CodModulo], [rpt_vista], [rpt_usa_store_procedure], [rpt_store_procedure], [rpt_clase_info], [rpt_clase_data], [rpt_clase_bus], [rpt_clase_rpt], [mvc_area], [mvc_controlador], [mvc_accion], [estado], [se_muestra_administrador_reportes], [orden], [observacion], [Se_Mustra_Disenador_rpt]) VALUES (N'CXC_009', N'ESTADO DE CUENTA TIPO CARTA', N'CXC', N'web.VWCXC_009', 0, N'web.SPCXC_009', N'CXC_009_Info', N'CXC_009_Data', N'CXC_009_Bus', N'CXC_009_Rpt', N'Reportes', N'CuentasPorCobrarReportes', N'CXC_009', 1, 1, 0, NULL, 0)
INSERT [web].[tb_sis_reporte] ([CodReporte], [nom_reporte], [CodModulo], [rpt_vista], [rpt_usa_store_procedure], [rpt_store_procedure], [rpt_clase_info], [rpt_clase_data], [rpt_clase_bus], [rpt_clase_rpt], [mvc_area], [mvc_controlador], [mvc_accion], [estado], [se_muestra_administrador_reportes], [orden], [observacion], [Se_Mustra_Disenador_rpt]) VALUES (N'CXC_010', N'ESTADO DE CUENTA CLIENTE CON RANGO DE VENCIMIENTO', N'CXC', N'web.VWCXC_010', 0, N'web.SPCXC_010', N'CXC_010_Info', N'CXC_010_Data', N'CXC_010_Bus', N'CXC_010_Rpt', N'Reportes', N'CuentasPorCobrarReportes', N'CXC_010', 1, 1, 0, NULL, 1)
INSERT [web].[tb_sis_reporte] ([CodReporte], [nom_reporte], [CodModulo], [rpt_vista], [rpt_usa_store_procedure], [rpt_store_procedure], [rpt_clase_info], [rpt_clase_data], [rpt_clase_bus], [rpt_clase_rpt], [mvc_area], [mvc_controlador], [mvc_accion], [estado], [se_muestra_administrador_reportes], [orden], [observacion], [Se_Mustra_Disenador_rpt]) VALUES (N'CXP_001', N'DOCUMENTO POR PROVEEDOR', N'CXP', N'web.VWCXP_001', 0, N'web.SPCXP_001', N'CXP_001_Info', N'CXP_001_Data', N'CXP_001_Bus', N'CXP_001_Rpt', N'Reportes', N'CuentasPorPagarReportes', N'CXP_001', 1, 0, 0, NULL, 0)
INSERT [web].[tb_sis_reporte] ([CodReporte], [nom_reporte], [CodModulo], [rpt_vista], [rpt_usa_store_procedure], [rpt_store_procedure], [rpt_clase_info], [rpt_clase_data], [rpt_clase_bus], [rpt_clase_rpt], [mvc_area], [mvc_controlador], [mvc_accion], [estado], [se_muestra_administrador_reportes], [orden], [observacion], [Se_Mustra_Disenador_rpt]) VALUES (N'CXP_002', N'RETENCIONES', N'CXP', N'web.VWCXP_002', 0, N'web.SPCXP_002', N'CXP_002_Info', N'CXP_002_Data', N'CXP_002_Bus', N'CXP_002_Rpt', N'Reportes', N'CuentasPorPagarReportes', N'CXP_002', 1, 0, 0, NULL, 0)
INSERT [web].[tb_sis_reporte] ([CodReporte], [nom_reporte], [CodModulo], [rpt_vista], [rpt_usa_store_procedure], [rpt_store_procedure], [rpt_clase_info], [rpt_clase_data], [rpt_clase_bus], [rpt_clase_rpt], [mvc_area], [mvc_controlador], [mvc_accion], [estado], [se_muestra_administrador_reportes], [orden], [observacion], [Se_Mustra_Disenador_rpt]) VALUES (N'CXP_003', N'NOTA DE CRÉDITO / DÉBITO', N'CXP', N'web.VWCXP_003', 0, N'web.SPCXP_003', N'CXP_003_Info', N'CXP_003_Data', N'CXP_003_Bus', N'CXP_003_Rpt', N'Reportes', N'CuentasPorPagarReportes', N'CXP_003', 1, 0, 0, NULL, 0)
INSERT [web].[tb_sis_reporte] ([CodReporte], [nom_reporte], [CodModulo], [rpt_vista], [rpt_usa_store_procedure], [rpt_store_procedure], [rpt_clase_info], [rpt_clase_data], [rpt_clase_bus], [rpt_clase_rpt], [mvc_area], [mvc_controlador], [mvc_accion], [estado], [se_muestra_administrador_reportes], [orden], [observacion], [Se_Mustra_Disenador_rpt]) VALUES (N'CXP_004', N'ORDEN DE PAGO', N'CXP', N'web.VWCXP_004', 0, N'web.SPCXP_004', N'CXP_004_Info', N'CXP_004_Data', N'CXP_004_Bus', N'CXP_004_Rpt', N'Reportes', N'CuentasPorPagarReportes', N'CXP_004', 1, 0, 0, NULL, 0)
INSERT [web].[tb_sis_reporte] ([CodReporte], [nom_reporte], [CodModulo], [rpt_vista], [rpt_usa_store_procedure], [rpt_store_procedure], [rpt_clase_info], [rpt_clase_data], [rpt_clase_bus], [rpt_clase_rpt], [mvc_area], [mvc_controlador], [mvc_accion], [estado], [se_muestra_administrador_reportes], [orden], [observacion], [Se_Mustra_Disenador_rpt]) VALUES (N'CXP_005', N'CONCILIACIÓN', N'CXP', N'web.VWCXP_005', 0, N'web.SPCXP_005', N'CXP_005_Info', N'CXP_005_Data', N'CXP_005_Bus', N'CXP_005_Rpt', N'Reportes', N'CuentasPorPagarReportes', N'CXP_005', 1, 0, 0, NULL, 0)
INSERT [web].[tb_sis_reporte] ([CodReporte], [nom_reporte], [CodModulo], [rpt_vista], [rpt_usa_store_procedure], [rpt_store_procedure], [rpt_clase_info], [rpt_clase_data], [rpt_clase_bus], [rpt_clase_rpt], [mvc_area], [mvc_controlador], [mvc_accion], [estado], [se_muestra_administrador_reportes], [orden], [observacion], [Se_Mustra_Disenador_rpt]) VALUES (N'CXP_006', N'RETENCIÓN POR PROVEEDOR', N'CXP', N'web.VWCXP_006', 0, N'web.SPCXP_006', N'CXP_006_Info', N'CXP_006_Data', N'CXP_006_Bus', N'CXP_006_Rpt', N'Reportes', N'CuentasPorPagarReportes', N'CXP_006', 1, 0, 0, NULL, 0)
INSERT [web].[tb_sis_reporte] ([CodReporte], [nom_reporte], [CodModulo], [rpt_vista], [rpt_usa_store_procedure], [rpt_store_procedure], [rpt_clase_info], [rpt_clase_data], [rpt_clase_bus], [rpt_clase_rpt], [mvc_area], [mvc_controlador], [mvc_accion], [estado], [se_muestra_administrador_reportes], [orden], [observacion], [Se_Mustra_Disenador_rpt]) VALUES (N'CXP_007', N'COMPRAS POR CÓDIGO DE RETENCIÓN', N'CXP', N'web.VWCXP_007', 0, N'web.SPCXP_007', N'CXP_007_Info', N'CXP_007_Data', N'CXP_007_Bus', N'CXP_007_Rpt', N'Reportes', N'CuentasPorPagarReportes', N'CXP_007', 1, 1, 0, NULL, 1)
INSERT [web].[tb_sis_reporte] ([CodReporte], [nom_reporte], [CodModulo], [rpt_vista], [rpt_usa_store_procedure], [rpt_store_procedure], [rpt_clase_info], [rpt_clase_data], [rpt_clase_bus], [rpt_clase_rpt], [mvc_area], [mvc_controlador], [mvc_accion], [estado], [se_muestra_administrador_reportes], [orden], [observacion], [Se_Mustra_Disenador_rpt]) VALUES (N'CXP_008', N'ESTADO DE CUENTA PROVEEDOR POR RANGO VENCIMIENTO', N'CXP', N'web.VWCXP_008', 0, N'web.SPCXP_008', N'CXP_008_Info', N'CXP_008_Data', N'CXP_008_Bus', N'CXP_008_Rpt', N'Reportes', N'CuentasPorPagarReportes', N'CXP_008', 1, 1, 0, NULL, 1)
INSERT [web].[tb_sis_reporte] ([CodReporte], [nom_reporte], [CodModulo], [rpt_vista], [rpt_usa_store_procedure], [rpt_store_procedure], [rpt_clase_info], [rpt_clase_data], [rpt_clase_bus], [rpt_clase_rpt], [mvc_area], [mvc_controlador], [mvc_accion], [estado], [se_muestra_administrador_reportes], [orden], [observacion], [Se_Mustra_Disenador_rpt]) VALUES (N'CXP_009', N'LISTADO DE RETENCIONES POR CODIGO', N'CXP', N'web.VWCXP_009', 0, N'web.SPCXP_009', N'CXP_009_Info', N'CXP_009_Data', N'CXP_009_Bus', N'CXP_009_Rpt', N'Reportes', N'CuentasPorPagarReportes', N'CXP_009', 1, 1, 0, NULL, 0)
INSERT [web].[tb_sis_reporte] ([CodReporte], [nom_reporte], [CodModulo], [rpt_vista], [rpt_usa_store_procedure], [rpt_store_procedure], [rpt_clase_info], [rpt_clase_data], [rpt_clase_bus], [rpt_clase_rpt], [mvc_area], [mvc_controlador], [mvc_accion], [estado], [se_muestra_administrador_reportes], [orden], [observacion], [Se_Mustra_Disenador_rpt]) VALUES (N'CXP_010', N'ESTADO DE CUENTA DE PROVEEDOR DETALLADO', N'CXP', N'web.VWCXP_010', 0, N'web.SPCXP_010', N'CXP_010_Info', N'CXP_010_Data', N'CXP_010_Bus', N'CXP_010_Rpt', N'Reportes', N'CuentasPorPagarReportes', N'CXP_010', 1, 1, 0, NULL, 0)
INSERT [web].[tb_sis_reporte] ([CodReporte], [nom_reporte], [CodModulo], [rpt_vista], [rpt_usa_store_procedure], [rpt_store_procedure], [rpt_clase_info], [rpt_clase_data], [rpt_clase_bus], [rpt_clase_rpt], [mvc_area], [mvc_controlador], [mvc_accion], [estado], [se_muestra_administrador_reportes], [orden], [observacion], [Se_Mustra_Disenador_rpt]) VALUES (N'CXP_011', N'Solicitud de pago', N'CXP', N'web.VWCXP_011', 0, N'web.SPCXP_011', N'CXP_011_Info', N'CXP_011_Data', N'CXP_011_Bus', N'CXP_011_Rpt', N'Reportes', N'CuentasPorPagarReportes', N'CXP_011', 1, 0, 0, NULL, 0)
INSERT [web].[tb_sis_reporte] ([CodReporte], [nom_reporte], [CodModulo], [rpt_vista], [rpt_usa_store_procedure], [rpt_store_procedure], [rpt_clase_info], [rpt_clase_data], [rpt_clase_bus], [rpt_clase_rpt], [mvc_area], [mvc_controlador], [mvc_accion], [estado], [se_muestra_administrador_reportes], [orden], [observacion], [Se_Mustra_Disenador_rpt]) VALUES (N'CXP_012', N'RETENCION PRE - IMPRESA', N'CXP', N'web.VWCXP_012', 0, N'web.SPCXP_012', N'CXP_012_Info', N'CXP_012_Data', N'CXP_012_Bus', N'CXP_012_Rpt', N'Contabilidad', N'CuentasPorPagar', N'Index', 1, 0, 0, NULL, 0)
INSERT [web].[tb_sis_reporte] ([CodReporte], [nom_reporte], [CodModulo], [rpt_vista], [rpt_usa_store_procedure], [rpt_store_procedure], [rpt_clase_info], [rpt_clase_data], [rpt_clase_bus], [rpt_clase_rpt], [mvc_area], [mvc_controlador], [mvc_accion], [estado], [se_muestra_administrador_reportes], [orden], [observacion], [Se_Mustra_Disenador_rpt]) VALUES (N'CXP_013', N'RIDE DE RETENCIONES', N'CXP', N'web.VWCXP_013', 0, N'web.SPCXP_013', N'CXP_013_Info', N'CXP_013_Data', N'CXP_013_Bus', N'CXP_013_Rpt', N'Reportes', N'CuentasPorPagarReportes', N'Index', 1, 0, 0, NULL, 0)
INSERT [web].[tb_sis_reporte] ([CodReporte], [nom_reporte], [CodModulo], [rpt_vista], [rpt_usa_store_procedure], [rpt_store_procedure], [rpt_clase_info], [rpt_clase_data], [rpt_clase_bus], [rpt_clase_rpt], [mvc_area], [mvc_controlador], [mvc_accion], [estado], [se_muestra_administrador_reportes], [orden], [observacion], [Se_Mustra_Disenador_rpt]) VALUES (N'CXP_014', N'LISTADO DE FACTURAS POR PROVEEDOR', N'CXP', N'web.VWCXP_014', 0, N'web.SPCXP_014', N'CXP_014_Info', N'CXP_014_Data', N'CXP_014_Bus', N'CXP_014_Rpt', N'Reportes', N'CuentasPorPagarReportes', N'CXP_014', 1, 1, 0, NULL, 1)
INSERT [web].[tb_sis_reporte] ([CodReporte], [nom_reporte], [CodModulo], [rpt_vista], [rpt_usa_store_procedure], [rpt_store_procedure], [rpt_clase_info], [rpt_clase_data], [rpt_clase_bus], [rpt_clase_rpt], [mvc_area], [mvc_controlador], [mvc_accion], [estado], [se_muestra_administrador_reportes], [orden], [observacion], [Se_Mustra_Disenador_rpt]) VALUES (N'CXP_015', N'SALDO DE DOCUMENTOS POR PROVEEDOR', N'CXP', N'web.VWCXP_015', 0, N'web.SPCXP_015', N'CXP_015_Info', N'CXP_015_Data', N'CXP_015_Bus', N'CXP_015_Rpt', N'Reportes', N'CuentasPorPagarReportes', N'CXP_015', 1, 1, 0, NULL, 1)
INSERT [web].[tb_sis_reporte] ([CodReporte], [nom_reporte], [CodModulo], [rpt_vista], [rpt_usa_store_procedure], [rpt_store_procedure], [rpt_clase_info], [rpt_clase_data], [rpt_clase_bus], [rpt_clase_rpt], [mvc_area], [mvc_controlador], [mvc_accion], [estado], [se_muestra_administrador_reportes], [orden], [observacion], [Se_Mustra_Disenador_rpt]) VALUES (N'CXP_016', N'SALDO DE PROVEEDORES RESUMIDO', N'CXP', N'web.VWCXP_016', 0, N'web.SPCXP_016', N'CXP_016_Info', N'CXP_016_Data', N'CXP_016_Bus', N'CXP_016_Rpt', N'Reportes', N'CuentasPorPagarReportes', N'CXP_016', 1, 1, 0, NULL, 1)
INSERT [web].[tb_sis_reporte] ([CodReporte], [nom_reporte], [CodModulo], [rpt_vista], [rpt_usa_store_procedure], [rpt_store_procedure], [rpt_clase_info], [rpt_clase_data], [rpt_clase_bus], [rpt_clase_rpt], [mvc_area], [mvc_controlador], [mvc_accion], [estado], [se_muestra_administrador_reportes], [orden], [observacion], [Se_Mustra_Disenador_rpt]) VALUES (N'FAC_001', N'DETALLE DE VENTAS POR PRODUCTO', N'FAC', N'web.VWFAC_001', 0, N'web.SPFAC_001', N'FAC_001_Info', N'FAC_001_Data', N'FAC_001_Bus', N'FAC_001_Rpt', N'Reportes', N'FacturacionReportes', N'FAC_001', 1, 1, 0, NULL, 1)
INSERT [web].[tb_sis_reporte] ([CodReporte], [nom_reporte], [CodModulo], [rpt_vista], [rpt_usa_store_procedure], [rpt_store_procedure], [rpt_clase_info], [rpt_clase_data], [rpt_clase_bus], [rpt_clase_rpt], [mvc_area], [mvc_controlador], [mvc_accion], [estado], [se_muestra_administrador_reportes], [orden], [observacion], [Se_Mustra_Disenador_rpt]) VALUES (N'FAC_003', N'FACTURA PRE-IMPRESA', N'FAC', N'web.VWFAC_003', 0, N'web.SPFAC_003', N'FAC_003_Info', N'FAC_003_Data', N'FAC_003_Bus', N'FAC_003_Rpt', N'Reportes', N'FacturacionReportes', N'FAC_003', 1, 0, 0, NULL, 0)
INSERT [web].[tb_sis_reporte] ([CodReporte], [nom_reporte], [CodModulo], [rpt_vista], [rpt_usa_store_procedure], [rpt_store_procedure], [rpt_clase_info], [rpt_clase_data], [rpt_clase_bus], [rpt_clase_rpt], [mvc_area], [mvc_controlador], [mvc_accion], [estado], [se_muestra_administrador_reportes], [orden], [observacion], [Se_Mustra_Disenador_rpt]) VALUES (N'FAC_004', N'NOTA DE CRÉDITO PRE - IMPRESA', N'FAC', N'web.VWFAC_004', 0, N'web.SPFAC_004', N'FAC_004_Info', N'FAC_004_Data', N'FAC_004_Bus', N'FAC_004_Rpt', N'Reportes', N'FacturacionReportes', N'FAC_004', 1, 0, 0, NULL, 0)
INSERT [web].[tb_sis_reporte] ([CodReporte], [nom_reporte], [CodModulo], [rpt_vista], [rpt_usa_store_procedure], [rpt_store_procedure], [rpt_clase_info], [rpt_clase_data], [rpt_clase_bus], [rpt_clase_rpt], [mvc_area], [mvc_controlador], [mvc_accion], [estado], [se_muestra_administrador_reportes], [orden], [observacion], [Se_Mustra_Disenador_rpt]) VALUES (N'FAC_005', N'VENTAS POR ESTABLECIMIENTOS', N'FAC', N'web.VWFAC_005', 0, N'web.SPFAC_005', N'FAC_005_Info', N'FAC_005_Data', N'FAC_005_Bus', N'FAC_005_Rpt', N'Reportes', N'FacturacionReportes', N'FAC_005', 1, 1, 0, NULL, 1)
INSERT [web].[tb_sis_reporte] ([CodReporte], [nom_reporte], [CodModulo], [rpt_vista], [rpt_usa_store_procedure], [rpt_store_procedure], [rpt_clase_info], [rpt_clase_data], [rpt_clase_bus], [rpt_clase_rpt], [mvc_area], [mvc_controlador], [mvc_accion], [estado], [se_muestra_administrador_reportes], [orden], [observacion], [Se_Mustra_Disenador_rpt]) VALUES (N'FAC_006', N'PROFORMA', N'FAC', N'web.VWFAC_006', 0, N'web.SPFAC_006', N'FAC_006_Info', N'FAC_006_Data', N'FAC_006_Bus', N'FAC_006_Rpt', N'Reportes', N'FacturacionReportes', N'FAC_006', 1, 0, 0, NULL, 0)
INSERT [web].[tb_sis_reporte] ([CodReporte], [nom_reporte], [CodModulo], [rpt_vista], [rpt_usa_store_procedure], [rpt_store_procedure], [rpt_clase_info], [rpt_clase_data], [rpt_clase_bus], [rpt_clase_rpt], [mvc_area], [mvc_controlador], [mvc_accion], [estado], [se_muestra_administrador_reportes], [orden], [observacion], [Se_Mustra_Disenador_rpt]) VALUES (N'FAC_007', N'RIDE DE FACTURA', N'FAC', N'web.VWFAC_007', 0, N'web.SPFAC_007', N'FAC_007_Info', N'FAC_007_Data', N'FAC_007_Bus', N'FAC_007_Rpt', N'Reportes', N'FacturacionReportes', N'FAC_007', 1, 0, 0, NULL, 0)
INSERT [web].[tb_sis_reporte] ([CodReporte], [nom_reporte], [CodModulo], [rpt_vista], [rpt_usa_store_procedure], [rpt_store_procedure], [rpt_clase_info], [rpt_clase_data], [rpt_clase_bus], [rpt_clase_rpt], [mvc_area], [mvc_controlador], [mvc_accion], [estado], [se_muestra_administrador_reportes], [orden], [observacion], [Se_Mustra_Disenador_rpt]) VALUES (N'FAC_008', N'FACTURA DE MODULO', N'FAC', N'web.VWFAC_008', 0, N'web.SPFAC_008', N'FAC_008_Info', N'FAC_008_Data', N'FAC_008_Bus', N'FAC_008_Rpt', N'Reportes', N'FacturacionReportes', N'FAC_008', 1, 0, 0, NULL, 0)
INSERT [web].[tb_sis_reporte] ([CodReporte], [nom_reporte], [CodModulo], [rpt_vista], [rpt_usa_store_procedure], [rpt_store_procedure], [rpt_clase_info], [rpt_clase_data], [rpt_clase_bus], [rpt_clase_rpt], [mvc_area], [mvc_controlador], [mvc_accion], [estado], [se_muestra_administrador_reportes], [orden], [observacion], [Se_Mustra_Disenador_rpt]) VALUES (N'FAC_009', N'GUIA PRE - IMPRESA', N'FAC', N'web.VWFAC_009', 0, N'web.SPFAC_009', N'FAC_009_Info', N'FAC_009_Data', N'FAC_009_Bus', N'FAC_009_Rpt', N'Reportes', N'FacturacionReportes', N'FAC_009', 1, 0, 0, NULL, 0)
INSERT [web].[tb_sis_reporte] ([CodReporte], [nom_reporte], [CodModulo], [rpt_vista], [rpt_usa_store_procedure], [rpt_store_procedure], [rpt_clase_info], [rpt_clase_data], [rpt_clase_bus], [rpt_clase_rpt], [mvc_area], [mvc_controlador], [mvc_accion], [estado], [se_muestra_administrador_reportes], [orden], [observacion], [Se_Mustra_Disenador_rpt]) VALUES (N'FAC_010', N'LISTADO DE FACTURAS', N'FAC', N'web.VWFAC_007', 0, N'web.SPFAC_007', N'FAC_010_Info', N'FAC_010_Data', N'FAC_010_Bus', N'FAC_010_Rpt', N'Reportes', N'FacturacionReportes', N'FAC_010', 1, 1, 0, NULL, 1)
INSERT [web].[tb_sis_reporte] ([CodReporte], [nom_reporte], [CodModulo], [rpt_vista], [rpt_usa_store_procedure], [rpt_store_procedure], [rpt_clase_info], [rpt_clase_data], [rpt_clase_bus], [rpt_clase_rpt], [mvc_area], [mvc_controlador], [mvc_accion], [estado], [se_muestra_administrador_reportes], [orden], [observacion], [Se_Mustra_Disenador_rpt]) VALUES (N'FAC_011', N'TRANSACCIONES POR CLIENTE', N'FAC', N'web.VWFAC_011', 0, N'web.SPFAC_011', N'FAC_011_Info', N'FAC_011_Data', N'FAC_011_Bus', N'FAC_011_Rpt', N'Reportes', N'FacturacionReportes', N'FAC_011', 1, 1, 0, NULL, 1)
INSERT [web].[tb_sis_reporte] ([CodReporte], [nom_reporte], [CodModulo], [rpt_vista], [rpt_usa_store_procedure], [rpt_store_procedure], [rpt_clase_info], [rpt_clase_data], [rpt_clase_bus], [rpt_clase_rpt], [mvc_area], [mvc_controlador], [mvc_accion], [estado], [se_muestra_administrador_reportes], [orden], [observacion], [Se_Mustra_Disenador_rpt]) VALUES (N'FAC_012', N'CAMBIO DE PRODUCTOS', N'FAC', N'web.VWFAC_012', 0, N'web.SPFAC_012', N'FAC_012_Info', N'FAC_012_Data', N'FAC_012_Bus', N'FAC_012_Rpt', N'Reportes', N'FacturacionReportes', N'FAC_012', 1, 0, 0, NULL, 0)
INSERT [web].[tb_sis_reporte] ([CodReporte], [nom_reporte], [CodModulo], [rpt_vista], [rpt_usa_store_procedure], [rpt_store_procedure], [rpt_clase_info], [rpt_clase_data], [rpt_clase_bus], [rpt_clase_rpt], [mvc_area], [mvc_controlador], [mvc_accion], [estado], [se_muestra_administrador_reportes], [orden], [observacion], [Se_Mustra_Disenador_rpt]) VALUES (N'FAC_013', N'FACTURA MODULO', N'FAC', N'web.VWFAC_013', 0, N'web.SPFAC_013', N'FAC_013_Info', N'FAC_013_Data', N'FAC_013_Bus', N'FAC_013_Rpt', N'Reportes', N'FacturacionReportes', N'FAC_013', 1, 0, 0, NULL, 0)
INSERT [web].[tb_sis_reporte] ([CodReporte], [nom_reporte], [CodModulo], [rpt_vista], [rpt_usa_store_procedure], [rpt_store_procedure], [rpt_clase_info], [rpt_clase_data], [rpt_clase_bus], [rpt_clase_rpt], [mvc_area], [mvc_controlador], [mvc_accion], [estado], [se_muestra_administrador_reportes], [orden], [observacion], [Se_Mustra_Disenador_rpt]) VALUES (N'FAC_014', N'REPORTE DE FACTURAS POR EVENTO', N'FAC', N'web.VWFAC_014', 0, N'web.SPFAC_014', N'FAC_014_Info', N'FAC_014_Data', N'FAC_014_Bus', N'FAC_014_Rpt', N'Reportes', N'FacturacionReportes', N'FAC_014', 1, 1, 0, NULL, 1)
INSERT [web].[tb_sis_reporte] ([CodReporte], [nom_reporte], [CodModulo], [rpt_vista], [rpt_usa_store_procedure], [rpt_store_procedure], [rpt_clase_info], [rpt_clase_data], [rpt_clase_bus], [rpt_clase_rpt], [mvc_area], [mvc_controlador], [mvc_accion], [estado], [se_muestra_administrador_reportes], [orden], [observacion], [Se_Mustra_Disenador_rpt]) VALUES (N'FAC_015', N'VENTAS MENSUALES POR SUCURSAL', N'FAC', N'web.VWFAC_015', 0, N'web.SPFAC_015', N'FAC_015_Info', N'FAC_015_Data', N'FAC_015_Bus', N'FAC_015_Rpt', N'Reportes', N'FacturacionReportes', N'FAC_015', 1, 1, 0, NULL, 1)
INSERT [web].[tb_sis_reporte] ([CodReporte], [nom_reporte], [CodModulo], [rpt_vista], [rpt_usa_store_procedure], [rpt_store_procedure], [rpt_clase_info], [rpt_clase_data], [rpt_clase_bus], [rpt_clase_rpt], [mvc_area], [mvc_controlador], [mvc_accion], [estado], [se_muestra_administrador_reportes], [orden], [observacion], [Se_Mustra_Disenador_rpt]) VALUES (N'FAC_016', N'VENTAS SEMANALES POR SUCURSAL', N'FAC', N'web.VWFAC_016', 0, N'web.SPFAC_016', N'FAC_016_Info', N'FAC_016_Data', N'FAC_016_Bus', N'FAC_016_Rpt', N'Reportes', N'FacturacionReportes', N'FAC_016', 1, 1, 0, NULL, 0)
INSERT [web].[tb_sis_reporte] ([CodReporte], [nom_reporte], [CodModulo], [rpt_vista], [rpt_usa_store_procedure], [rpt_store_procedure], [rpt_clase_info], [rpt_clase_data], [rpt_clase_bus], [rpt_clase_rpt], [mvc_area], [mvc_controlador], [mvc_accion], [estado], [se_muestra_administrador_reportes], [orden], [observacion], [Se_Mustra_Disenador_rpt]) VALUES (N'FAC_017', N'VENTAS MENSUALES POR FAMILIA', N'FAC', N'web.VWFAC_017', 0, N'web.SPFAC_017', N'FAC_017_Info', N'FAC_017_Data', N'FAC_017_Bus', N'FAC_017_Rpt', N'Reportes', N'FacturacionReportes', N'FAC_017', 1, 1, 0, NULL, 1)
INSERT [web].[tb_sis_reporte] ([CodReporte], [nom_reporte], [CodModulo], [rpt_vista], [rpt_usa_store_procedure], [rpt_store_procedure], [rpt_clase_info], [rpt_clase_data], [rpt_clase_bus], [rpt_clase_rpt], [mvc_area], [mvc_controlador], [mvc_accion], [estado], [se_muestra_administrador_reportes], [orden], [observacion], [Se_Mustra_Disenador_rpt]) VALUES (N'FAC_018', N'LISTADO DE NOTAS DE CREDITO Y DEBITO', N'FAC', N'web.VWFAC_018', 0, N'web.SPFAC_018', N'FAC_018_Info', N'FAC_018_Data', N'FAC_018_Bus', N'FAC_018_Rpt', N'Reportes', N'FacturacionReportes', N'FAC_018', 1, 1, 0, NULL, 1)
INSERT [web].[tb_sis_reporte] ([CodReporte], [nom_reporte], [CodModulo], [rpt_vista], [rpt_usa_store_procedure], [rpt_store_procedure], [rpt_clase_info], [rpt_clase_data], [rpt_clase_bus], [rpt_clase_rpt], [mvc_area], [mvc_controlador], [mvc_accion], [estado], [se_muestra_administrador_reportes], [orden], [observacion], [Se_Mustra_Disenador_rpt]) VALUES (N'FAC_019', N'FACTURAS POR VENDEDOR', N'FAC', N'web.VWFAC_019', 0, N'web.SPFAC_019', N'FAC_019_Info', N'FAC_019_Data', N'FAC_019_Bus', N'FAC_019_Rpt', N'Reportes', N'FacturacionReportes', N'FAC_019', 1, 1, 0, NULL, 1)
INSERT [web].[tb_sis_reporte] ([CodReporte], [nom_reporte], [CodModulo], [rpt_vista], [rpt_usa_store_procedure], [rpt_store_procedure], [rpt_clase_info], [rpt_clase_data], [rpt_clase_bus], [rpt_clase_rpt], [mvc_area], [mvc_controlador], [mvc_accion], [estado], [se_muestra_administrador_reportes], [orden], [observacion], [Se_Mustra_Disenador_rpt]) VALUES (N'IMP_001', N'ORDEN DE COMPRA', N'IMP', N'web.VWIMP_001', 0, N'web.SPIMP_001', N'IMP_001_Info', N'IMP_001_Data', N'IMP_001_Bus', N'IMP_001_Rpt', N'Importacion', N'ImportacionReportes', N'IMP_001', 1, 0, 0, NULL, 0)
INSERT [web].[tb_sis_reporte] ([CodReporte], [nom_reporte], [CodModulo], [rpt_vista], [rpt_usa_store_procedure], [rpt_store_procedure], [rpt_clase_info], [rpt_clase_data], [rpt_clase_bus], [rpt_clase_rpt], [mvc_area], [mvc_controlador], [mvc_accion], [estado], [se_muestra_administrador_reportes], [orden], [observacion], [Se_Mustra_Disenador_rpt]) VALUES (N'IMP_002', N'LIQUIDACION DE IMPORTACION', N'IMP', N'web.VWIMP_002', 0, N'web.SPIMP_002', N'IMP_002_Info', N'IMP_002_Data', N'IMP_002_Bus', N'IMP_002_Rpt', N'Reportes', N'ImportacionReportes', N'IMP_002', 1, 0, 0, NULL, 1)
INSERT [web].[tb_sis_reporte] ([CodReporte], [nom_reporte], [CodModulo], [rpt_vista], [rpt_usa_store_procedure], [rpt_store_procedure], [rpt_clase_info], [rpt_clase_data], [rpt_clase_bus], [rpt_clase_rpt], [mvc_area], [mvc_controlador], [mvc_accion], [estado], [se_muestra_administrador_reportes], [orden], [observacion], [Se_Mustra_Disenador_rpt]) VALUES (N'IMP_003', N'LISTADO DE COMPRAS AL EXTERIOR', N'IMP', N'web.VWIMP_003', 0, N'web.SPIMP_003', N'IMP_003_Info', N'IMP_003_Data', N'IMP_003_Bus', N'IMP_003_Rpt', N'Reportes', N'ImportacionReportes', N'IMP_003', 1, 1, 0, NULL, 1)
INSERT [web].[tb_sis_reporte] ([CodReporte], [nom_reporte], [CodModulo], [rpt_vista], [rpt_usa_store_procedure], [rpt_store_procedure], [rpt_clase_info], [rpt_clase_data], [rpt_clase_bus], [rpt_clase_rpt], [mvc_area], [mvc_controlador], [mvc_accion], [estado], [se_muestra_administrador_reportes], [orden], [observacion], [Se_Mustra_Disenador_rpt]) VALUES (N'INV_001', N'INGRESO', N'INV', N'web.VWINV_001', 0, N'web.SPINV_001', N'INV_001_Info', N'INV_001_Data', N'INV_001_Bus', N'INV_001_Rpt', N'Reportes', N'InventarioReportes', N'INV_001', 1, 0, 0, NULL, 0)
INSERT [web].[tb_sis_reporte] ([CodReporte], [nom_reporte], [CodModulo], [rpt_vista], [rpt_usa_store_procedure], [rpt_store_procedure], [rpt_clase_info], [rpt_clase_data], [rpt_clase_bus], [rpt_clase_rpt], [mvc_area], [mvc_controlador], [mvc_accion], [estado], [se_muestra_administrador_reportes], [orden], [observacion], [Se_Mustra_Disenador_rpt]) VALUES (N'INV_002', N'EGRESO', N'INV', N'web.VWINV_002', 0, N'web.SPINV_002', N'INV_002_Info', N'INV_002_Data', N'INV_002_Bus', N'INV_002_Rpt', N'Reportes', N'InventarioReportes', N'INV_002', 1, 0, 0, NULL, 0)
INSERT [web].[tb_sis_reporte] ([CodReporte], [nom_reporte], [CodModulo], [rpt_vista], [rpt_usa_store_procedure], [rpt_store_procedure], [rpt_clase_info], [rpt_clase_data], [rpt_clase_bus], [rpt_clase_rpt], [mvc_area], [mvc_controlador], [mvc_accion], [estado], [se_muestra_administrador_reportes], [orden], [observacion], [Se_Mustra_Disenador_rpt]) VALUES (N'INV_003', N'LISTADO DE INVENTARIO FÍSICO', N'INV', N'web.VWINV_003', 0, N'web.SPINV_003', N'INV_003_Info', N'INV_003_Data', N'INV_003_Bus', N'INV_003_Rpt', N'Reportes', N'InventarioReportes', N'INV_003', 1, 1, 0, NULL, 1)
INSERT [web].[tb_sis_reporte] ([CodReporte], [nom_reporte], [CodModulo], [rpt_vista], [rpt_usa_store_procedure], [rpt_store_procedure], [rpt_clase_info], [rpt_clase_data], [rpt_clase_bus], [rpt_clase_rpt], [mvc_area], [mvc_controlador], [mvc_accion], [estado], [se_muestra_administrador_reportes], [orden], [observacion], [Se_Mustra_Disenador_rpt]) VALUES (N'INV_004', N'STOCK MINIMO', N'INV', N'web.VWINV_013', 0, N'web.SPINV_013', N'INV_004_Info', N'INV_004_Data', N'INV_004_Bus', N'INV_004_Rpt', N'Reportes', N'InventarioReportes', N'INV_004', 1, 1, 0, NULL, 1)
INSERT [web].[tb_sis_reporte] ([CodReporte], [nom_reporte], [CodModulo], [rpt_vista], [rpt_usa_store_procedure], [rpt_store_procedure], [rpt_clase_info], [rpt_clase_data], [rpt_clase_bus], [rpt_clase_rpt], [mvc_area], [mvc_controlador], [mvc_accion], [estado], [se_muestra_administrador_reportes], [orden], [observacion], [Se_Mustra_Disenador_rpt]) VALUES (N'INV_005', N'KARDEX CON COSTO', N'INV', N'web.VWINV_004', 0, N'web.SPINV_004', N'INV_005_Info', N'INV_005_Data', N'INV_005_Bus', N'INV_005_Rpt', N'Reportes', N'InventarioReportes', N'INV_005', 1, 1, 0, NULL, 1)
INSERT [web].[tb_sis_reporte] ([CodReporte], [nom_reporte], [CodModulo], [rpt_vista], [rpt_usa_store_procedure], [rpt_store_procedure], [rpt_clase_info], [rpt_clase_data], [rpt_clase_bus], [rpt_clase_rpt], [mvc_area], [mvc_controlador], [mvc_accion], [estado], [se_muestra_administrador_reportes], [orden], [observacion], [Se_Mustra_Disenador_rpt]) VALUES (N'INV_006', N'KARDEX', N'INV', N'web.VWINV_011', 0, N'web.SPINV_011', N'INV_006_Info', N'INV_006_Data', N'INV_006_Bus', N'INV_006_Rpt', N'Reportes', N'InventarioReportes', N'INV_006', 1, 1, 0, NULL, 1)
INSERT [web].[tb_sis_reporte] ([CodReporte], [nom_reporte], [CodModulo], [rpt_vista], [rpt_usa_store_procedure], [rpt_store_procedure], [rpt_clase_info], [rpt_clase_data], [rpt_clase_bus], [rpt_clase_rpt], [mvc_area], [mvc_controlador], [mvc_accion], [estado], [se_muestra_administrador_reportes], [orden], [observacion], [Se_Mustra_Disenador_rpt]) VALUES (N'INV_007', N'TRANSFERENCIA ENTRE BODEGAS', N'INV', N'web.VWINV_006', 0, N'web.SPINV_006', N'INV_007_Info', N'INV_007_Data', N'INV_007_Bus', N'INV_007_Rpt', N'Reportes', N'InventarioReportes', N'INV_007', 0, 0, 0, NULL, 0)
INSERT [web].[tb_sis_reporte] ([CodReporte], [nom_reporte], [CodModulo], [rpt_vista], [rpt_usa_store_procedure], [rpt_store_procedure], [rpt_clase_info], [rpt_clase_data], [rpt_clase_bus], [rpt_clase_rpt], [mvc_area], [mvc_controlador], [mvc_accion], [estado], [se_muestra_administrador_reportes], [orden], [observacion], [Se_Mustra_Disenador_rpt]) VALUES (N'INV_010', N'ROTACION DE PRODUCTOS', N'INV', N'web.VWINV_010', 0, N'web.SPINV_010', N'INV_010_Info', N'INV_010_Data', N'INV_010_Bus', N'INV_010_Rpt', N'Reportes', N'InventarioReportes', N'INV_010', 1, 1, 0, NULL, 1)
INSERT [web].[tb_sis_reporte] ([CodReporte], [nom_reporte], [CodModulo], [rpt_vista], [rpt_usa_store_procedure], [rpt_store_procedure], [rpt_clase_info], [rpt_clase_data], [rpt_clase_bus], [rpt_clase_rpt], [mvc_area], [mvc_controlador], [mvc_accion], [estado], [se_muestra_administrador_reportes], [orden], [observacion], [Se_Mustra_Disenador_rpt]) VALUES (N'INV_014', N'Consignación de inventario', N'INV', N'web.VWINV_014', 0, N'web.SPINV_014', N'INV_014_Info', N'INV_014_Data', N'INV_014_Bus', N'INV_014_Rpt', N'Reportes', N'Inventario', N'INV_014', 1, 0, 0, NULL, 0)
INSERT [web].[tb_sis_reporte] ([CodReporte], [nom_reporte], [CodModulo], [rpt_vista], [rpt_usa_store_procedure], [rpt_store_procedure], [rpt_clase_info], [rpt_clase_data], [rpt_clase_bus], [rpt_clase_rpt], [mvc_area], [mvc_controlador], [mvc_accion], [estado], [se_muestra_administrador_reportes], [orden], [observacion], [Se_Mustra_Disenador_rpt]) VALUES (N'INV_015', N'COSTO DE VENTA POR PRODUCTO', N'INV', N'web.VWINV_015', 0, N'web.SPINV_015', N'INV_015_Info', N'INV_015_Data', N'INV_015_Bus', N'INV_015_Rpt', N'Reportes', N'InventarioReportes', N'INV_015', 1, 1, 0, NULL, 1)
INSERT [web].[tb_sis_reporte] ([CodReporte], [nom_reporte], [CodModulo], [rpt_vista], [rpt_usa_store_procedure], [rpt_store_procedure], [rpt_clase_info], [rpt_clase_data], [rpt_clase_bus], [rpt_clase_rpt], [mvc_area], [mvc_controlador], [mvc_accion], [estado], [se_muestra_administrador_reportes], [orden], [observacion], [Se_Mustra_Disenador_rpt]) VALUES (N'INV_016', N'LISTADO DE INGRESOS VS VENTAS', N'INV', N'web.VWINV_016', 0, N'web.SPINV_016', N'INV_016_Info', N'INV_016_Data', N'INV_016_Bus', N'INV_016_Rpt', N'Reportes', N'InventarioReportes', N'INV_016', 1, 1, 0, NULL, 1)
INSERT [web].[tb_sis_reporte] ([CodReporte], [nom_reporte], [CodModulo], [rpt_vista], [rpt_usa_store_procedure], [rpt_store_procedure], [rpt_clase_info], [rpt_clase_data], [rpt_clase_bus], [rpt_clase_rpt], [mvc_area], [mvc_controlador], [mvc_accion], [estado], [se_muestra_administrador_reportes], [orden], [observacion], [Se_Mustra_Disenador_rpt]) VALUES (N'INV_017', N'INGRESO A INVENTARIO POR ORDEN DE COMPRA', N'INV', N'web.VWINV_017', 0, N'web.SPINV_017', N'INV_017_Info', N'INV_017_Data', N'INV_017_Bus', N'INV_017_Rpt', N'Reportes', N'InventarioReportes', N'INV_017', 1, 1, 0, NULL, 1)
INSERT [web].[tb_sis_reporte] ([CodReporte], [nom_reporte], [CodModulo], [rpt_vista], [rpt_usa_store_procedure], [rpt_store_procedure], [rpt_clase_info], [rpt_clase_data], [rpt_clase_bus], [rpt_clase_rpt], [mvc_area], [mvc_controlador], [mvc_accion], [estado], [se_muestra_administrador_reportes], [orden], [observacion], [Se_Mustra_Disenador_rpt]) VALUES (N'INV_018', N'AJUSTE DE INVENTARIO', N'INV', N'web.VWINV_018', 0, N'web.SPINV_018', N'INV_018_Info', N'INV_018_Data', N'INV_018_Bus', N'INV_018_Rpt', N'Reportes', N'InventarioReportes', N'INV_018', 1, 1, 0, NULL, 1)
INSERT [web].[tb_sis_reporte] ([CodReporte], [nom_reporte], [CodModulo], [rpt_vista], [rpt_usa_store_procedure], [rpt_store_procedure], [rpt_clase_info], [rpt_clase_data], [rpt_clase_bus], [rpt_clase_rpt], [mvc_area], [mvc_controlador], [mvc_accion], [estado], [se_muestra_administrador_reportes], [orden], [observacion], [Se_Mustra_Disenador_rpt]) VALUES (N'ROL_001', N'ROL GENERAL DE PAGO', N'ROL', N'web.VWROL_001', 0, N'web.SPROL_001', N'ROL_001_Info', N'ROL_001_Data', N'ROL_001_Bus', N'ROL_001_Rpt', N'Reportes', N'RRHHReportes', N'ROL_001', 1, 0, 0, NULL, 0)
INSERT [web].[tb_sis_reporte] ([CodReporte], [nom_reporte], [CodModulo], [rpt_vista], [rpt_usa_store_procedure], [rpt_store_procedure], [rpt_clase_info], [rpt_clase_data], [rpt_clase_bus], [rpt_clase_rpt], [mvc_area], [mvc_controlador], [mvc_accion], [estado], [se_muestra_administrador_reportes], [orden], [observacion], [Se_Mustra_Disenador_rpt]) VALUES (N'ROL_002', N'NÓMINA DE PAGO', N'ROL', N'web.VWROL_002', 0, N'web.SPROL_002', N'ROL_002_Info', N'ROL_002_Data', N'ROL_002_Bus', N'ROL_002_Rpt', N'Reportes', N'RRHHReportes', N'ROL_002', 1, 0, 0, NULL, 0)
INSERT [web].[tb_sis_reporte] ([CodReporte], [nom_reporte], [CodModulo], [rpt_vista], [rpt_usa_store_procedure], [rpt_store_procedure], [rpt_clase_info], [rpt_clase_data], [rpt_clase_bus], [rpt_clase_rpt], [mvc_area], [mvc_controlador], [mvc_accion], [estado], [se_muestra_administrador_reportes], [orden], [observacion], [Se_Mustra_Disenador_rpt]) VALUES (N'ROL_003', N'REPORTE DE NOVEDAD PRELIMINAR', N'ROL', N'web.VWROL_003', 0, N'web.SPROL_003', N'ROL_003_Info', N'ROL_003_Data', N'ROL_003_Bus', N'ROL_003_Rpt', N'Reportes', N'RRHHReportes', N'ROL_003', 1, 0, 0, NULL, 0)
INSERT [web].[tb_sis_reporte] ([CodReporte], [nom_reporte], [CodModulo], [rpt_vista], [rpt_usa_store_procedure], [rpt_store_procedure], [rpt_clase_info], [rpt_clase_data], [rpt_clase_bus], [rpt_clase_rpt], [mvc_area], [mvc_controlador], [mvc_accion], [estado], [se_muestra_administrador_reportes], [orden], [observacion], [Se_Mustra_Disenador_rpt]) VALUES (N'ROL_004', N'PARTICIPACIÓN DE UTILIDADES', N'ROL', N'web.VWROL_004', 0, N'web.SPROL_004', N'ROL_004_Info', N'ROL_004_Data', N'ROL_004_Bus', N'ROL_004_Rpt', N'Reportes', N'RRHHReportes', N'ROL_004', 1, 0, 0, NULL, 0)
INSERT [web].[tb_sis_reporte] ([CodReporte], [nom_reporte], [CodModulo], [rpt_vista], [rpt_usa_store_procedure], [rpt_store_procedure], [rpt_clase_info], [rpt_clase_data], [rpt_clase_bus], [rpt_clase_rpt], [mvc_area], [mvc_controlador], [mvc_accion], [estado], [se_muestra_administrador_reportes], [orden], [observacion], [Se_Mustra_Disenador_rpt]) VALUES (N'ROL_005', N'LIQUIDACIÓN PREELIMINAR', N'ROL', N'web.VWROL_005', 0, N'web.SPROL_005', N'ROL_005_Info', N'ROL_005_Data', N'ROL_005_Bus', N'ROL_005_Rpt', N'Reportes', N'RRHHReportes', N'ROL_005', 1, 0, 0, NULL, 0)
INSERT [web].[tb_sis_reporte] ([CodReporte], [nom_reporte], [CodModulo], [rpt_vista], [rpt_usa_store_procedure], [rpt_store_procedure], [rpt_clase_info], [rpt_clase_data], [rpt_clase_bus], [rpt_clase_rpt], [mvc_area], [mvc_controlador], [mvc_accion], [estado], [se_muestra_administrador_reportes], [orden], [observacion], [Se_Mustra_Disenador_rpt]) VALUES (N'ROL_006', N'LIQUIDACIÓN VACACIONES', N'ROL', N'web.VWROL_006', 0, N'web.SPROL_006', N'ROL_006_Info', N'ROL_006_Data', N'ROL_006_Bus', N'ROL_006_Rpt', N'Reportes', N'RRHHReportes', N'ROL_006', 1, 0, 0, NULL, 0)
INSERT [web].[tb_sis_reporte] ([CodReporte], [nom_reporte], [CodModulo], [rpt_vista], [rpt_usa_store_procedure], [rpt_store_procedure], [rpt_clase_info], [rpt_clase_data], [rpt_clase_bus], [rpt_clase_rpt], [mvc_area], [mvc_controlador], [mvc_accion], [estado], [se_muestra_administrador_reportes], [orden], [observacion], [Se_Mustra_Disenador_rpt]) VALUES (N'ROL_007', N'SOLICITUD VACACIONES', N'ROL', N'web.VWROL_007', 0, N'web.SPROL_007', N'ROL_007_Info', N'ROL_007_Data', N'ROL_007_Bus', N'ROL_007_Rpt', N'Reportes', N'RRHHReportes', N'ROL_007', 1, 0, 0, NULL, 0)
INSERT [web].[tb_sis_reporte] ([CodReporte], [nom_reporte], [CodModulo], [rpt_vista], [rpt_usa_store_procedure], [rpt_store_procedure], [rpt_clase_info], [rpt_clase_data], [rpt_clase_bus], [rpt_clase_rpt], [mvc_area], [mvc_controlador], [mvc_accion], [estado], [se_muestra_administrador_reportes], [orden], [observacion], [Se_Mustra_Disenador_rpt]) VALUES (N'ROL_008', N'REPORTE DE PRÉSTAMOS', N'ROL', N'web.VWROL_008', 0, N'web.SPROL_008', N'ROL_008_Info', N'ROL_008_Data', N'ROL_008_Bus', N'ROL_008_Rpt', N'Reportes', N'RRHHReportes', N'ROL_008', 1, 0, 0, NULL, 0)
INSERT [web].[tb_sis_reporte] ([CodReporte], [nom_reporte], [CodModulo], [rpt_vista], [rpt_usa_store_procedure], [rpt_store_procedure], [rpt_clase_info], [rpt_clase_data], [rpt_clase_bus], [rpt_clase_rpt], [mvc_area], [mvc_controlador], [mvc_accion], [estado], [se_muestra_administrador_reportes], [orden], [observacion], [Se_Mustra_Disenador_rpt]) VALUES (N'ROL_009', N'REPORTE DE NOVEDADES', N'ROL', N'web.VWROL_009', 0, N'web.SPROL_009', N'ROL_009_Info', N'ROL_009_Data', N'ROL_009_Bus', N'ROL_009_Rpt', N'Reportes', N'RRHHReportes', N'ROL_009', 1, 1, 0, NULL, 1)
INSERT [web].[tb_sis_reporte] ([CodReporte], [nom_reporte], [CodModulo], [rpt_vista], [rpt_usa_store_procedure], [rpt_store_procedure], [rpt_clase_info], [rpt_clase_data], [rpt_clase_bus], [rpt_clase_rpt], [mvc_area], [mvc_controlador], [mvc_accion], [estado], [se_muestra_administrador_reportes], [orden], [observacion], [Se_Mustra_Disenador_rpt]) VALUES (N'ROL_010', N'Listado de Personal', N'ROL', N'web.VWROL_010', 0, N'web.SPROL_010', N'ROL_010_Info', N'ROL_010_Data', N'ROL_010_Bus', N'ROL_010_Rpt', N'Reportes', N'RRHHReportes', N'ROL_010', 1, 1, 0, NULL, 1)
INSERT [web].[tb_sis_reporte] ([CodReporte], [nom_reporte], [CodModulo], [rpt_vista], [rpt_usa_store_procedure], [rpt_store_procedure], [rpt_clase_info], [rpt_clase_data], [rpt_clase_bus], [rpt_clase_rpt], [mvc_area], [mvc_controlador], [mvc_accion], [estado], [se_muestra_administrador_reportes], [orden], [observacion], [Se_Mustra_Disenador_rpt]) VALUES (N'ROL_011', N'REPORTE DE HORAS EXTRAS', N'ROL', N'web.VWROL_011', 0, N'web.SPROL_011', N'ROL_011_Info', N'ROL_011_Data', N'ROL_011_Bus', N'ROL_011_Rpt', N'Reportes', N'RRHHReportes', N'ROL_011', 1, 0, 0, NULL, 0)
INSERT [web].[tb_sis_reporte] ([CodReporte], [nom_reporte], [CodModulo], [rpt_vista], [rpt_usa_store_procedure], [rpt_store_procedure], [rpt_clase_info], [rpt_clase_data], [rpt_clase_bus], [rpt_clase_rpt], [mvc_area], [mvc_controlador], [mvc_accion], [estado], [se_muestra_administrador_reportes], [orden], [observacion], [Se_Mustra_Disenador_rpt]) VALUES (N'ROL_012', N'REPORTE DE PRÉSTAMO POR EMPLEADO', N'ROL', N'web.VWROL_012', 0, N'web.SPROL_012', N'ROL_012_Info', N'ROL_012_Data', N'ROL_012_Bus', N'ROL_012_Rpt', N'Reportes', N'RRHHReportes', N'ROL_012', 1, 1, 0, NULL, 1)
GO
INSERT [web].[tb_sis_reporte] ([CodReporte], [nom_reporte], [CodModulo], [rpt_vista], [rpt_usa_store_procedure], [rpt_store_procedure], [rpt_clase_info], [rpt_clase_data], [rpt_clase_bus], [rpt_clase_rpt], [mvc_area], [mvc_controlador], [mvc_accion], [estado], [se_muestra_administrador_reportes], [orden], [observacion], [Se_Mustra_Disenador_rpt]) VALUES (N'ROL_013', N'REPORTE DÉCIMO TERCER SUELDO', N'ROL', N'web.VWROL_013', 0, N'web.SPROL_013', N'ROL_013_Info', N'ROL_013_Data', N'ROL_013_Bus', N'ROL_013_Rpt', N'Reportes', N'RRHHReportes', N'ROL_013', 1, 1, 0, NULL, 1)
INSERT [web].[tb_sis_reporte] ([CodReporte], [nom_reporte], [CodModulo], [rpt_vista], [rpt_usa_store_procedure], [rpt_store_procedure], [rpt_clase_info], [rpt_clase_data], [rpt_clase_bus], [rpt_clase_rpt], [mvc_area], [mvc_controlador], [mvc_accion], [estado], [se_muestra_administrador_reportes], [orden], [observacion], [Se_Mustra_Disenador_rpt]) VALUES (N'ROL_014', N'RUBROS ACUMULADOS POR EMPLEADOS', N'ROL', N'web.VWROL_014', 0, N'web.SPROL_014', N'ROL_014_Info', N'ROL_014_Data', N'ROL_014_Bus', N'ROL_014_Rpt', N'Reportes', N'RRHHReportes', N'ROL_014', 1, 1, 0, NULL, 1)
INSERT [web].[tb_sis_reporte] ([CodReporte], [nom_reporte], [CodModulo], [rpt_vista], [rpt_usa_store_procedure], [rpt_store_procedure], [rpt_clase_info], [rpt_clase_data], [rpt_clase_bus], [rpt_clase_rpt], [mvc_area], [mvc_controlador], [mvc_accion], [estado], [se_muestra_administrador_reportes], [orden], [observacion], [Se_Mustra_Disenador_rpt]) VALUES (N'ROL_015', N'Resumen de provisiones acumuladas', N'ROL', N'web.VWROL_015', 0, N'web.SPROL_015', N'ROL_015_Info', N'ROL_015_Data', N'ROL_015_Bus', N'ROL_015_Rpt', N'Reportes', N'RRHHReportes', N'ROL_016', 1, 1, 0, NULL, 1)
INSERT [web].[tb_sis_reporte] ([CodReporte], [nom_reporte], [CodModulo], [rpt_vista], [rpt_usa_store_procedure], [rpt_store_procedure], [rpt_clase_info], [rpt_clase_data], [rpt_clase_bus], [rpt_clase_rpt], [mvc_area], [mvc_controlador], [mvc_accion], [estado], [se_muestra_administrador_reportes], [orden], [observacion], [Se_Mustra_Disenador_rpt]) VALUES (N'ROL_016', N'Histórico de liquidaciones de haberes', N'ROL', N'web.VWROL_016', 0, N'web.SPROL_016', N'ROL_016_Info', N'ROL_016_Data', N'ROL_016_Bus', N'ROL_016_Rpt', N'Reportes', N'RRHHReportes', N'ROL_017', 0, 1, 0, NULL, 1)
INSERT [web].[tb_sis_reporte] ([CodReporte], [nom_reporte], [CodModulo], [rpt_vista], [rpt_usa_store_procedure], [rpt_store_procedure], [rpt_clase_info], [rpt_clase_data], [rpt_clase_bus], [rpt_clase_rpt], [mvc_area], [mvc_controlador], [mvc_accion], [estado], [se_muestra_administrador_reportes], [orden], [observacion], [Se_Mustra_Disenador_rpt]) VALUES (N'ROL_017', N'Marcaciones por empleado', N'ROL', N'web.VWROL_017', 0, N'web.SPROL_017', N'ROL_017_Info', N'ROL_017_Data', N'ROL_017_Bus', N'ROL_017_Rpt', N'Reportes', N'RRHHReportes', N'ROL_017', 1, 1, 0, NULL, 1)
INSERT [web].[tb_sis_reporte] ([CodReporte], [nom_reporte], [CodModulo], [rpt_vista], [rpt_usa_store_procedure], [rpt_store_procedure], [rpt_clase_info], [rpt_clase_data], [rpt_clase_bus], [rpt_clase_rpt], [mvc_area], [mvc_controlador], [mvc_accion], [estado], [se_muestra_administrador_reportes], [orden], [observacion], [Se_Mustra_Disenador_rpt]) VALUES (N'ROL_018', N'Histórico de liquidaciones de vacaciones', N'ROL', N'web.VWROL_018', 0, N'web.SPROL_018', N'ROL_018_Info', N'ROL_018_Data', N'ROL_018_Bus', N'ROL_018_Rpt', N'Reportes', N'RRHHReportes', N'ROL_018', 1, 1, 0, NULL, 1)
INSERT [web].[tb_sis_reporte] ([CodReporte], [nom_reporte], [CodModulo], [rpt_vista], [rpt_usa_store_procedure], [rpt_store_procedure], [rpt_clase_info], [rpt_clase_data], [rpt_clase_bus], [rpt_clase_rpt], [mvc_area], [mvc_controlador], [mvc_accion], [estado], [se_muestra_administrador_reportes], [orden], [observacion], [Se_Mustra_Disenador_rpt]) VALUES (N'ROL_019', N'DETALLE DE CUOTAS PENDIENTES', N'ROL', N'web.VWROL_019', 0, N'web.SPROL_019', N'ROL_019_Info', N'ROL_019_Data', N'ROL_019_Bus', N'ROL_019_Rpt', N'Reportes', N'RRHHReportes', N'ROL_019', 1, 1, 0, NULL, 1)
INSERT [web].[tb_sis_reporte] ([CodReporte], [nom_reporte], [CodModulo], [rpt_vista], [rpt_usa_store_procedure], [rpt_store_procedure], [rpt_clase_info], [rpt_clase_data], [rpt_clase_bus], [rpt_clase_rpt], [mvc_area], [mvc_controlador], [mvc_accion], [estado], [se_muestra_administrador_reportes], [orden], [observacion], [Se_Mustra_Disenador_rpt]) VALUES (N'ROL_020', N'CREDITOS BANCARIOS', N'ROL', N'web.VWROL_024', 0, N'web.SPROL_024', N'ROL_024_Info', N'ROL_024_Data', N'ROL_024_Bus', N'ROL_020_Rpt', N'Reportes', N'RRHHReportes', N'ROL_020', 1, 1, 0, NULL, 1)
INSERT [web].[tb_sis_reporte] ([CodReporte], [nom_reporte], [CodModulo], [rpt_vista], [rpt_usa_store_procedure], [rpt_store_procedure], [rpt_clase_info], [rpt_clase_data], [rpt_clase_bus], [rpt_clase_rpt], [mvc_area], [mvc_controlador], [mvc_accion], [estado], [se_muestra_administrador_reportes], [orden], [observacion], [Se_Mustra_Disenador_rpt]) VALUES (N'ROL_021', N'REPORTE DE INGRESO Y EGRESO POR ROL', N'ROL', N'web.VWROL_021', 0, N'web.SPROL_021', N'ROL_021_Info', N'ROL_021_Data', N'ROL_021_Bus', N'ROL_021_Rpt', N'Reportes', N'RRHHReportes', N'ROL_021', 1, 1, 0, NULL, 1)
INSERT [web].[tb_sis_reporte] ([CodReporte], [nom_reporte], [CodModulo], [rpt_vista], [rpt_usa_store_procedure], [rpt_store_procedure], [rpt_clase_info], [rpt_clase_data], [rpt_clase_bus], [rpt_clase_rpt], [mvc_area], [mvc_controlador], [mvc_accion], [estado], [se_muestra_administrador_reportes], [orden], [observacion], [Se_Mustra_Disenador_rpt]) VALUES (N'ROL_022', N'ROL DE INGRESOS PROFESORES', N'ROL', N'web.VWROL_022', 0, N'web.SPROL_022', N'ROL_022_Info', N'ROL_022_Data', N'ROL_022_Bus', N'ROL_022_Rpt', N'Reportes', N'RRHHReportes', N'ROL_022', 1, 1, 0, NULL, 1)
INSERT [web].[tb_sis_reporte] ([CodReporte], [nom_reporte], [CodModulo], [rpt_vista], [rpt_usa_store_procedure], [rpt_store_procedure], [rpt_clase_info], [rpt_clase_data], [rpt_clase_bus], [rpt_clase_rpt], [mvc_area], [mvc_controlador], [mvc_accion], [estado], [se_muestra_administrador_reportes], [orden], [observacion], [Se_Mustra_Disenador_rpt]) VALUES (N'ROL_023', N'ROL GENERAL ', N'ROL', N'web.VWROL_023', 0, N'web.SPROL_023', N'ROL_023_Info', N'ROL_023_Data', N'ROL_023_Bus', N'ROL_023_Rpt', N'Reportes', N'RRHHReportes', N'ROL_023', 1, 1, 0, NULL, 1)
INSERT [web].[tb_sis_reporte] ([CodReporte], [nom_reporte], [CodModulo], [rpt_vista], [rpt_usa_store_procedure], [rpt_store_procedure], [rpt_clase_info], [rpt_clase_data], [rpt_clase_bus], [rpt_clase_rpt], [mvc_area], [mvc_controlador], [mvc_accion], [estado], [se_muestra_administrador_reportes], [orden], [observacion], [Se_Mustra_Disenador_rpt]) VALUES (N'ROL_024', N'PLANILLA PARA VARIACION DE SUELDO', N'ROL', N'web.VWROL_024', 0, N'web.SPROL_024', N'ROL_024_Info', N'ROL_024_Data', N'ROL_024_Bus', N'ROL_024_Rpt', N'Reportes', N'RRHHReportes', N'ROL_024', 1, 1, 0, NULL, 1)
INSERT [web].[tb_sis_reporte] ([CodReporte], [nom_reporte], [CodModulo], [rpt_vista], [rpt_usa_store_procedure], [rpt_store_procedure], [rpt_clase_info], [rpt_clase_data], [rpt_clase_bus], [rpt_clase_rpt], [mvc_area], [mvc_controlador], [mvc_accion], [estado], [se_muestra_administrador_reportes], [orden], [observacion], [Se_Mustra_Disenador_rpt]) VALUES (N'ROL_025', N'INFORMACION INDIVIDUAL DECIMO CUARTO', N'ROL', N'web.VWROL_025', 0, N'web.SPROL_025', N'ROL_025_Info', N'ROL_025_Data', N'ROL_025_Bus', N'ROL_025_Rpt', N'Reportes', N'RRHHReportes', N'ROL_025', 1, 1, 0, NULL, 1)
INSERT [web].[tb_sis_reporte] ([CodReporte], [nom_reporte], [CodModulo], [rpt_vista], [rpt_usa_store_procedure], [rpt_store_procedure], [rpt_clase_info], [rpt_clase_data], [rpt_clase_bus], [rpt_clase_rpt], [mvc_area], [mvc_controlador], [mvc_accion], [estado], [se_muestra_administrador_reportes], [orden], [observacion], [Se_Mustra_Disenador_rpt]) VALUES (N'ROL_026', N'COMPROBANTE EN RETENCIONES A LA FUENTE DEL IMPUESTO A LA RENTA', N'ROL', N'web.VWROL_026', 0, N'web.SPROL_026', N'ROL_026_Info', N'ROL_026_Data', N'ROL_026_Bus', N'ROL_026_Rpt', N'Reportes', N'RRHHReportes', N'ROL_026', 1, 1, 0, NULL, 0)
INSERT [web].[tb_sis_reporte] ([CodReporte], [nom_reporte], [CodModulo], [rpt_vista], [rpt_usa_store_procedure], [rpt_store_procedure], [rpt_clase_info], [rpt_clase_data], [rpt_clase_bus], [rpt_clase_rpt], [mvc_area], [mvc_controlador], [mvc_accion], [estado], [se_muestra_administrador_reportes], [orden], [observacion], [Se_Mustra_Disenador_rpt]) VALUES (N'ROL_027', N'DECIMO TERCER SUELDO POR DEPARTAMENTO', N'ROL', N'web.VWROL_027', 0, N'web.SPROL_027', N'ROL_027_Info', N'ROL_027_Data', N'ROL_027_Bus', N'ROL_027_Rpt', N'Reportes', N'RRHHReportes', N'ROL_027', 1, 1, 0, NULL, 0)
INSERT [web].[tb_sis_reporte] ([CodReporte], [nom_reporte], [CodModulo], [rpt_vista], [rpt_usa_store_procedure], [rpt_store_procedure], [rpt_clase_info], [rpt_clase_data], [rpt_clase_bus], [rpt_clase_rpt], [mvc_area], [mvc_controlador], [mvc_accion], [estado], [se_muestra_administrador_reportes], [orden], [observacion], [Se_Mustra_Disenador_rpt]) VALUES (N'ROL_028', N'Listado RDEP', N'ROL', N'web.VWROL_028', 0, N'web.SPROL_028', N'ROL_028_Info', N'ROL_028_Data', N'ROL_028_Bus', N'ROL_028_Rpt', N'Reportes', N'RRHHReportes', N'ROL_028', 1, 0, 0, NULL, 0)
INSERT [dbo].[cp_orden_pago_formapago] ([IdFormaPago], [descripcion], [IdTipoTransaccion], [CodModulo], [IdTipoMovi_caj]) VALUES (N'CHEQUE', N'PAGO CON CHEQUE  (BANCOS)', N'CHEQUE', N'BAN', NULL)
INSERT [dbo].[cp_orden_pago_formapago] ([IdFormaPago], [descripcion], [IdTipoTransaccion], [CodModulo], [IdTipoMovi_caj]) VALUES (N'EFEC', N'PAGO EN EFECTIVO (EGRESO CAJA)', N'CHEQUE', N'CAJ', NULL)
INSERT [dbo].[cp_orden_pago_formapago] ([IdFormaPago], [descripcion], [IdTipoTransaccion], [CodModulo], [IdTipoMovi_caj]) VALUES (N'NTDEB_BAN', N'PAGO POR DEBITO BANCARIO(TRANSFERENCIAS BANCARIA)', N'CHEQUE', N'BAN', NULL)
INSERT [dbo].[cp_orden_pago_formapago] ([IdFormaPago], [descripcion], [IdTipoTransaccion], [CodModulo], [IdTipoMovi_caj]) VALUES (N'TARJE_CRE', N'PAGO CON TARJETA CREDITO(EGRESO CAJA)', N'CHEQUE', N'CAJ', NULL)
INSERT [dbo].[tb_pais] ([IdPais], [CodPais], [Nombre], [Nacionalidad], [estado], [IdUsuario], [Fecha_Transac], [IdUsuarioUltMod], [Fecha_UltMod], [IdUsuarioUltAnu], [Fecha_UltAnu], [MotivoAnula], [nom_pc], [ip]) VALUES (N'00004', N'SALV', N'EL SALVADOR', N'SALVADOREÑO', N'A', NULL, NULL, NULL, NULL, NULL, NULL, NULL, NULL, NULL)
INSERT [dbo].[tb_pais] ([IdPais], [CodPais], [Nombre], [Nacionalidad], [estado], [IdUsuario], [Fecha_Transac], [IdUsuarioUltMod], [Fecha_UltMod], [IdUsuarioUltAnu], [Fecha_UltAnu], [MotivoAnula], [nom_pc], [ip]) VALUES (N'00005', N'BOL', N'BOLIVIA', N'BOLIVIANA', N'A', NULL, NULL, NULL, NULL, NULL, NULL, NULL, NULL, NULL)
INSERT [dbo].[tb_pais] ([IdPais], [CodPais], [Nombre], [Nacionalidad], [estado], [IdUsuario], [Fecha_Transac], [IdUsuarioUltMod], [Fecha_UltMod], [IdUsuarioUltAnu], [Fecha_UltAnu], [MotivoAnula], [nom_pc], [ip]) VALUES (N'00006', N'000', N'UNITED STATES', N'Estados Unidos', N'A', NULL, NULL, NULL, NULL, NULL, NULL, NULL, NULL, NULL)
INSERT [dbo].[tb_pais] ([IdPais], [CodPais], [Nombre], [Nacionalidad], [estado], [IdUsuario], [Fecha_Transac], [IdUsuarioUltMod], [Fecha_UltMod], [IdUsuarioUltAnu], [Fecha_UltAnu], [MotivoAnula], [nom_pc], [ip]) VALUES (N'00007', N'EEUU', N'UNITED STATES', N'UNITED STATES', N'A', NULL, NULL, NULL, NULL, NULL, NULL, NULL, NULL, NULL)
INSERT [dbo].[tb_pais] ([IdPais], [CodPais], [Nombre], [Nacionalidad], [estado], [IdUsuario], [Fecha_Transac], [IdUsuarioUltMod], [Fecha_UltMod], [IdUsuarioUltAnu], [Fecha_UltAnu], [MotivoAnula], [nom_pc], [ip]) VALUES (N'00008', N'0004', N'BRASIL', N'BRASILEÑA', N'A', NULL, NULL, NULL, NULL, NULL, NULL, NULL, NULL, NULL)
INSERT [dbo].[tb_pais] ([IdPais], [CodPais], [Nombre], [Nacionalidad], [estado], [IdUsuario], [Fecha_Transac], [IdUsuarioUltMod], [Fecha_UltMod], [IdUsuarioUltAnu], [Fecha_UltAnu], [MotivoAnula], [nom_pc], [ip]) VALUES (N'00009', N'ARG', N'ARGENTINA', N'ARGENTINA', N'A', NULL, NULL, NULL, NULL, NULL, NULL, NULL, NULL, NULL)
INSERT [dbo].[tb_pais] ([IdPais], [CodPais], [Nombre], [Nacionalidad], [estado], [IdUsuario], [Fecha_Transac], [IdUsuarioUltMod], [Fecha_UltMod], [IdUsuarioUltAnu], [Fecha_UltAnu], [MotivoAnula], [nom_pc], [ip]) VALUES (N'00010', N'ALE', N'ALEMANIA', N'ALEMANA', N'A', NULL, NULL, NULL, NULL, NULL, NULL, NULL, NULL, NULL)
INSERT [dbo].[tb_pais] ([IdPais], [CodPais], [Nombre], [Nacionalidad], [estado], [IdUsuario], [Fecha_Transac], [IdUsuarioUltMod], [Fecha_UltMod], [IdUsuarioUltAnu], [Fecha_UltAnu], [MotivoAnula], [nom_pc], [ip]) VALUES (N'00011', N'ALE', N'ALEMANIA', N'ALEMANA', N'A', NULL, NULL, NULL, NULL, NULL, NULL, NULL, NULL, NULL)
INSERT [dbo].[tb_pais] ([IdPais], [CodPais], [Nombre], [Nacionalidad], [estado], [IdUsuario], [Fecha_Transac], [IdUsuarioUltMod], [Fecha_UltMod], [IdUsuarioUltAnu], [Fecha_UltAnu], [MotivoAnula], [nom_pc], [ip]) VALUES (N'1', N'ECU', N'ECUADOR', N'Ecuatoriana', N'A', NULL, NULL, NULL, NULL, NULL, NULL, NULL, NULL, NULL)
INSERT [dbo].[tb_pais] ([IdPais], [CodPais], [Nombre], [Nacionalidad], [estado], [IdUsuario], [Fecha_Transac], [IdUsuarioUltMod], [Fecha_UltMod], [IdUsuarioUltAnu], [Fecha_UltAnu], [MotivoAnula], [nom_pc], [ip]) VALUES (N'2', N'PER', N'PERU', N'Peruana', N'A', NULL, NULL, NULL, NULL, NULL, NULL, NULL, NULL, NULL)
INSERT [dbo].[tb_pais] ([IdPais], [CodPais], [Nombre], [Nacionalidad], [estado], [IdUsuario], [Fecha_Transac], [IdUsuarioUltMod], [Fecha_UltMod], [IdUsuarioUltAnu], [Fecha_UltAnu], [MotivoAnula], [nom_pc], [ip]) VALUES (N'3', N'COL', N'COLOMBIA', N'Colombiana', N'A', NULL, NULL, NULL, NULL, NULL, NULL, NULL, NULL, NULL)
INSERT [dbo].[tb_region] ([Cod_Region], [Nom_region], [codigo], [estado], [IdPais]) VALUES (N'00001', N'COSTA', N'01', 1, N'1')
INSERT [dbo].[tb_region] ([Cod_Region], [Nom_region], [codigo], [estado], [IdPais]) VALUES (N'00002', N'SIERRA', N'02', 1, N'1')
INSERT [dbo].[tb_region] ([Cod_Region], [Nom_region], [codigo], [estado], [IdPais]) VALUES (N'00003', N'ORIENTE', N'03', 1, N'1')
INSERT [dbo].[tb_region] ([Cod_Region], [Nom_region], [codigo], [estado], [IdPais]) VALUES (N'00004', N'GALAPAGOS', N'04', 1, N'1')
INSERT [dbo].[tb_region] ([Cod_Region], [Nom_region], [codigo], [estado], [IdPais]) VALUES (N'00005', N'NORTE', NULL, 1, N'00009')
INSERT [dbo].[tb_region] ([Cod_Region], [Nom_region], [codigo], [estado], [IdPais]) VALUES (N'00006', N'ALEMANIA REGION 12', N'2', 1, N'00010')
INSERT [dbo].[tb_region] ([Cod_Region], [Nom_region], [codigo], [estado], [IdPais]) VALUES (N'00007', N'el salvador', N'001', 1, N'00004')
INSERT [dbo].[tb_provincia] ([IdProvincia], [Cod_Provincia], [Descripcion_Prov], [Estado], [IdPais], [IdUsuario], [Fecha_Transac], [IdUsuarioUltMod], [Fecha_UltMod], [IdUsuarioUltAnu], [Fecha_UltAnu], [MotivoAnula], [nom_pc], [ip], [Cod_Region]) VALUES (N'0028', NULL, N'BOLIVIA', N'A', N'00005', NULL, NULL, NULL, NULL, NULL, NULL, NULL, NULL, NULL, N'00001')
INSERT [dbo].[tb_provincia] ([IdProvincia], [Cod_Provincia], [Descripcion_Prov], [Estado], [IdPais], [IdUsuario], [Fecha_Transac], [IdUsuarioUltMod], [Fecha_UltMod], [IdUsuarioUltAnu], [Fecha_UltAnu], [MotivoAnula], [nom_pc], [ip], [Cod_Region]) VALUES (N'0029', NULL, N'BOLIVIA', N'A', N'1', NULL, NULL, NULL, NULL, NULL, NULL, NULL, NULL, NULL, N'00001')
INSERT [dbo].[tb_provincia] ([IdProvincia], [Cod_Provincia], [Descripcion_Prov], [Estado], [IdPais], [IdUsuario], [Fecha_Transac], [IdUsuarioUltMod], [Fecha_UltMod], [IdUsuarioUltAnu], [Fecha_UltAnu], [MotivoAnula], [nom_pc], [ip], [Cod_Region]) VALUES (N'0030', NULL, N'BUENOS AIRES', N'A', N'00009', NULL, NULL, NULL, NULL, NULL, NULL, NULL, NULL, NULL, N'00005')
INSERT [dbo].[tb_provincia] ([IdProvincia], [Cod_Provincia], [Descripcion_Prov], [Estado], [IdPais], [IdUsuario], [Fecha_Transac], [IdUsuarioUltMod], [Fecha_UltMod], [IdUsuarioUltAnu], [Fecha_UltAnu], [MotivoAnula], [nom_pc], [ip], [Cod_Region]) VALUES (N'01', N'01', N'AZUAY', N'A', N'1', N'', NULL, NULL, NULL, NULL, NULL, NULL, N'', N'', NULL)
INSERT [dbo].[tb_provincia] ([IdProvincia], [Cod_Provincia], [Descripcion_Prov], [Estado], [IdPais], [IdUsuario], [Fecha_Transac], [IdUsuarioUltMod], [Fecha_UltMod], [IdUsuarioUltAnu], [Fecha_UltAnu], [MotivoAnula], [nom_pc], [ip], [Cod_Region]) VALUES (N'02', N'02', N'BOLIVAR', N'A', N'1', NULL, NULL, NULL, NULL, NULL, NULL, NULL, NULL, NULL, NULL)
INSERT [dbo].[tb_provincia] ([IdProvincia], [Cod_Provincia], [Descripcion_Prov], [Estado], [IdPais], [IdUsuario], [Fecha_Transac], [IdUsuarioUltMod], [Fecha_UltMod], [IdUsuarioUltAnu], [Fecha_UltAnu], [MotivoAnula], [nom_pc], [ip], [Cod_Region]) VALUES (N'03', N'03', N'CAÑAR', N'A', N'1', NULL, NULL, NULL, NULL, NULL, NULL, NULL, NULL, NULL, NULL)
INSERT [dbo].[tb_provincia] ([IdProvincia], [Cod_Provincia], [Descripcion_Prov], [Estado], [IdPais], [IdUsuario], [Fecha_Transac], [IdUsuarioUltMod], [Fecha_UltMod], [IdUsuarioUltAnu], [Fecha_UltAnu], [MotivoAnula], [nom_pc], [ip], [Cod_Region]) VALUES (N'04', N'04', N'CARCHI', N'A', N'1', NULL, NULL, NULL, NULL, NULL, NULL, NULL, NULL, NULL, NULL)
INSERT [dbo].[tb_provincia] ([IdProvincia], [Cod_Provincia], [Descripcion_Prov], [Estado], [IdPais], [IdUsuario], [Fecha_Transac], [IdUsuarioUltMod], [Fecha_UltMod], [IdUsuarioUltAnu], [Fecha_UltAnu], [MotivoAnula], [nom_pc], [ip], [Cod_Region]) VALUES (N'05', N'05', N'COTOPAXI', N'A', N'1', NULL, NULL, NULL, NULL, NULL, NULL, NULL, NULL, NULL, NULL)
INSERT [dbo].[tb_provincia] ([IdProvincia], [Cod_Provincia], [Descripcion_Prov], [Estado], [IdPais], [IdUsuario], [Fecha_Transac], [IdUsuarioUltMod], [Fecha_UltMod], [IdUsuarioUltAnu], [Fecha_UltAnu], [MotivoAnula], [nom_pc], [ip], [Cod_Region]) VALUES (N'06', N'06', N'CHIMBORAZO', N'A', N'1', NULL, NULL, NULL, NULL, NULL, NULL, NULL, NULL, NULL, NULL)
INSERT [dbo].[tb_provincia] ([IdProvincia], [Cod_Provincia], [Descripcion_Prov], [Estado], [IdPais], [IdUsuario], [Fecha_Transac], [IdUsuarioUltMod], [Fecha_UltMod], [IdUsuarioUltAnu], [Fecha_UltAnu], [MotivoAnula], [nom_pc], [ip], [Cod_Region]) VALUES (N'07', N'07', N'EL ORO', N'A', N'1', NULL, NULL, NULL, NULL, NULL, NULL, NULL, NULL, NULL, NULL)
INSERT [dbo].[tb_provincia] ([IdProvincia], [Cod_Provincia], [Descripcion_Prov], [Estado], [IdPais], [IdUsuario], [Fecha_Transac], [IdUsuarioUltMod], [Fecha_UltMod], [IdUsuarioUltAnu], [Fecha_UltAnu], [MotivoAnula], [nom_pc], [ip], [Cod_Region]) VALUES (N'08', N'08', N'ESMERALDAS', N'A', N'1', NULL, NULL, NULL, NULL, NULL, NULL, NULL, NULL, NULL, NULL)
INSERT [dbo].[tb_provincia] ([IdProvincia], [Cod_Provincia], [Descripcion_Prov], [Estado], [IdPais], [IdUsuario], [Fecha_Transac], [IdUsuarioUltMod], [Fecha_UltMod], [IdUsuarioUltAnu], [Fecha_UltAnu], [MotivoAnula], [nom_pc], [ip], [Cod_Region]) VALUES (N'09', N'09', N'GUAYAS', N'A', N'1', NULL, NULL, NULL, NULL, NULL, NULL, NULL, NULL, NULL, NULL)
INSERT [dbo].[tb_provincia] ([IdProvincia], [Cod_Provincia], [Descripcion_Prov], [Estado], [IdPais], [IdUsuario], [Fecha_Transac], [IdUsuarioUltMod], [Fecha_UltMod], [IdUsuarioUltAnu], [Fecha_UltAnu], [MotivoAnula], [nom_pc], [ip], [Cod_Region]) VALUES (N'10', N'10', N'IMBABURA', N'A', N'1', NULL, NULL, NULL, NULL, NULL, NULL, NULL, NULL, NULL, NULL)
INSERT [dbo].[tb_provincia] ([IdProvincia], [Cod_Provincia], [Descripcion_Prov], [Estado], [IdPais], [IdUsuario], [Fecha_Transac], [IdUsuarioUltMod], [Fecha_UltMod], [IdUsuarioUltAnu], [Fecha_UltAnu], [MotivoAnula], [nom_pc], [ip], [Cod_Region]) VALUES (N'11', N'11', N'LOJA', N'A', N'1', NULL, NULL, NULL, NULL, NULL, NULL, NULL, NULL, NULL, NULL)
INSERT [dbo].[tb_provincia] ([IdProvincia], [Cod_Provincia], [Descripcion_Prov], [Estado], [IdPais], [IdUsuario], [Fecha_Transac], [IdUsuarioUltMod], [Fecha_UltMod], [IdUsuarioUltAnu], [Fecha_UltAnu], [MotivoAnula], [nom_pc], [ip], [Cod_Region]) VALUES (N'12', N'12', N'LOS RIOS', N'A', N'1', NULL, NULL, NULL, NULL, NULL, NULL, NULL, NULL, NULL, NULL)
INSERT [dbo].[tb_provincia] ([IdProvincia], [Cod_Provincia], [Descripcion_Prov], [Estado], [IdPais], [IdUsuario], [Fecha_Transac], [IdUsuarioUltMod], [Fecha_UltMod], [IdUsuarioUltAnu], [Fecha_UltAnu], [MotivoAnula], [nom_pc], [ip], [Cod_Region]) VALUES (N'13', N'13', N'MANABI', N'A', N'1', NULL, NULL, NULL, NULL, NULL, NULL, NULL, NULL, NULL, NULL)
INSERT [dbo].[tb_provincia] ([IdProvincia], [Cod_Provincia], [Descripcion_Prov], [Estado], [IdPais], [IdUsuario], [Fecha_Transac], [IdUsuarioUltMod], [Fecha_UltMod], [IdUsuarioUltAnu], [Fecha_UltAnu], [MotivoAnula], [nom_pc], [ip], [Cod_Region]) VALUES (N'14', N'14', N'MORONA SANTIAGO', N'A', N'1', NULL, NULL, NULL, NULL, NULL, NULL, NULL, NULL, NULL, NULL)
INSERT [dbo].[tb_provincia] ([IdProvincia], [Cod_Provincia], [Descripcion_Prov], [Estado], [IdPais], [IdUsuario], [Fecha_Transac], [IdUsuarioUltMod], [Fecha_UltMod], [IdUsuarioUltAnu], [Fecha_UltAnu], [MotivoAnula], [nom_pc], [ip], [Cod_Region]) VALUES (N'15', N'15', N'NAPO', N'A', N'1', NULL, NULL, NULL, NULL, NULL, NULL, NULL, NULL, NULL, NULL)
INSERT [dbo].[tb_provincia] ([IdProvincia], [Cod_Provincia], [Descripcion_Prov], [Estado], [IdPais], [IdUsuario], [Fecha_Transac], [IdUsuarioUltMod], [Fecha_UltMod], [IdUsuarioUltAnu], [Fecha_UltAnu], [MotivoAnula], [nom_pc], [ip], [Cod_Region]) VALUES (N'16', N'16', N'PASTAZA', N'A', N'1', NULL, NULL, NULL, NULL, NULL, NULL, NULL, NULL, NULL, NULL)
INSERT [dbo].[tb_provincia] ([IdProvincia], [Cod_Provincia], [Descripcion_Prov], [Estado], [IdPais], [IdUsuario], [Fecha_Transac], [IdUsuarioUltMod], [Fecha_UltMod], [IdUsuarioUltAnu], [Fecha_UltAnu], [MotivoAnula], [nom_pc], [ip], [Cod_Region]) VALUES (N'17', N'17', N'PICHINCHA', N'A', N'1', NULL, NULL, NULL, NULL, NULL, NULL, NULL, NULL, NULL, NULL)
INSERT [dbo].[tb_provincia] ([IdProvincia], [Cod_Provincia], [Descripcion_Prov], [Estado], [IdPais], [IdUsuario], [Fecha_Transac], [IdUsuarioUltMod], [Fecha_UltMod], [IdUsuarioUltAnu], [Fecha_UltAnu], [MotivoAnula], [nom_pc], [ip], [Cod_Region]) VALUES (N'18', N'18', N'TUNGURAHUA', N'A', N'1', NULL, NULL, NULL, NULL, NULL, NULL, NULL, NULL, NULL, NULL)
INSERT [dbo].[tb_provincia] ([IdProvincia], [Cod_Provincia], [Descripcion_Prov], [Estado], [IdPais], [IdUsuario], [Fecha_Transac], [IdUsuarioUltMod], [Fecha_UltMod], [IdUsuarioUltAnu], [Fecha_UltAnu], [MotivoAnula], [nom_pc], [ip], [Cod_Region]) VALUES (N'19', N'19', N'ZAMORA CHINCHIPE', N'A', N'1', NULL, NULL, NULL, NULL, NULL, NULL, NULL, NULL, NULL, NULL)
INSERT [dbo].[tb_provincia] ([IdProvincia], [Cod_Provincia], [Descripcion_Prov], [Estado], [IdPais], [IdUsuario], [Fecha_Transac], [IdUsuarioUltMod], [Fecha_UltMod], [IdUsuarioUltAnu], [Fecha_UltAnu], [MotivoAnula], [nom_pc], [ip], [Cod_Region]) VALUES (N'20', N'20', N'GALAPAGOS', N'A', N'1', NULL, NULL, NULL, NULL, NULL, NULL, NULL, NULL, NULL, NULL)
INSERT [dbo].[tb_provincia] ([IdProvincia], [Cod_Provincia], [Descripcion_Prov], [Estado], [IdPais], [IdUsuario], [Fecha_Transac], [IdUsuarioUltMod], [Fecha_UltMod], [IdUsuarioUltAnu], [Fecha_UltAnu], [MotivoAnula], [nom_pc], [ip], [Cod_Region]) VALUES (N'21', N'21', N'SUCUMBIOS', N'A', N'1', NULL, NULL, NULL, NULL, NULL, NULL, NULL, NULL, NULL, NULL)
INSERT [dbo].[tb_provincia] ([IdProvincia], [Cod_Provincia], [Descripcion_Prov], [Estado], [IdPais], [IdUsuario], [Fecha_Transac], [IdUsuarioUltMod], [Fecha_UltMod], [IdUsuarioUltAnu], [Fecha_UltAnu], [MotivoAnula], [nom_pc], [ip], [Cod_Region]) VALUES (N'22', N'22', N'ORELLANA', N'A', N'1', NULL, NULL, NULL, NULL, NULL, NULL, NULL, NULL, NULL, NULL)
INSERT [dbo].[tb_provincia] ([IdProvincia], [Cod_Provincia], [Descripcion_Prov], [Estado], [IdPais], [IdUsuario], [Fecha_Transac], [IdUsuarioUltMod], [Fecha_UltMod], [IdUsuarioUltAnu], [Fecha_UltAnu], [MotivoAnula], [nom_pc], [ip], [Cod_Region]) VALUES (N'23', N'23', N'SANTO DOMINGO DE LOS TSACHILAS', N'A', N'1', NULL, NULL, NULL, NULL, NULL, NULL, NULL, NULL, NULL, NULL)
INSERT [dbo].[tb_provincia] ([IdProvincia], [Cod_Provincia], [Descripcion_Prov], [Estado], [IdPais], [IdUsuario], [Fecha_Transac], [IdUsuarioUltMod], [Fecha_UltMod], [IdUsuarioUltAnu], [Fecha_UltAnu], [MotivoAnula], [nom_pc], [ip], [Cod_Region]) VALUES (N'24', N'24', N'SANTA ELENA', N'A', N'1', NULL, NULL, NULL, NULL, NULL, NULL, NULL, NULL, NULL, NULL)
INSERT [dbo].[tb_provincia] ([IdProvincia], [Cod_Provincia], [Descripcion_Prov], [Estado], [IdPais], [IdUsuario], [Fecha_Transac], [IdUsuarioUltMod], [Fecha_UltMod], [IdUsuarioUltAnu], [Fecha_UltAnu], [MotivoAnula], [nom_pc], [ip], [Cod_Region]) VALUES (N'25', N'00', N'PERU', N'A', N'2', NULL, NULL, NULL, NULL, NULL, NULL, NULL, NULL, NULL, NULL)
INSERT [dbo].[tb_provincia] ([IdProvincia], [Cod_Provincia], [Descripcion_Prov], [Estado], [IdPais], [IdUsuario], [Fecha_Transac], [IdUsuarioUltMod], [Fecha_UltMod], [IdUsuarioUltAnu], [Fecha_UltAnu], [MotivoAnula], [nom_pc], [ip], [Cod_Region]) VALUES (N'26', N'25', N'BOGOTÁ', N'A', N'3', NULL, NULL, NULL, NULL, NULL, NULL, NULL, NULL, NULL, NULL)
INSERT [dbo].[tb_provincia] ([IdProvincia], [Cod_Provincia], [Descripcion_Prov], [Estado], [IdPais], [IdUsuario], [Fecha_Transac], [IdUsuarioUltMod], [Fecha_UltMod], [IdUsuarioUltAnu], [Fecha_UltAnu], [MotivoAnula], [nom_pc], [ip], [Cod_Region]) VALUES (N'27', N'27', N'EL SALVADOR', N'A', N'00004', NULL, NULL, NULL, NULL, NULL, NULL, NULL, NULL, NULL, NULL)
INSERT [dbo].[com_catalogo_tipo] ([IdCatalogocompra_tipo], [Descripcion], [Estado]) VALUES (N'EST_ANU', N'Estado Anulacion', N'A')
INSERT [dbo].[com_catalogo_tipo] ([IdCatalogocompra_tipo], [Descripcion], [Estado]) VALUES (N'EST_APR_LIS_REQ', N'Estado Aprobacion Listado Requer', N'A')
INSERT [dbo].[com_catalogo_tipo] ([IdCatalogocompra_tipo], [Descripcion], [Estado]) VALUES (N'EST_APRO', N'Estado Aprobacion', N'A')
INSERT [dbo].[com_catalogo_tipo] ([IdCatalogocompra_tipo], [Descripcion], [Estado]) VALUES (N'EST_APRO_SOL', N'Estado Aprobacion Solicitud Compra', N'A')
INSERT [dbo].[com_catalogo_tipo] ([IdCatalogocompra_tipo], [Descripcion], [Estado]) VALUES (N'EST_REC', N'Estado Recepcion', N'A')
INSERT [dbo].[com_catalogo_tipo] ([IdCatalogocompra_tipo], [Descripcion], [Estado]) VALUES (N'MOT_ORC', N'Motivo de Orden Compra', N'A')
INSERT [dbo].[com_catalogo_tipo] ([IdCatalogocompra_tipo], [Descripcion], [Estado]) VALUES (N'MOT_REQ', N'Motivo de Requerimiento', N'A')
INSERT [dbo].[com_catalogo_tipo] ([IdCatalogocompra_tipo], [Descripcion], [Estado]) VALUES (N'TER_PAG', N'Termino Pago', N'A')
INSERT [dbo].[com_catalogo_tipo] ([IdCatalogocompra_tipo], [Descripcion], [Estado]) VALUES (N'TIP_PROD', N'Tipo de Producto', N'A')
INSERT [dbo].[com_catalogo] ([IdCatalogocompra], [IdCatalogocompra_tipo], [CodCatalogo], [Nombre], [Estado], [Abrebiatura], [NombreIngles], [Orden], [IdUsuario], [IdUsuarioUltMod], [FechaUltMod], [nom_pc], [ip], [IdUsuarioUltAnu], [Fecha_UltAnu], [MotiAnula]) VALUES (N'0001', N'EST_ANU', NULL, N'aprobados', N'I', NULL, NULL, 0, N'Veliz', N'admin', null, N'DESARROLLO', N'192.168.50.1', NULL, NULL, NULL)
INSERT [dbo].[com_catalogo] ([IdCatalogocompra], [IdCatalogocompra_tipo], [CodCatalogo], [Nombre], [Estado], [Abrebiatura], [NombreIngles], [Orden], [IdUsuario], [IdUsuarioUltMod], [FechaUltMod], [nom_pc], [ip], [IdUsuarioUltAnu], [Fecha_UltAnu], [MotiAnula]) VALUES (N'0002', N'EST_APR_LIS_REQ', NULL, N'x Aprobado', N'A', NULL, NULL, 1, N'Veliz', NULL, NULL, N'DESARROLLO', N'192.168.50.1', NULL, NULL, NULL)
INSERT [dbo].[com_catalogo] ([IdCatalogocompra], [IdCatalogocompra_tipo], [CodCatalogo], [Nombre], [Estado], [Abrebiatura], [NombreIngles], [Orden], [IdUsuario], [IdUsuarioUltMod], [FechaUltMod], [nom_pc], [ip], [IdUsuarioUltAnu], [Fecha_UltAnu], [MotiAnula]) VALUES (N'0003', N'TER_PAG', NULL, N'45 DIAS', N'A', NULL, NULL, 0, N'admin', NULL, NULL, N'DESARROLLO', N'192.168.1.43', NULL, NULL, NULL)
INSERT [dbo].[com_catalogo] ([IdCatalogocompra], [IdCatalogocompra_tipo], [CodCatalogo], [Nombre], [Estado], [Abrebiatura], [NombreIngles], [Orden], [IdUsuario], [IdUsuarioUltMod], [FechaUltMod], [nom_pc], [ip], [IdUsuarioUltAnu], [Fecha_UltAnu], [MotiAnula]) VALUES (N'0005', N'TER_PAG', NULL, N'90 Días', N'A', NULL, NULL, 3, N'admin', N'admin', null, N'DESARROLLO', N'192.168.1.43', NULL, NULL, NULL)
INSERT [dbo].[com_catalogo] ([IdCatalogocompra], [IdCatalogocompra_tipo], [CodCatalogo], [Nombre], [Estado], [Abrebiatura], [NombreIngles], [Orden], [IdUsuario], [IdUsuarioUltMod], [FechaUltMod], [nom_pc], [ip], [IdUsuarioUltAnu], [Fecha_UltAnu], [MotiAnula]) VALUES (N'0006', N'TER_PAG', NULL, N'Contado', N'A', NULL, NULL, 1, N'admin', N'admin', null, N'DESARROLLO', N'192.168.1.43', NULL, NULL, NULL)
INSERT [dbo].[com_catalogo] ([IdCatalogocompra], [IdCatalogocompra_tipo], [CodCatalogo], [Nombre], [Estado], [Abrebiatura], [NombreIngles], [Orden], [IdUsuario], [IdUsuarioUltMod], [FechaUltMod], [nom_pc], [ip], [IdUsuarioUltAnu], [Fecha_UltAnu], [MotiAnula]) VALUES (N'0007', N'TER_PAG', NULL, N'CREDITO 20 DIAS', N'A', NULL, NULL, 0, N'admin', NULL, NULL, N'DESARROLLO', N'192.168.1.43', NULL, NULL, NULL)
INSERT [dbo].[com_catalogo] ([IdCatalogocompra], [IdCatalogocompra_tipo], [CodCatalogo], [Nombre], [Estado], [Abrebiatura], [NombreIngles], [Orden], [IdUsuario], [IdUsuarioUltMod], [FechaUltMod], [nom_pc], [ip], [IdUsuarioUltAnu], [Fecha_UltAnu], [MotiAnula]) VALUES (N'0876', N'TER_PAG', NULL, N'15 Días', N'A', NULL, NULL, 0, N'KZAMBRANO', NULL, NULL, N'LYANZA', N'192.168.50.1', NULL, NULL, NULL)
INSERT [dbo].[com_catalogo] ([IdCatalogocompra], [IdCatalogocompra_tipo], [CodCatalogo], [Nombre], [Estado], [Abrebiatura], [NombreIngles], [Orden], [IdUsuario], [IdUsuarioUltMod], [FechaUltMod], [nom_pc], [ip], [IdUsuarioUltAnu], [Fecha_UltAnu], [MotiAnula]) VALUES (N'0877', N'EST_ANU', NULL, N'EFZ', N'A', NULL, NULL, 0, N'KZAMBRANO', N'admin', null, N'LYANZA', N'192.168.50.1', N'KZAMBRANO', null, N'ASD')
INSERT [dbo].[com_catalogo] ([IdCatalogocompra], [IdCatalogocompra_tipo], [CodCatalogo], [Nombre], [Estado], [Abrebiatura], [NombreIngles], [Orden], [IdUsuario], [IdUsuarioUltMod], [FechaUltMod], [nom_pc], [ip], [IdUsuarioUltAnu], [Fecha_UltAnu], [MotiAnula]) VALUES (N'0878', N'EST_ANU', NULL, N'nuevo', N'A', NULL, NULL, 0, N'admin', NULL, NULL, N'LYANZA', N'192.168.50.1', NULL, NULL, NULL)
INSERT [dbo].[com_catalogo] ([IdCatalogocompra], [IdCatalogocompra_tipo], [CodCatalogo], [Nombre], [Estado], [Abrebiatura], [NombreIngles], [Orden], [IdUsuario], [IdUsuarioUltMod], [FechaUltMod], [nom_pc], [ip], [IdUsuarioUltAnu], [Fecha_UltAnu], [MotiAnula]) VALUES (N'875', N'EST_ANU', NULL, N'Registro Detalle', N'A', NULL, NULL, 2, N'admin', NULL, NULL, N'DESARROLLO', N'192.168.50.1', NULL, NULL, NULL)
INSERT [dbo].[com_catalogo] ([IdCatalogocompra], [IdCatalogocompra_tipo], [CodCatalogo], [Nombre], [Estado], [Abrebiatura], [NombreIngles], [Orden], [IdUsuario], [IdUsuarioUltMod], [FechaUltMod], [nom_pc], [ip], [IdUsuarioUltAnu], [Fecha_UltAnu], [MotiAnula]) VALUES (N'ANU', N'EST_APRO', N'ANU', N'ANULADO', N'A', N'ANU', NULL, NULL, NULL, NULL, NULL, NULL, NULL, NULL, NULL, NULL)
INSERT [dbo].[com_catalogo] ([IdCatalogocompra], [IdCatalogocompra_tipo], [CodCatalogo], [Nombre], [Estado], [Abrebiatura], [NombreIngles], [Orden], [IdUsuario], [IdUsuarioUltMod], [FechaUltMod], [nom_pc], [ip], [IdUsuarioUltAnu], [Fecha_UltAnu], [MotiAnula]) VALUES (N'ANULA', N'EST_ANU', N'ANULA', N'ANULADO', N'A', N'AN', NULL, 0, NULL, N'admin', null, NULL, NULL, NULL, NULL, NULL)
INSERT [dbo].[com_catalogo] ([IdCatalogocompra], [IdCatalogocompra_tipo], [CodCatalogo], [Nombre], [Estado], [Abrebiatura], [NombreIngles], [Orden], [IdUsuario], [IdUsuarioUltMod], [FechaUltMod], [nom_pc], [ip], [IdUsuarioUltAnu], [Fecha_UltAnu], [MotiAnula]) VALUES (N'APR_SOL', N'EST_APRO_SOL', N'APR_SOL', N'APROBADO', N'A', N'A', NULL, NULL, NULL, NULL, NULL, NULL, NULL, NULL, NULL, NULL)
INSERT [dbo].[com_catalogo] ([IdCatalogocompra], [IdCatalogocompra_tipo], [CodCatalogo], [Nombre], [Estado], [Abrebiatura], [NombreIngles], [Orden], [IdUsuario], [IdUsuarioUltMod], [FechaUltMod], [nom_pc], [ip], [IdUsuarioUltAnu], [Fecha_UltAnu], [MotiAnula]) VALUES (N'APRO', N'EST_APRO', N'APRO', N'APROBADO O/C', N'A', N'A', NULL, 1, NULL, NULL, NULL, NULL, NULL, NULL, NULL, NULL)
INSERT [dbo].[com_catalogo] ([IdCatalogocompra], [IdCatalogocompra_tipo], [CodCatalogo], [Nombre], [Estado], [Abrebiatura], [NombreIngles], [Orden], [IdUsuario], [IdUsuarioUltMod], [FechaUltMod], [nom_pc], [ip], [IdUsuarioUltAnu], [Fecha_UltAnu], [MotiAnula]) VALUES (N'APRO_REQ', N'EST_APR_LIS_REQ', N'APRO_REQ', N'APROBADO', N'A', N'P', NULL, NULL, NULL, NULL, NULL, NULL, NULL, NULL, NULL, NULL)
INSERT [dbo].[com_catalogo] ([IdCatalogocompra], [IdCatalogocompra_tipo], [CodCatalogo], [Nombre], [Estado], [Abrebiatura], [NombreIngles], [Orden], [IdUsuario], [IdUsuarioUltMod], [FechaUltMod], [nom_pc], [ip], [IdUsuarioUltAnu], [Fecha_UltAnu], [MotiAnula]) VALUES (N'ggg', N'EST_ANU', NULL, N'Ingreso Manuel((---))++', N'A', NULL, NULL, 3, N'admin', N'admin', null, N'DESARROLLO', N'192.168.50.1', NULL, NULL, NULL)
INSERT [dbo].[com_catalogo] ([IdCatalogocompra], [IdCatalogocompra_tipo], [CodCatalogo], [Nombre], [Estado], [Abrebiatura], [NombreIngles], [Orden], [IdUsuario], [IdUsuarioUltMod], [FechaUltMod], [nom_pc], [ip], [IdUsuarioUltAnu], [Fecha_UltAnu], [MotiAnula]) VALUES (N'ING_PARCIAL', N'EST_REC', N'ING_PARCIAL', N'INGRESO PARCIAL', N'A', N'IP', NULL, NULL, NULL, NULL, NULL, NULL, NULL, NULL, NULL, NULL)
INSERT [dbo].[com_catalogo] ([IdCatalogocompra], [IdCatalogocompra_tipo], [CodCatalogo], [Nombre], [Estado], [Abrebiatura], [NombreIngles], [Orden], [IdUsuario], [IdUsuarioUltMod], [FechaUltMod], [nom_pc], [ip], [IdUsuarioUltAnu], [Fecha_UltAnu], [MotiAnula]) VALUES (N'ING_TOTAL', N'EST_REC', N'ING_TOTAL', N'INGRESO TOTAL', N'A', N'IT', NULL, NULL, NULL, NULL, NULL, NULL, NULL, NULL, NULL, NULL)
INSERT [dbo].[com_catalogo] ([IdCatalogocompra], [IdCatalogocompra_tipo], [CodCatalogo], [Nombre], [Estado], [Abrebiatura], [NombreIngles], [Orden], [IdUsuario], [IdUsuarioUltMod], [FechaUltMod], [nom_pc], [ip], [IdUsuarioUltAnu], [Fecha_UltAnu], [MotiAnula]) VALUES (N'NO_D', N'MOT_REQ', N'1', N'NO DEFINIDO', N'A', N'A', NULL, NULL, NULL, NULL, NULL, NULL, NULL, NULL, NULL, NULL)
INSERT [dbo].[com_catalogo] ([IdCatalogocompra], [IdCatalogocompra_tipo], [CodCatalogo], [Nombre], [Estado], [Abrebiatura], [NombreIngles], [Orden], [IdUsuario], [IdUsuarioUltMod], [FechaUltMod], [nom_pc], [ip], [IdUsuarioUltAnu], [Fecha_UltAnu], [MotiAnula]) VALUES (N'OCxCAJA', N'MOT_ORC', N'OCxCAJA', N'Por Caja Chica', N'A', NULL, NULL, NULL, NULL, NULL, NULL, NULL, NULL, NULL, NULL, NULL)
INSERT [dbo].[com_catalogo] ([IdCatalogocompra], [IdCatalogocompra_tipo], [CodCatalogo], [Nombre], [Estado], [Abrebiatura], [NombreIngles], [Orden], [IdUsuario], [IdUsuarioUltMod], [FechaUltMod], [nom_pc], [ip], [IdUsuarioUltAnu], [Fecha_UltAnu], [MotiAnula]) VALUES (N'OCxCON_INT', N'MOT_ORC', N'OCxCON_INT', N'Por Consumo Interno', N'A', NULL, NULL, NULL, NULL, NULL, NULL, NULL, NULL, NULL, NULL, NULL)
INSERT [dbo].[com_catalogo] ([IdCatalogocompra], [IdCatalogocompra_tipo], [CodCatalogo], [Nombre], [Estado], [Abrebiatura], [NombreIngles], [Orden], [IdUsuario], [IdUsuarioUltMod], [FechaUltMod], [nom_pc], [ip], [IdUsuarioUltAnu], [Fecha_UltAnu], [MotiAnula]) VALUES (N'OCxINV', N'MOT_ORC', N'OCxINV', N'Por Inventario', N'A', N'P', NULL, NULL, NULL, NULL, NULL, NULL, NULL, NULL, NULL, NULL)
INSERT [dbo].[com_catalogo] ([IdCatalogocompra], [IdCatalogocompra_tipo], [CodCatalogo], [Nombre], [Estado], [Abrebiatura], [NombreIngles], [Orden], [IdUsuario], [IdUsuarioUltMod], [FechaUltMod], [nom_pc], [ip], [IdUsuarioUltAnu], [Fecha_UltAnu], [MotiAnula]) VALUES (N'PEN', N'EST_REC', N'PEN', N'PENDIENTE', N'A', N'P', NULL, NULL, NULL, NULL, NULL, NULL, NULL, NULL, NULL, NULL)
INSERT [dbo].[com_catalogo] ([IdCatalogocompra], [IdCatalogocompra_tipo], [CodCatalogo], [Nombre], [Estado], [Abrebiatura], [NombreIngles], [Orden], [IdUsuario], [IdUsuarioUltMod], [FechaUltMod], [nom_pc], [ip], [IdUsuarioUltAnu], [Fecha_UltAnu], [MotiAnula]) VALUES (N'PEN_SOL', N'EST_APRO_SOL', N'PEN_SOL', N'PENDIENTE', N'A', N'P', NULL, NULL, NULL, NULL, NULL, NULL, NULL, NULL, NULL, NULL)
INSERT [dbo].[com_catalogo] ([IdCatalogocompra], [IdCatalogocompra_tipo], [CodCatalogo], [Nombre], [Estado], [Abrebiatura], [NombreIngles], [Orden], [IdUsuario], [IdUsuarioUltMod], [FechaUltMod], [nom_pc], [ip], [IdUsuarioUltAnu], [Fecha_UltAnu], [MotiAnula]) VALUES (N'PEN_X_RECI', N'EST_REC', N'ING_TOTAL', N'PENDIENTE X RECIBIR', N'A', N'PR', NULL, NULL, NULL, NULL, NULL, NULL, NULL, NULL, NULL, NULL)
INSERT [dbo].[com_catalogo] ([IdCatalogocompra], [IdCatalogocompra_tipo], [CodCatalogo], [Nombre], [Estado], [Abrebiatura], [NombreIngles], [Orden], [IdUsuario], [IdUsuarioUltMod], [FechaUltMod], [nom_pc], [ip], [IdUsuarioUltAnu], [Fecha_UltAnu], [MotiAnula]) VALUES (N'REP', N'EST_APRO', N'REP', N'REPROBADO', N'A', N'R', NULL, NULL, NULL, NULL, NULL, NULL, NULL, NULL, NULL, NULL)
INSERT [dbo].[com_catalogo] ([IdCatalogocompra], [IdCatalogocompra_tipo], [CodCatalogo], [Nombre], [Estado], [Abrebiatura], [NombreIngles], [Orden], [IdUsuario], [IdUsuarioUltMod], [FechaUltMod], [nom_pc], [ip], [IdUsuarioUltAnu], [Fecha_UltAnu], [MotiAnula]) VALUES (N'REP_SOL', N'EST_APRO_SOL', N'REP_SOL', N'REPROBADO', N'A', N'R', NULL, NULL, NULL, NULL, NULL, NULL, NULL, NULL, NULL, NULL)
INSERT [dbo].[com_catalogo] ([IdCatalogocompra], [IdCatalogocompra_tipo], [CodCatalogo], [Nombre], [Estado], [Abrebiatura], [NombreIngles], [Orden], [IdUsuario], [IdUsuarioUltMod], [FechaUltMod], [nom_pc], [ip], [IdUsuarioUltAnu], [Fecha_UltAnu], [MotiAnula]) VALUES (N'TER_PAG001', N'TER_PAG', N'30D', N'30 DIAS', N'A', N'30', N'30 days', 5, N'admin', N'admin', null, NULL, NULL, NULL, NULL, NULL)
INSERT [dbo].[com_catalogo] ([IdCatalogocompra], [IdCatalogocompra_tipo], [CodCatalogo], [Nombre], [Estado], [Abrebiatura], [NombreIngles], [Orden], [IdUsuario], [IdUsuarioUltMod], [FechaUltMod], [nom_pc], [ip], [IdUsuarioUltAnu], [Fecha_UltAnu], [MotiAnula]) VALUES (N'TER_PAG002', N'TER_PAG', N'60D', N'60 DIAS', N'A', N'60', N'60 days', 2, N'admin', N'admin', null, NULL, NULL, NULL, NULL, NULL)
INSERT [dbo].[com_catalogo] ([IdCatalogocompra], [IdCatalogocompra_tipo], [CodCatalogo], [Nombre], [Estado], [Abrebiatura], [NombreIngles], [Orden], [IdUsuario], [IdUsuarioUltMod], [FechaUltMod], [nom_pc], [ip], [IdUsuarioUltAnu], [Fecha_UltAnu], [MotiAnula]) VALUES (N'TIP_PROD001', N'TIP_PROD', N'INS', N'INSUMOS', N'A', N'INS', NULL, NULL, NULL, NULL, NULL, NULL, NULL, NULL, NULL, NULL)
INSERT [dbo].[com_catalogo] ([IdCatalogocompra], [IdCatalogocompra_tipo], [CodCatalogo], [Nombre], [Estado], [Abrebiatura], [NombreIngles], [Orden], [IdUsuario], [IdUsuarioUltMod], [FechaUltMod], [nom_pc], [ip], [IdUsuarioUltAnu], [Fecha_UltAnu], [MotiAnula]) VALUES (N'TIP_PROD002', N'TIP_PROD', N'AC', N'ACERO', N'A', N'MP', NULL, NULL, NULL, NULL, NULL, NULL, NULL, NULL, NULL, NULL)
INSERT [dbo].[com_catalogo] ([IdCatalogocompra], [IdCatalogocompra_tipo], [CodCatalogo], [Nombre], [Estado], [Abrebiatura], [NombreIngles], [Orden], [IdUsuario], [IdUsuarioUltMod], [FechaUltMod], [nom_pc], [ip], [IdUsuarioUltAnu], [Fecha_UltAnu], [MotiAnula]) VALUES (N'X APRO', N'EST_APR_LIS_REQ', N'X APRO', N'POR APROBAR', N'A', N'P', NULL, NULL, NULL, NULL, NULL, NULL, NULL, NULL, NULL, NULL)
INSERT [dbo].[com_catalogo] ([IdCatalogocompra], [IdCatalogocompra_tipo], [CodCatalogo], [Nombre], [Estado], [Abrebiatura], [NombreIngles], [Orden], [IdUsuario], [IdUsuarioUltMod], [FechaUltMod], [nom_pc], [ip], [IdUsuarioUltAnu], [Fecha_UltAnu], [MotiAnula]) VALUES (N'xAPRO', N'EST_APRO', N'xAPRO', N'X APROBAR', N'A', N'P', NULL, NULL, NULL, NULL, NULL, NULL, NULL, NULL, NULL, NULL)
INSERT [dbo].[tb_CatalogoTipo] ([IdTipoCatalogo], [Codigo], [tc_Descripcion], [IdUsuario], [Fecha_Transaccion], [IdUsuarioUltModi], [Fecha_UltMod], [IdUsuarioUltAnu], [Fecha_UltAnu], [MotivoAnulacion]) VALUES (1, N'SEXO', N'Sexo', N'x', NULL, NULL, NULL, NULL, NULL, NULL)
INSERT [dbo].[tb_CatalogoTipo] ([IdTipoCatalogo], [Codigo], [tc_Descripcion], [IdUsuario], [Fecha_Transaccion], [IdUsuarioUltModi], [Fecha_UltMod], [IdUsuarioUltAnu], [Fecha_UltAnu], [MotivoAnulacion]) VALUES (2, N'ESTCIVIL', N'Estado Civil', N'x', NULL, NULL, NULL, NULL, NULL, NULL)
INSERT [dbo].[tb_CatalogoTipo] ([IdTipoCatalogo], [Codigo], [tc_Descripcion], [IdUsuario], [Fecha_Transaccion], [IdUsuarioUltModi], [Fecha_UltMod], [IdUsuarioUltAnu], [Fecha_UltAnu], [MotivoAnulacion]) VALUES (3, N'TIPODOC', N'Tipo Documentos Personales', N'x', NULL, NULL, NULL, NULL, NULL, NULL)
INSERT [dbo].[tb_CatalogoTipo] ([IdTipoCatalogo], [Codigo], [tc_Descripcion], [IdUsuario], [Fecha_Transaccion], [IdUsuarioUltModi], [Fecha_UltMod], [IdUsuarioUltAnu], [Fecha_UltAnu], [MotivoAnulacion]) VALUES (4, N'ESTGEN', N'Estados Generales', N'x', NULL, NULL, NULL, NULL, NULL, NULL)
INSERT [dbo].[tb_CatalogoTipo] ([IdTipoCatalogo], [Codigo], [tc_Descripcion], [IdUsuario], [Fecha_Transaccion], [IdUsuarioUltModi], [Fecha_UltMod], [IdUsuarioUltAnu], [Fecha_UltAnu], [MotivoAnulacion]) VALUES (5, N'TIPONATPER', N'Tipo Naturaleza Persona', N'x', NULL, NULL, NULL, NULL, NULL, NULL)
INSERT [dbo].[tb_CatalogoTipo] ([IdTipoCatalogo], [Codigo], [tc_Descripcion], [IdUsuario], [Fecha_Transaccion], [IdUsuarioUltModi], [Fecha_UltMod], [IdUsuarioUltAnu], [Fecha_UltAnu], [MotivoAnulacion]) VALUES (11, N'TIPOPREPRO', N'Tipos Presentacion Producto', NULL, NULL, NULL, NULL, NULL, NULL, NULL)
INSERT [dbo].[tb_CatalogoTipo] ([IdTipoCatalogo], [Codigo], [tc_Descripcion], [IdUsuario], [Fecha_Transaccion], [IdUsuarioUltModi], [Fecha_UltMod], [IdUsuarioUltAnu], [Fecha_UltAnu], [MotivoAnulacion]) VALUES (19, N'TIPOCTA', N'Tipo de cuenta bancaria', N'x', NULL, NULL, NULL, NULL, NULL, NULL)
INSERT [dbo].[tb_CatalogoTipo] ([IdTipoCatalogo], [Codigo], [tc_Descripcion], [IdUsuario], [Fecha_Transaccion], [IdUsuarioUltModi], [Fecha_UltMod], [IdUsuarioUltAnu], [Fecha_UltAnu], [MotivoAnulacion]) VALUES (21, N'ANEX_SRI', N'Tipo de Anexos Transacciones', N'x', NULL, NULL, NULL, NULL, NULL, NULL)
INSERT [dbo].[tb_CatalogoTipo] ([IdTipoCatalogo], [Codigo], [tc_Descripcion], [IdUsuario], [Fecha_Transaccion], [IdUsuarioUltModi], [Fecha_UltMod], [IdUsuarioUltAnu], [Fecha_UltAnu], [MotivoAnulacion]) VALUES (22, N'TRAN_SRI', N'Tipo de Transacciones para Declarar SRI', N'x', NULL, NULL, NULL, NULL, NULL, NULL)
INSERT [dbo].[tb_CatalogoTipo] ([IdTipoCatalogo], [Codigo], [tc_Descripcion], [IdUsuario], [Fecha_Transaccion], [IdUsuarioUltModi], [Fecha_UltMod], [IdUsuarioUltAnu], [Fecha_UltAnu], [MotivoAnulacion]) VALUES (24, N'MOTIANULAC', N'Motivo Anulacion', N'x', NULL, NULL, NULL, NULL, NULL, NULL)
INSERT [dbo].[tb_CatalogoTipo] ([IdTipoCatalogo], [Codigo], [tc_Descripcion], [IdUsuario], [Fecha_Transaccion], [IdUsuarioUltModi], [Fecha_UltMod], [IdUsuarioUltAnu], [Fecha_UltAnu], [MotivoAnulacion]) VALUES (25, N'CONS', N'Consumo', NULL, NULL, NULL, NULL, NULL, NULL, NULL)
INSERT [dbo].[tb_CatalogoTipo] ([IdTipoCatalogo], [Codigo], [tc_Descripcion], [IdUsuario], [Fecha_Transaccion], [IdUsuarioUltModi], [Fecha_UltMod], [IdUsuarioUltAnu], [Fecha_UltAnu], [MotivoAnulacion]) VALUES (27, N'TIP_CTA_AC', N'Tipos de cuentas', NULL, NULL, NULL, NULL, NULL, NULL, NULL)
INSERT [dbo].[tb_Catalogo] ([CodCatalogo], [IdTipoCatalogo], [IdCatalogo], [ca_descripcion], [ca_estado], [ca_orden], [IdUsuario], [Fecha_Transaccion], [IdUsuarioUltModi], [Fecha_UltMod], [IdUsuarioUltAnu], [Fecha_UltAnu], [MotivoAnulacion]) VALUES (N'11233', 11, 272, N'PRIMARIA', N'I', 272, NULL, NULL, NULL, NULL, NULL, NULL, NULL)
INSERT [dbo].[tb_Catalogo] ([CodCatalogo], [IdTipoCatalogo], [IdCatalogo], [ca_descripcion], [ca_estado], [ca_orden], [IdUsuario], [Fecha_Transaccion], [IdUsuarioUltModi], [Fecha_UltMod], [IdUsuarioUltAnu], [Fecha_UltAnu], [MotivoAnulacion]) VALUES (N'2', 25, 262, N'UND', N'I', 0, NULL, NULL, NULL, NULL, NULL, NULL, NULL)
INSERT [dbo].[tb_Catalogo] ([CodCatalogo], [IdTipoCatalogo], [IdCatalogo], [ca_descripcion], [ca_estado], [ca_orden], [IdUsuario], [Fecha_Transaccion], [IdUsuarioUltModi], [Fecha_UltMod], [IdUsuarioUltAnu], [Fecha_UltAnu], [MotivoAnulacion]) VALUES (N'282', 11, 282, N'balones', N'A', 280, NULL, NULL, NULL, NULL, NULL, NULL, NULL)
INSERT [dbo].[tb_Catalogo] ([CodCatalogo], [IdTipoCatalogo], [IdCatalogo], [ca_descripcion], [ca_estado], [ca_orden], [IdUsuario], [Fecha_Transaccion], [IdUsuarioUltModi], [Fecha_UltMod], [IdUsuarioUltAnu], [Fecha_UltAnu], [MotivoAnulacion]) VALUES (N'283', 11, 283, N'Millares', N'A', 283, NULL, NULL, NULL, NULL, NULL, NULL, NULL)
INSERT [dbo].[tb_Catalogo] ([CodCatalogo], [IdTipoCatalogo], [IdCatalogo], [ca_descripcion], [ca_estado], [ca_orden], [IdUsuario], [Fecha_Transaccion], [IdUsuarioUltModi], [Fecha_UltMod], [IdUsuarioUltAnu], [Fecha_UltAnu], [MotivoAnulacion]) VALUES (N'284', 11, 284, N'CARTONES', N'A', 284, NULL, NULL, NULL, NULL, NULL, NULL, NULL)
INSERT [dbo].[tb_Catalogo] ([CodCatalogo], [IdTipoCatalogo], [IdCatalogo], [ca_descripcion], [ca_estado], [ca_orden], [IdUsuario], [Fecha_Transaccion], [IdUsuarioUltModi], [Fecha_UltMod], [IdUsuarioUltAnu], [Fecha_UltAnu], [MotivoAnulacion]) VALUES (N'285', 11, 285, N'4kl', N'I', 285, NULL, NULL, NULL, NULL, NULL, NULL, NULL)
INSERT [dbo].[tb_Catalogo] ([CodCatalogo], [IdTipoCatalogo], [IdCatalogo], [ca_descripcion], [ca_estado], [ca_orden], [IdUsuario], [Fecha_Transaccion], [IdUsuarioUltModi], [Fecha_UltMod], [IdUsuarioUltAnu], [Fecha_UltAnu], [MotivoAnulacion]) VALUES (N'286', 11, 286, N'Saco 25kg', N'I', 286, NULL, NULL, NULL, NULL, NULL, NULL, NULL)
INSERT [dbo].[tb_Catalogo] ([CodCatalogo], [IdTipoCatalogo], [IdCatalogo], [ca_descripcion], [ca_estado], [ca_orden], [IdUsuario], [Fecha_Transaccion], [IdUsuarioUltModi], [Fecha_UltMod], [IdUsuarioUltAnu], [Fecha_UltAnu], [MotivoAnulacion]) VALUES (N'287', 11, 287, N'Caja', N'I', 287, NULL, NULL, NULL, NULL, NULL, NULL, NULL)
INSERT [dbo].[tb_Catalogo] ([CodCatalogo], [IdTipoCatalogo], [IdCatalogo], [ca_descripcion], [ca_estado], [ca_orden], [IdUsuario], [Fecha_Transaccion], [IdUsuarioUltModi], [Fecha_UltMod], [IdUsuarioUltAnu], [Fecha_UltAnu], [MotivoAnulacion]) VALUES (N'AHO', 27, 1, N'Cuenta ahorro', N'A', 1, NULL, NULL, NULL, NULL, NULL, NULL, NULL)
INSERT [dbo].[tb_Catalogo] ([CodCatalogo], [IdTipoCatalogo], [IdCatalogo], [ca_descripcion], [ca_estado], [ca_orden], [IdUsuario], [Fecha_Transaccion], [IdUsuarioUltModi], [Fecha_UltMod], [IdUsuarioUltAnu], [Fecha_UltAnu], [MotivoAnulacion]) VALUES (N'ANEX_SRI_001', 21, 195, N'Anexo de Retenciones en la Fuente de Impuesto a la Renta por Otros Conceptos (REOC)', N'A', 1, NULL, NULL, NULL, NULL, NULL, NULL, NULL)
INSERT [dbo].[tb_Catalogo] ([CodCatalogo], [IdTipoCatalogo], [IdCatalogo], [ca_descripcion], [ca_estado], [ca_orden], [IdUsuario], [Fecha_Transaccion], [IdUsuarioUltModi], [Fecha_UltMod], [IdUsuarioUltAnu], [Fecha_UltAnu], [MotivoAnulacion]) VALUES (N'ANEX_SRI_002', 21, 196, N'Anexo Transaccional Simplificado (ATS)', N'A', 2, NULL, NULL, NULL, NULL, NULL, NULL, NULL)
INSERT [dbo].[tb_Catalogo] ([CodCatalogo], [IdTipoCatalogo], [IdCatalogo], [ca_descripcion], [ca_estado], [ca_orden], [IdUsuario], [Fecha_Transaccion], [IdUsuarioUltModi], [Fecha_UltMod], [IdUsuarioUltAnu], [Fecha_UltAnu], [MotivoAnulacion]) VALUES (N'ANEX_SRI_003', 21, 197, N'Anexo de Retenciones en la Fuente Bajo Relación de Dependencia (RDEP)', N'A', 3, NULL, NULL, NULL, NULL, NULL, NULL, NULL)
INSERT [dbo].[tb_Catalogo] ([CodCatalogo], [IdTipoCatalogo], [IdCatalogo], [ca_descripcion], [ca_estado], [ca_orden], [IdUsuario], [Fecha_Transaccion], [IdUsuarioUltModi], [Fecha_UltMod], [IdUsuarioUltAnu], [Fecha_UltAnu], [MotivoAnulacion]) VALUES (N'Bat', 11, 269, N'Bateria', N'A', 147, NULL, NULL, NULL, NULL, NULL, NULL, NULL)
INSERT [dbo].[tb_Catalogo] ([CodCatalogo], [IdTipoCatalogo], [IdCatalogo], [ca_descripcion], [ca_estado], [ca_orden], [IdUsuario], [Fecha_Transaccion], [IdUsuarioUltModi], [Fecha_UltMod], [IdUsuarioUltAnu], [Fecha_UltAnu], [MotivoAnulacion]) VALUES (N'Can1', 11, 275, N'Canecas', N'A', 274, NULL, NULL, NULL, NULL, NULL, NULL, NULL)
INSERT [dbo].[tb_Catalogo] ([CodCatalogo], [IdTipoCatalogo], [IdCatalogo], [ca_descripcion], [ca_estado], [ca_orden], [IdUsuario], [Fecha_Transaccion], [IdUsuarioUltModi], [Fecha_UltMod], [IdUsuarioUltAnu], [Fecha_UltAnu], [MotivoAnulacion]) VALUES (N'CASAD', 2, 11, N'Casado', N'A', 2, NULL, NULL, NULL, NULL, NULL, NULL, NULL)
INSERT [dbo].[tb_Catalogo] ([CodCatalogo], [IdTipoCatalogo], [IdCatalogo], [ca_descripcion], [ca_estado], [ca_orden], [IdUsuario], [Fecha_Transaccion], [IdUsuarioUltModi], [Fecha_UltMod], [IdUsuarioUltAnu], [Fecha_UltAnu], [MotivoAnulacion]) VALUES (N'CED', 3, 100, N'Cedula', N'A', 1, NULL, NULL, NULL, NULL, NULL, NULL, NULL)
INSERT [dbo].[tb_Catalogo] ([CodCatalogo], [IdTipoCatalogo], [IdCatalogo], [ca_descripcion], [ca_estado], [ca_orden], [IdUsuario], [Fecha_Transaccion], [IdUsuarioUltModi], [Fecha_UltMod], [IdUsuarioUltAnu], [Fecha_UltAnu], [MotivoAnulacion]) VALUES (N'CHE', 27, 2, N'Pago cheque', N'A', 1, NULL, NULL, NULL, NULL, NULL, NULL, NULL)
INSERT [dbo].[tb_Catalogo] ([CodCatalogo], [IdTipoCatalogo], [IdCatalogo], [ca_descripcion], [ca_estado], [ca_orden], [IdUsuario], [Fecha_Transaccion], [IdUsuarioUltModi], [Fecha_UltMod], [IdUsuarioUltAnu], [Fecha_UltAnu], [MotivoAnulacion]) VALUES (N'CONS_001', 25, 260, N'GOTAS', N'A', 1, NULL, NULL, NULL, NULL, NULL, NULL, NULL)
INSERT [dbo].[tb_Catalogo] ([CodCatalogo], [IdTipoCatalogo], [IdCatalogo], [ca_descripcion], [ca_estado], [ca_orden], [IdUsuario], [Fecha_Transaccion], [IdUsuarioUltModi], [Fecha_UltMod], [IdUsuarioUltAnu], [Fecha_UltAnu], [MotivoAnulacion]) VALUES (N'COR', 27, 3, N'Cuenta Corriente', N'A', 1, NULL, NULL, NULL, NULL, NULL, NULL, NULL)
INSERT [dbo].[tb_Catalogo] ([CodCatalogo], [IdTipoCatalogo], [IdCatalogo], [ca_descripcion], [ca_estado], [ca_orden], [IdUsuario], [Fecha_Transaccion], [IdUsuarioUltModi], [Fecha_UltMod], [IdUsuarioUltAnu], [Fecha_UltAnu], [MotivoAnulacion]) VALUES (N'DIVOR', 2, 12, N'Divorciado', N'A', 3, NULL, NULL, NULL, NULL, NULL, NULL, NULL)
INSERT [dbo].[tb_Catalogo] ([CodCatalogo], [IdTipoCatalogo], [IdCatalogo], [ca_descripcion], [ca_estado], [ca_orden], [IdUsuario], [Fecha_Transaccion], [IdUsuarioUltModi], [Fecha_UltMod], [IdUsuarioUltAnu], [Fecha_UltAnu], [MotivoAnulacion]) VALUES (N'EFE', 27, 4, N'Pago Efectivo', N'A', 1, NULL, NULL, NULL, NULL, NULL, NULL, NULL)
INSERT [dbo].[tb_Catalogo] ([CodCatalogo], [IdTipoCatalogo], [IdCatalogo], [ca_descripcion], [ca_estado], [ca_orden], [IdUsuario], [Fecha_Transaccion], [IdUsuarioUltModi], [Fecha_UltMod], [IdUsuarioUltAnu], [Fecha_UltAnu], [MotivoAnulacion]) VALUES (N'ESTGEN_ACT', 4, 30, N'Activo', N'A', 1, NULL, NULL, NULL, NULL, NULL, NULL, NULL)
INSERT [dbo].[tb_Catalogo] ([CodCatalogo], [IdTipoCatalogo], [IdCatalogo], [ca_descripcion], [ca_estado], [ca_orden], [IdUsuario], [Fecha_Transaccion], [IdUsuarioUltModi], [Fecha_UltMod], [IdUsuarioUltAnu], [Fecha_UltAnu], [MotivoAnulacion]) VALUES (N'ESTGEN_INA', 4, 31, N'Inactivo', N'A', 2, NULL, NULL, NULL, NULL, NULL, NULL, NULL)
INSERT [dbo].[tb_Catalogo] ([CodCatalogo], [IdTipoCatalogo], [IdCatalogo], [ca_descripcion], [ca_estado], [ca_orden], [IdUsuario], [Fecha_Transaccion], [IdUsuarioUltModi], [Fecha_UltMod], [IdUsuarioUltAnu], [Fecha_UltAnu], [MotivoAnulacion]) VALUES (N'FUN01', 11, 270, N'FUNDA', N'A', 270, NULL, NULL, NULL, NULL, NULL, NULL, NULL)
INSERT [dbo].[tb_Catalogo] ([CodCatalogo], [IdTipoCatalogo], [IdCatalogo], [ca_descripcion], [ca_estado], [ca_orden], [IdUsuario], [Fecha_Transaccion], [IdUsuarioUltModi], [Fecha_UltMod], [IdUsuarioUltAnu], [Fecha_UltAnu], [MotivoAnulacion]) VALUES (N'Gal1', 11, 271, N'Galones', N'A', 271, NULL, NULL, NULL, NULL, NULL, NULL, NULL)
INSERT [dbo].[tb_Catalogo] ([CodCatalogo], [IdTipoCatalogo], [IdCatalogo], [ca_descripcion], [ca_estado], [ca_orden], [IdUsuario], [Fecha_Transaccion], [IdUsuarioUltModi], [Fecha_UltMod], [IdUsuarioUltAnu], [Fecha_UltAnu], [MotivoAnulacion]) VALUES (N'Gal2', 25, 274, N'Galon', N'A', 269, NULL, NULL, NULL, NULL, NULL, NULL, NULL)
INSERT [dbo].[tb_Catalogo] ([CodCatalogo], [IdTipoCatalogo], [IdCatalogo], [ca_descripcion], [ca_estado], [ca_orden], [IdUsuario], [Fecha_Transaccion], [IdUsuarioUltModi], [Fecha_UltMod], [IdUsuarioUltAnu], [Fecha_UltAnu], [MotivoAnulacion]) VALUES (N'GR', 25, 281, N'GRAMOS', N'A', 281, NULL, NULL, NULL, NULL, NULL, NULL, NULL)
INSERT [dbo].[tb_Catalogo] ([CodCatalogo], [IdTipoCatalogo], [IdCatalogo], [ca_descripcion], [ca_estado], [ca_orden], [IdUsuario], [Fecha_Transaccion], [IdUsuarioUltModi], [Fecha_UltMod], [IdUsuarioUltAnu], [Fecha_UltAnu], [MotivoAnulacion]) VALUES (N'JURI', 5, 41, N'Juridica', N'A', 2, NULL, NULL, NULL, NULL, NULL, NULL, NULL)
INSERT [dbo].[tb_Catalogo] ([CodCatalogo], [IdTipoCatalogo], [IdCatalogo], [ca_descripcion], [ca_estado], [ca_orden], [IdUsuario], [Fecha_Transaccion], [IdUsuarioUltModi], [Fecha_UltMod], [IdUsuarioUltAnu], [Fecha_UltAnu], [MotivoAnulacion]) VALUES (N'kg', 25, 277, N'Kilos', N'A', 277, NULL, NULL, NULL, NULL, NULL, NULL, NULL)
INSERT [dbo].[tb_Catalogo] ([CodCatalogo], [IdTipoCatalogo], [IdCatalogo], [ca_descripcion], [ca_estado], [ca_orden], [IdUsuario], [Fecha_Transaccion], [IdUsuarioUltModi], [Fecha_UltMod], [IdUsuarioUltAnu], [Fecha_UltAnu], [MotivoAnulacion]) VALUES (N'LAP', 25, 267, N'LAPI', N'A', 263, NULL, NULL, NULL, NULL, NULL, NULL, NULL)
INSERT [dbo].[tb_Catalogo] ([CodCatalogo], [IdTipoCatalogo], [IdCatalogo], [ca_descripcion], [ca_estado], [ca_orden], [IdUsuario], [Fecha_Transaccion], [IdUsuarioUltModi], [Fecha_UltMod], [IdUsuarioUltAnu], [Fecha_UltAnu], [MotivoAnulacion]) VALUES (N'Lit1', 25, 276, N'Litro', N'A', 275, NULL, NULL, NULL, NULL, NULL, NULL, NULL)
INSERT [dbo].[tb_Catalogo] ([CodCatalogo], [IdTipoCatalogo], [IdCatalogo], [ca_descripcion], [ca_estado], [ca_orden], [IdUsuario], [Fecha_Transaccion], [IdUsuarioUltModi], [Fecha_UltMod], [IdUsuarioUltAnu], [Fecha_UltAnu], [MotivoAnulacion]) VALUES (N'met', 25, 280, N'Metros', N'A', 0, NULL, NULL, NULL, NULL, NULL, NULL, NULL)
INSERT [dbo].[tb_Catalogo] ([CodCatalogo], [IdTipoCatalogo], [IdCatalogo], [ca_descripcion], [ca_estado], [ca_orden], [IdUsuario], [Fecha_Transaccion], [IdUsuarioUltModi], [Fecha_UltMod], [IdUsuarioUltAnu], [Fecha_UltAnu], [MotivoAnulacion]) VALUES (N'MOTIANULAC_001', 24, 254, N'ATASCO DE PAPEL', N'A', 1, NULL, NULL, NULL, NULL, NULL, NULL, NULL)
INSERT [dbo].[tb_Catalogo] ([CodCatalogo], [IdTipoCatalogo], [IdCatalogo], [ca_descripcion], [ca_estado], [ca_orden], [IdUsuario], [Fecha_Transaccion], [IdUsuarioUltModi], [Fecha_UltMod], [IdUsuarioUltAnu], [Fecha_UltAnu], [MotivoAnulacion]) VALUES (N'MOTIANULAC_002', 24, 255, N'MALA IMPRESION', N'A', 2, NULL, NULL, NULL, NULL, NULL, NULL, NULL)
INSERT [dbo].[tb_Catalogo] ([CodCatalogo], [IdTipoCatalogo], [IdCatalogo], [ca_descripcion], [ca_estado], [ca_orden], [IdUsuario], [Fecha_Transaccion], [IdUsuarioUltModi], [Fecha_UltMod], [IdUsuarioUltAnu], [Fecha_UltAnu], [MotivoAnulacion]) VALUES (N'MOTIANULAC_003', 24, 203, N'Alquiler de piscina', N'A', 2, NULL, NULL, NULL, NULL, NULL, NULL, NULL)
INSERT [dbo].[tb_Catalogo] ([CodCatalogo], [IdTipoCatalogo], [IdCatalogo], [ca_descripcion], [ca_estado], [ca_orden], [IdUsuario], [Fecha_Transaccion], [IdUsuarioUltModi], [Fecha_UltMod], [IdUsuarioUltAnu], [Fecha_UltAnu], [MotivoAnulacion]) VALUES (N'NATU', 5, 40, N'Natural', N'A', 1, NULL, NULL, NULL, NULL, NULL, NULL, NULL)
INSERT [dbo].[tb_Catalogo] ([CodCatalogo], [IdTipoCatalogo], [IdCatalogo], [ca_descripcion], [ca_estado], [ca_orden], [IdUsuario], [Fecha_Transaccion], [IdUsuarioUltModi], [Fecha_UltMod], [IdUsuarioUltAnu], [Fecha_UltAnu], [MotivoAnulacion]) VALUES (N'OTRO', 5, 43, N'Otros', N'A', 4, NULL, NULL, NULL, NULL, NULL, NULL, NULL)
INSERT [dbo].[tb_Catalogo] ([CodCatalogo], [IdTipoCatalogo], [IdCatalogo], [ca_descripcion], [ca_estado], [ca_orden], [IdUsuario], [Fecha_Transaccion], [IdUsuarioUltModi], [Fecha_UltMod], [IdUsuarioUltAnu], [Fecha_UltAnu], [MotivoAnulacion]) VALUES (N'PAS', 3, 101, N'Pasaporte', N'A', 2, NULL, NULL, NULL, NULL, NULL, NULL, NULL)
INSERT [dbo].[tb_Catalogo] ([CodCatalogo], [IdTipoCatalogo], [IdCatalogo], [ca_descripcion], [ca_estado], [ca_orden], [IdUsuario], [Fecha_Transaccion], [IdUsuarioUltModi], [Fecha_UltMod], [IdUsuarioUltAnu], [Fecha_UltAnu], [MotivoAnulacion]) VALUES (N'RISE', 5, 42, N'Rise', N'A', 3, NULL, NULL, NULL, NULL, NULL, NULL, NULL)
INSERT [dbo].[tb_Catalogo] ([CodCatalogo], [IdTipoCatalogo], [IdCatalogo], [ca_descripcion], [ca_estado], [ca_orden], [IdUsuario], [Fecha_Transaccion], [IdUsuarioUltModi], [Fecha_UltMod], [IdUsuarioUltAnu], [Fecha_UltAnu], [MotivoAnulacion]) VALUES (N'RUC', 3, 99, N'Ruc', N'A', 2, NULL, NULL, NULL, NULL, NULL, NULL, NULL)
INSERT [dbo].[tb_Catalogo] ([CodCatalogo], [IdTipoCatalogo], [IdCatalogo], [ca_descripcion], [ca_estado], [ca_orden], [IdUsuario], [Fecha_Transaccion], [IdUsuarioUltModi], [Fecha_UltMod], [IdUsuarioUltAnu], [Fecha_UltAnu], [MotivoAnulacion]) VALUES (N'Scos', 25, 278, N'SACOS', N'A', 0, NULL, NULL, NULL, NULL, NULL, NULL, NULL)
INSERT [dbo].[tb_Catalogo] ([CodCatalogo], [IdTipoCatalogo], [IdCatalogo], [ca_descripcion], [ca_estado], [ca_orden], [IdUsuario], [Fecha_Transaccion], [IdUsuarioUltModi], [Fecha_UltMod], [IdUsuarioUltAnu], [Fecha_UltAnu], [MotivoAnulacion]) VALUES (N'SCS', 11, 279, N'SACOS', N'A', 276, NULL, NULL, NULL, NULL, NULL, NULL, NULL)
INSERT [dbo].[tb_Catalogo] ([CodCatalogo], [IdTipoCatalogo], [IdCatalogo], [ca_descripcion], [ca_estado], [ca_orden], [IdUsuario], [Fecha_Transaccion], [IdUsuarioUltModi], [Fecha_UltMod], [IdUsuarioUltAnu], [Fecha_UltAnu], [MotivoAnulacion]) VALUES (N'SEXO_FEM', 1, 2, N'Femenino', N'A', 2, NULL, NULL, NULL, NULL, NULL, NULL, NULL)
INSERT [dbo].[tb_Catalogo] ([CodCatalogo], [IdTipoCatalogo], [IdCatalogo], [ca_descripcion], [ca_estado], [ca_orden], [IdUsuario], [Fecha_Transaccion], [IdUsuarioUltModi], [Fecha_UltMod], [IdUsuarioUltAnu], [Fecha_UltAnu], [MotivoAnulacion]) VALUES (N'SEXO_MAS', 1, 1, N'Masculino', N'A', 1, NULL, NULL, NULL, NULL, NULL, NULL, NULL)
INSERT [dbo].[tb_Catalogo] ([CodCatalogo], [IdTipoCatalogo], [IdCatalogo], [ca_descripcion], [ca_estado], [ca_orden], [IdUsuario], [Fecha_Transaccion], [IdUsuarioUltModi], [Fecha_UltMod], [IdUsuarioUltAnu], [Fecha_UltAnu], [MotivoAnulacion]) VALUES (N'SOLTE', 2, 10, N'Soltero', N'A', 1, NULL, NULL, NULL, NULL, NULL, NULL, NULL)
INSERT [dbo].[tb_Catalogo] ([CodCatalogo], [IdTipoCatalogo], [IdCatalogo], [ca_descripcion], [ca_estado], [ca_orden], [IdUsuario], [Fecha_Transaccion], [IdUsuarioUltModi], [Fecha_UltMod], [IdUsuarioUltAnu], [Fecha_UltAnu], [MotivoAnulacion]) VALUES (N'TIPOCTA_AHI', 19, 185, N'AHORRO', N'A', 1, NULL, NULL, NULL, NULL, NULL, NULL, NULL)
INSERT [dbo].[tb_Catalogo] ([CodCatalogo], [IdTipoCatalogo], [IdCatalogo], [ca_descripcion], [ca_estado], [ca_orden], [IdUsuario], [Fecha_Transaccion], [IdUsuarioUltModi], [Fecha_UltMod], [IdUsuarioUltAnu], [Fecha_UltAnu], [MotivoAnulacion]) VALUES (N'TIPOCTA_CORR', 19, 186, N'CORRIENTE', N'A', 2, NULL, NULL, NULL, NULL, NULL, NULL, NULL)
INSERT [dbo].[tb_Catalogo] ([CodCatalogo], [IdTipoCatalogo], [IdCatalogo], [ca_descripcion], [ca_estado], [ca_orden], [IdUsuario], [Fecha_Transaccion], [IdUsuarioUltModi], [Fecha_UltMod], [IdUsuarioUltAnu], [Fecha_UltAnu], [MotivoAnulacion]) VALUES (N'TIPOPREPRO_BOT', 11, 141, N'BOTELLA', N'A', 2, NULL, NULL, NULL, NULL, NULL, NULL, NULL)
INSERT [dbo].[tb_Catalogo] ([CodCatalogo], [IdTipoCatalogo], [IdCatalogo], [ca_descripcion], [ca_estado], [ca_orden], [IdUsuario], [Fecha_Transaccion], [IdUsuarioUltModi], [Fecha_UltMod], [IdUsuarioUltAnu], [Fecha_UltAnu], [MotivoAnulacion]) VALUES (N'TIPOPREPRO_CART', 11, 143, N'CARTON', N'A', 4, NULL, NULL, NULL, NULL, NULL, NULL, NULL)
INSERT [dbo].[tb_Catalogo] ([CodCatalogo], [IdTipoCatalogo], [IdCatalogo], [ca_descripcion], [ca_estado], [ca_orden], [IdUsuario], [Fecha_Transaccion], [IdUsuarioUltModi], [Fecha_UltMod], [IdUsuarioUltAnu], [Fecha_UltAnu], [MotivoAnulacion]) VALUES (N'TIPOPREPRO_FRAS', 11, 146, N'FRASCO', N'A', 3, NULL, NULL, NULL, NULL, NULL, NULL, NULL)
INSERT [dbo].[tb_Catalogo] ([CodCatalogo], [IdTipoCatalogo], [IdCatalogo], [ca_descripcion], [ca_estado], [ca_orden], [IdUsuario], [Fecha_Transaccion], [IdUsuarioUltModi], [Fecha_UltMod], [IdUsuarioUltAnu], [Fecha_UltAnu], [MotivoAnulacion]) VALUES (N'TIPOPREPRO_PAST', 11, 144, N'PASTILLAS', N'A', 5, NULL, NULL, NULL, NULL, NULL, NULL, NULL)
INSERT [dbo].[tb_Catalogo] ([CodCatalogo], [IdTipoCatalogo], [IdCatalogo], [ca_descripcion], [ca_estado], [ca_orden], [IdUsuario], [Fecha_Transaccion], [IdUsuarioUltModi], [Fecha_UltMod], [IdUsuarioUltAnu], [Fecha_UltAnu], [MotivoAnulacion]) VALUES (N'TIPOPREPRO_SPRE', 11, 142, N'SIN PRESENTACION', N'A', 1, NULL, NULL, NULL, NULL, NULL, NULL, NULL)
INSERT [dbo].[tb_Catalogo] ([CodCatalogo], [IdTipoCatalogo], [IdCatalogo], [ca_descripcion], [ca_estado], [ca_orden], [IdUsuario], [Fecha_Transaccion], [IdUsuarioUltModi], [Fecha_UltMod], [IdUsuarioUltAnu], [Fecha_UltAnu], [MotivoAnulacion]) VALUES (N'TIPOPREPRO_SUPOS', 11, 145, N'SUSPENSORIOS', N'A', 6, NULL, NULL, NULL, NULL, NULL, NULL, NULL)
INSERT [dbo].[tb_Catalogo] ([CodCatalogo], [IdTipoCatalogo], [IdCatalogo], [ca_descripcion], [ca_estado], [ca_orden], [IdUsuario], [Fecha_Transaccion], [IdUsuarioUltModi], [Fecha_UltMod], [IdUsuarioUltAnu], [Fecha_UltAnu], [MotivoAnulacion]) VALUES (N'TRAN_SRI_001', 22, 200, N'Comprobantes Anulados', N'A', 3, NULL, NULL, NULL, NULL, NULL, NULL, NULL)
INSERT [dbo].[tb_Catalogo] ([CodCatalogo], [IdTipoCatalogo], [IdCatalogo], [ca_descripcion], [ca_estado], [ca_orden], [IdUsuario], [Fecha_Transaccion], [IdUsuarioUltModi], [Fecha_UltMod], [IdUsuarioUltAnu], [Fecha_UltAnu], [MotivoAnulacion]) VALUES (N'TRAN_SRI_002', 22, 198, N'Compras', N'A', 1, NULL, NULL, NULL, NULL, NULL, NULL, NULL)
INSERT [dbo].[tb_Catalogo] ([CodCatalogo], [IdTipoCatalogo], [IdCatalogo], [ca_descripcion], [ca_estado], [ca_orden], [IdUsuario], [Fecha_Transaccion], [IdUsuarioUltModi], [Fecha_UltMod], [IdUsuarioUltAnu], [Fecha_UltAnu], [MotivoAnulacion]) VALUES (N'TRAN_SRI_003', 22, 201, N'Importaciones', N'A', 4, NULL, NULL, NULL, NULL, NULL, NULL, NULL)
INSERT [dbo].[tb_Catalogo] ([CodCatalogo], [IdTipoCatalogo], [IdCatalogo], [ca_descripcion], [ca_estado], [ca_orden], [IdUsuario], [Fecha_Transaccion], [IdUsuarioUltModi], [Fecha_UltMod], [IdUsuarioUltAnu], [Fecha_UltAnu], [MotivoAnulacion]) VALUES (N'TRAN_SRI_004', 22, 199, N'Ventas', N'A', 2, NULL, NULL, NULL, NULL, NULL, NULL, NULL)
INSERT [dbo].[tb_Catalogo] ([CodCatalogo], [IdTipoCatalogo], [IdCatalogo], [ca_descripcion], [ca_estado], [ca_orden], [IdUsuario], [Fecha_Transaccion], [IdUsuarioUltModi], [Fecha_UltMod], [IdUsuarioUltAnu], [Fecha_UltAnu], [MotivoAnulacion]) VALUES (N'U01', 11, 273, N'Unidad', N'I', 273, NULL, NULL, NULL, NULL, NULL, NULL, NULL)
INSERT [dbo].[tb_Catalogo] ([CodCatalogo], [IdTipoCatalogo], [IdCatalogo], [ca_descripcion], [ca_estado], [ca_orden], [IdUsuario], [Fecha_Transaccion], [IdUsuarioUltModi], [Fecha_UltMod], [IdUsuarioUltAnu], [Fecha_UltAnu], [MotivoAnulacion]) VALUES (N'Unid', 25, 268, N'unidades', N'I', 268, NULL, NULL, NULL, NULL, NULL, NULL, NULL)
INSERT [dbo].[tb_Catalogo] ([CodCatalogo], [IdTipoCatalogo], [IdCatalogo], [ca_descripcion], [ca_estado], [ca_orden], [IdUsuario], [Fecha_Transaccion], [IdUsuarioUltModi], [Fecha_UltMod], [IdUsuarioUltAnu], [Fecha_UltAnu], [MotivoAnulacion]) VALUES (N'UNILI', 2, 13, N'Union Libre', N'A', 4, NULL, NULL, NULL, NULL, NULL, NULL, NULL)
INSERT [dbo].[tb_Catalogo] ([CodCatalogo], [IdTipoCatalogo], [IdCatalogo], [ca_descripcion], [ca_estado], [ca_orden], [IdUsuario], [Fecha_Transaccion], [IdUsuarioUltModi], [Fecha_UltMod], [IdUsuarioUltAnu], [Fecha_UltAnu], [MotivoAnulacion]) VALUES (N'VIUD', 2, 14, N'Viudo', N'A', 5, NULL, NULL, NULL, NULL, NULL, NULL, NULL)
INSERT [dbo].[tb_Catalogo] ([CodCatalogo], [IdTipoCatalogo], [IdCatalogo], [ca_descripcion], [ca_estado], [ca_orden], [IdUsuario], [Fecha_Transaccion], [IdUsuarioUltModi], [Fecha_UltMod], [IdUsuarioUltAnu], [Fecha_UltAnu], [MotivoAnulacion]) VALUES (N'VRT', 27, 5, N'Cuenta Virtual', N'A', 1, NULL, NULL, NULL, NULL, NULL, NULL, NULL)
INSERT [dbo].[Af_CatalogoTipo] ([IdTipoCatalogo], [Descripcion]) VALUES (N'TIP_COLOR', N'COLORES')
INSERT [dbo].[Af_CatalogoTipo] ([IdTipoCatalogo], [Descripcion]) VALUES (N'TIP_CTACBLE', N'CUENTAS CONTABLES ACTIVO')
INSERT [dbo].[Af_CatalogoTipo] ([IdTipoCatalogo], [Descripcion]) VALUES (N'TIP_DISEÑO', N'DISEÑOS')
INSERT [dbo].[Af_CatalogoTipo] ([IdTipoCatalogo], [Descripcion]) VALUES (N'TIP_ESTADO_AF', N'ESTADO DE ACTIVO')
INSERT [dbo].[Af_CatalogoTipo] ([IdTipoCatalogo], [Descripcion]) VALUES (N'TIP_MARCA', N'MARCA')
INSERT [dbo].[Af_CatalogoTipo] ([IdTipoCatalogo], [Descripcion]) VALUES (N'TIP_MODELO', N'MODELO ACTIVOS')
INSERT [dbo].[Af_CatalogoTipo] ([IdTipoCatalogo], [Descripcion]) VALUES (N'TIP_UBICACION', N'UBICACION DE LOS ACTIVOS FIJOS')
INSERT [dbo].[Af_Catalogo] ([IdCatalogo], [IdTipoCatalogo], [Descripcion], [Estado], [IdUsuario], [IdUsuarioUltMod], [FechaUltMod], [IdUsuarioUltAnu], [Fecha_UltAnu], [MotiAnula]) VALUES (N'1', N'TIP_DISEÑO', N'INDEFINIDO', N'A', N'admin', NULL, NULL, NULL, NULL, NULL)
INSERT [dbo].[Af_Catalogo] ([IdCatalogo], [IdTipoCatalogo], [Descripcion], [Estado], [IdUsuario], [IdUsuarioUltMod], [FechaUltMod], [IdUsuarioUltAnu], [Fecha_UltAnu], [MotiAnula]) VALUES (N'2', N'TIP_MARCA', N'HYUNDAI', N'A', N'admin', NULL, NULL, NULL, NULL, NULL)
INSERT [dbo].[Af_Catalogo] ([IdCatalogo], [IdTipoCatalogo], [Descripcion], [Estado], [IdUsuario], [IdUsuarioUltMod], [FechaUltMod], [IdUsuarioUltAnu], [Fecha_UltAnu], [MotiAnula]) VALUES (N'3', N'TIP_MODELO', N'4X4', N'A', N'admin', NULL, NULL, NULL, NULL, NULL)
INSERT [dbo].[Af_Catalogo] ([IdCatalogo], [IdTipoCatalogo], [Descripcion], [Estado], [IdUsuario], [IdUsuarioUltMod], [FechaUltMod], [IdUsuarioUltAnu], [Fecha_UltAnu], [MotiAnula]) VALUES (N'EPSON', N'TIP_MARCA', N'EPSON', N'A', N'LNOE', NULL, NULL, NULL, NULL, NULL)
INSERT [dbo].[Af_Catalogo] ([IdCatalogo], [IdTipoCatalogo], [Descripcion], [Estado], [IdUsuario], [IdUsuarioUltMod], [FechaUltMod], [IdUsuarioUltAnu], [Fecha_UltAnu], [MotiAnula]) VALUES (N'TIP_COLOR_0000001', N'TIP_COLOR', N'AZUL ', N'A', N'ADMIN', N'admin', CAST(N'2015-10-14' AS Date), NULL, NULL, NULL)
INSERT [dbo].[Af_Catalogo] ([IdCatalogo], [IdTipoCatalogo], [Descripcion], [Estado], [IdUsuario], [IdUsuarioUltMod], [FechaUltMod], [IdUsuarioUltAnu], [Fecha_UltAnu], [MotiAnula]) VALUES (N'TIP_COLOR_0000002', N'TIP_COLOR', N'BLANCO', N'A', N'ADMIN', NULL, NULL, NULL, NULL, NULL)
INSERT [dbo].[Af_Catalogo] ([IdCatalogo], [IdTipoCatalogo], [Descripcion], [Estado], [IdUsuario], [IdUsuarioUltMod], [FechaUltMod], [IdUsuarioUltAnu], [Fecha_UltAnu], [MotiAnula]) VALUES (N'TIP_COLOR_0000003', N'TIP_COLOR', N'CELESTE', N'A', N'ADMIN', NULL, NULL, NULL, NULL, NULL)
INSERT [dbo].[Af_Catalogo] ([IdCatalogo], [IdTipoCatalogo], [Descripcion], [Estado], [IdUsuario], [IdUsuarioUltMod], [FechaUltMod], [IdUsuarioUltAnu], [Fecha_UltAnu], [MotiAnula]) VALUES (N'TIP_COLOR_0000004', N'TIP_COLOR', N'MAGENTA', N'A', N'Veliz', N'admin', CAST(N'2015-03-24' AS Date), N'Veliz', CAST(N'2015-03-24' AS Date), N'')
INSERT [dbo].[Af_Catalogo] ([IdCatalogo], [IdTipoCatalogo], [Descripcion], [Estado], [IdUsuario], [IdUsuarioUltMod], [FechaUltMod], [IdUsuarioUltAnu], [Fecha_UltAnu], [MotiAnula]) VALUES (N'TIP_COLOR_0000005', N'TIP_COLOR', N'MORADO', N'A', N'Veliz', NULL, NULL, NULL, NULL, NULL)
INSERT [dbo].[Af_Catalogo] ([IdCatalogo], [IdTipoCatalogo], [Descripcion], [Estado], [IdUsuario], [IdUsuarioUltMod], [FechaUltMod], [IdUsuarioUltAnu], [Fecha_UltAnu], [MotiAnula]) VALUES (N'TIP_COLOR_0000006', N'TIP_COLOR', N'NARANJA', N'A', N'ADMIN', N'Veliz', CAST(N'2015-03-24' AS Date), N'Veliz', CAST(N'2015-03-04' AS Date), N'')
INSERT [dbo].[Af_Catalogo] ([IdCatalogo], [IdTipoCatalogo], [Descripcion], [Estado], [IdUsuario], [IdUsuarioUltMod], [FechaUltMod], [IdUsuarioUltAnu], [Fecha_UltAnu], [MotiAnula]) VALUES (N'TIP_COLOR_0000007', N'TIP_COLOR', N'NEGRO', N'A', N'ADMIN', NULL, NULL, NULL, NULL, NULL)
INSERT [dbo].[Af_Catalogo] ([IdCatalogo], [IdTipoCatalogo], [Descripcion], [Estado], [IdUsuario], [IdUsuarioUltMod], [FechaUltMod], [IdUsuarioUltAnu], [Fecha_UltAnu], [MotiAnula]) VALUES (N'TIP_COLOR_0000008', N'TIP_COLOR', N'PLOMO', N'A', N'Veliz', NULL, NULL, NULL, NULL, NULL)
INSERT [dbo].[Af_Catalogo] ([IdCatalogo], [IdTipoCatalogo], [Descripcion], [Estado], [IdUsuario], [IdUsuarioUltMod], [FechaUltMod], [IdUsuarioUltAnu], [Fecha_UltAnu], [MotiAnula]) VALUES (N'TIP_COLOR_0000009', N'TIP_COLOR', N'ROJO', N'A', N'ADMIN', NULL, NULL, NULL, NULL, NULL)
INSERT [dbo].[Af_Catalogo] ([IdCatalogo], [IdTipoCatalogo], [Descripcion], [Estado], [IdUsuario], [IdUsuarioUltMod], [FechaUltMod], [IdUsuarioUltAnu], [Fecha_UltAnu], [MotiAnula]) VALUES (N'TIP_COLOR_0000010', N'TIP_COLOR', N'VERDE', N'A', N'ADMIN', NULL, NULL, NULL, NULL, NULL)
INSERT [dbo].[Af_Catalogo] ([IdCatalogo], [IdTipoCatalogo], [Descripcion], [Estado], [IdUsuario], [IdUsuarioUltMod], [FechaUltMod], [IdUsuarioUltAnu], [Fecha_UltAnu], [MotiAnula]) VALUES (N'TIP_COLOR_0000011', N'TIP_COLOR', N'Azul Electrico', N'A', N'admin', NULL, NULL, NULL, NULL, NULL)
INSERT [dbo].[Af_Catalogo] ([IdCatalogo], [IdTipoCatalogo], [Descripcion], [Estado], [IdUsuario], [IdUsuarioUltMod], [FechaUltMod], [IdUsuarioUltAnu], [Fecha_UltAnu], [MotiAnula]) VALUES (N'TIP_COLOR_00000116', N'TIP_COLOR', N'TOMATE', N'A', N'omateo', NULL, NULL, NULL, NULL, NULL)
INSERT [dbo].[Af_Catalogo] ([IdCatalogo], [IdTipoCatalogo], [Descripcion], [Estado], [IdUsuario], [IdUsuarioUltMod], [FechaUltMod], [IdUsuarioUltAnu], [Fecha_UltAnu], [MotiAnula]) VALUES (N'TIP_COLOR_0000012', N'TIP_COLOR', N'Turquesa', N'A', N'admin', NULL, NULL, NULL, NULL, NULL)
INSERT [dbo].[Af_Catalogo] ([IdCatalogo], [IdTipoCatalogo], [Descripcion], [Estado], [IdUsuario], [IdUsuarioUltMod], [FechaUltMod], [IdUsuarioUltAnu], [Fecha_UltAnu], [MotiAnula]) VALUES (N'TIP_COLOR_0000013', N'TIP_COLOR', N'AMARILLO', N'A', N'ADMIN', N'admin', CAST(N'2015-05-27' AS Date), NULL, NULL, NULL)
INSERT [dbo].[Af_Catalogo] ([IdCatalogo], [IdTipoCatalogo], [Descripcion], [Estado], [IdUsuario], [IdUsuarioUltMod], [FechaUltMod], [IdUsuarioUltAnu], [Fecha_UltAnu], [MotiAnula]) VALUES (N'TIP_COLOR_000014', N'TIP_COLOR', N'AMARILLO PATITO', N'A', N'admin', NULL, NULL, NULL, NULL, NULL)
INSERT [dbo].[Af_Catalogo] ([IdCatalogo], [IdTipoCatalogo], [Descripcion], [Estado], [IdUsuario], [IdUsuarioUltMod], [FechaUltMod], [IdUsuarioUltAnu], [Fecha_UltAnu], [MotiAnula]) VALUES (N'TIP_COLOR_000015', N'TIP_COLOR', N'INDIGO', N'A', N'admin', NULL, NULL, NULL, NULL, NULL)
INSERT [dbo].[Af_Catalogo] ([IdCatalogo], [IdTipoCatalogo], [Descripcion], [Estado], [IdUsuario], [IdUsuarioUltMod], [FechaUltMod], [IdUsuarioUltAnu], [Fecha_UltAnu], [MotiAnula]) VALUES (N'TIP_CTACBLE_ACTIVO', N'TIP_CTACBLE', N'ACTIVO', N'A', NULL, NULL, NULL, NULL, NULL, NULL)
INSERT [dbo].[Af_Catalogo] ([IdCatalogo], [IdTipoCatalogo], [Descripcion], [Estado], [IdUsuario], [IdUsuarioUltMod], [FechaUltMod], [IdUsuarioUltAnu], [Fecha_UltAnu], [MotiAnula]) VALUES (N'TIP_CTACBLE_DEPR_ACUM', N'TIP_CTACBLE', N'DEPRECIACION ACUM', N'A', NULL, NULL, NULL, NULL, NULL, NULL)
INSERT [dbo].[Af_Catalogo] ([IdCatalogo], [IdTipoCatalogo], [Descripcion], [Estado], [IdUsuario], [IdUsuarioUltMod], [FechaUltMod], [IdUsuarioUltAnu], [Fecha_UltAnu], [MotiAnula]) VALUES (N'TIP_CTACBLE_GASTO', N'TIP_CTACBLE', N'GASTO DEPRECIACION', N'A', NULL, NULL, NULL, NULL, NULL, NULL)
INSERT [dbo].[Af_Catalogo] ([IdCatalogo], [IdTipoCatalogo], [Descripcion], [Estado], [IdUsuario], [IdUsuarioUltMod], [FechaUltMod], [IdUsuarioUltAnu], [Fecha_UltAnu], [MotiAnula]) VALUES (N'TIP_DISEÑO_0000001', N'TIP_DISEÑO', N'CUADRADO', N'A', N'ADMIN', NULL, NULL, NULL, NULL, NULL)
INSERT [dbo].[Af_Catalogo] ([IdCatalogo], [IdTipoCatalogo], [Descripcion], [Estado], [IdUsuario], [IdUsuarioUltMod], [FechaUltMod], [IdUsuarioUltAnu], [Fecha_UltAnu], [MotiAnula]) VALUES (N'TIP_DISEÑO_0000002', N'TIP_DISEÑO', N'RECTANGULAR', N'A', N'Veliz', NULL, NULL, NULL, NULL, NULL)
INSERT [dbo].[Af_Catalogo] ([IdCatalogo], [IdTipoCatalogo], [Descripcion], [Estado], [IdUsuario], [IdUsuarioUltMod], [FechaUltMod], [IdUsuarioUltAnu], [Fecha_UltAnu], [MotiAnula]) VALUES (N'TIP_DISEÑO_000003', N'TIP_DISEÑO', N'4X4', N'A', N'admin', NULL, NULL, NULL, NULL, NULL)
INSERT [dbo].[Af_Catalogo] ([IdCatalogo], [IdTipoCatalogo], [Descripcion], [Estado], [IdUsuario], [IdUsuarioUltMod], [FechaUltMod], [IdUsuarioUltAnu], [Fecha_UltAnu], [MotiAnula]) VALUES (N'TIP_DISEÑO_000004', N'TIP_DISEÑO', N'AERODINAMICO', N'A', N'admin', NULL, NULL, NULL, NULL, NULL)
INSERT [dbo].[Af_Catalogo] ([IdCatalogo], [IdTipoCatalogo], [Descripcion], [Estado], [IdUsuario], [IdUsuarioUltMod], [FechaUltMod], [IdUsuarioUltAnu], [Fecha_UltAnu], [MotiAnula]) VALUES (N'TIP_DISEÑO_000005', N'TIP_DISEÑO', N'CIRCULO', N'A', N'admin', NULL, NULL, NULL, NULL, NULL)
INSERT [dbo].[Af_Catalogo] ([IdCatalogo], [IdTipoCatalogo], [Descripcion], [Estado], [IdUsuario], [IdUsuarioUltMod], [FechaUltMod], [IdUsuarioUltAnu], [Fecha_UltAnu], [MotiAnula]) VALUES (N'TIP_ESTADO_AF_ACTIVO', N'TIP_ESTADO_AF', N'ACTIVO', N'A', N'ADMIN', NULL, NULL, NULL, NULL, NULL)
INSERT [dbo].[Af_Catalogo] ([IdCatalogo], [IdTipoCatalogo], [Descripcion], [Estado], [IdUsuario], [IdUsuarioUltMod], [FechaUltMod], [IdUsuarioUltAnu], [Fecha_UltAnu], [MotiAnula]) VALUES (N'TIP_ESTADO_AF_RETIRO', N'TIP_ESTADO_AF', N'RETIRADO', N'A', N'ADMIN', NULL, NULL, NULL, NULL, NULL)
INSERT [dbo].[Af_Catalogo] ([IdCatalogo], [IdTipoCatalogo], [Descripcion], [Estado], [IdUsuario], [IdUsuarioUltMod], [FechaUltMod], [IdUsuarioUltAnu], [Fecha_UltAnu], [MotiAnula]) VALUES (N'TIP_ESTADO_AF_VENTA', N'TIP_ESTADO_AF', N'VENDIDO', N'A', N'ADMIN', NULL, NULL, NULL, NULL, NULL)
INSERT [dbo].[Af_Catalogo] ([IdCatalogo], [IdTipoCatalogo], [Descripcion], [Estado], [IdUsuario], [IdUsuarioUltMod], [FechaUltMod], [IdUsuarioUltAnu], [Fecha_UltAnu], [MotiAnula]) VALUES (N'TIP_MARCA_0000001', N'TIP_MARCA', N'OMEGA1', N'A', N'Veliz', N'Veliz', CAST(N'2015-03-04' AS Date), N'Veliz', CAST(N'2015-03-04' AS Date), N'')
INSERT [dbo].[Af_Catalogo] ([IdCatalogo], [IdTipoCatalogo], [Descripcion], [Estado], [IdUsuario], [IdUsuarioUltMod], [FechaUltMod], [IdUsuarioUltAnu], [Fecha_UltAnu], [MotiAnula]) VALUES (N'TIP_MARCA_0000002', N'TIP_MARCA', N'DELL', N'A', N'admin', NULL, NULL, NULL, NULL, NULL)
INSERT [dbo].[Af_Catalogo] ([IdCatalogo], [IdTipoCatalogo], [Descripcion], [Estado], [IdUsuario], [IdUsuarioUltMod], [FechaUltMod], [IdUsuarioUltAnu], [Fecha_UltAnu], [MotiAnula]) VALUES (N'TIP_MARCA_00000110', N'TIP_MARCA', N'YALE', N'A', N'omateo', NULL, NULL, NULL, NULL, NULL)
INSERT [dbo].[Af_Catalogo] ([IdCatalogo], [IdTipoCatalogo], [Descripcion], [Estado], [IdUsuario], [IdUsuarioUltMod], [FechaUltMod], [IdUsuarioUltAnu], [Fecha_UltAnu], [MotiAnula]) VALUES (N'TIP_MARCA_00000111', N'TIP_MARCA', N'KOMATSU', N'A', N'omateo', NULL, NULL, NULL, NULL, NULL)
INSERT [dbo].[Af_Catalogo] ([IdCatalogo], [IdTipoCatalogo], [Descripcion], [Estado], [IdUsuario], [IdUsuarioUltMod], [FechaUltMod], [IdUsuarioUltAnu], [Fecha_UltAnu], [MotiAnula]) VALUES (N'TIP_MARCA_00000112', N'TIP_MARCA', N'FORD', N'A', N'omateo', NULL, NULL, NULL, NULL, NULL)
INSERT [dbo].[Af_Catalogo] ([IdCatalogo], [IdTipoCatalogo], [Descripcion], [Estado], [IdUsuario], [IdUsuarioUltMod], [FechaUltMod], [IdUsuarioUltAnu], [Fecha_UltAnu], [MotiAnula]) VALUES (N'TIP_MARCA_00000113', N'TIP_MARCA', N'CATERPILLAR', N'A', N'omateo', NULL, NULL, NULL, NULL, NULL)
INSERT [dbo].[Af_Catalogo] ([IdCatalogo], [IdTipoCatalogo], [Descripcion], [Estado], [IdUsuario], [IdUsuarioUltMod], [FechaUltMod], [IdUsuarioUltAnu], [Fecha_UltAnu], [MotiAnula]) VALUES (N'TIP_MARCA_00000114', N'TIP_MARCA', N'NO APLICA', N'A', N'omateo', NULL, NULL, NULL, NULL, NULL)
INSERT [dbo].[Af_Catalogo] ([IdCatalogo], [IdTipoCatalogo], [Descripcion], [Estado], [IdUsuario], [IdUsuarioUltMod], [FechaUltMod], [IdUsuarioUltAnu], [Fecha_UltAnu], [MotiAnula]) VALUES (N'TIP_MARCA_00000115', N'TIP_MARCA', N'HINO', N'A', N'omateo', NULL, NULL, NULL, NULL, NULL)
INSERT [dbo].[Af_Catalogo] ([IdCatalogo], [IdTipoCatalogo], [Descripcion], [Estado], [IdUsuario], [IdUsuarioUltMod], [FechaUltMod], [IdUsuarioUltAnu], [Fecha_UltAnu], [MotiAnula]) VALUES (N'TIP_MARCA_0000018', N'TIP_MARCA', N'TCM', N'A', N'omateo', NULL, NULL, NULL, NULL, NULL)
INSERT [dbo].[Af_Catalogo] ([IdCatalogo], [IdTipoCatalogo], [Descripcion], [Estado], [IdUsuario], [IdUsuarioUltMod], [FechaUltMod], [IdUsuarioUltAnu], [Fecha_UltAnu], [MotiAnula]) VALUES (N'TIP_MARCA_0000019', N'TIP_MARCA', N'HANGCHA', N'A', N'omateo', NULL, NULL, NULL, NULL, NULL)
INSERT [dbo].[Af_Catalogo] ([IdCatalogo], [IdTipoCatalogo], [Descripcion], [Estado], [IdUsuario], [IdUsuarioUltMod], [FechaUltMod], [IdUsuarioUltAnu], [Fecha_UltAnu], [MotiAnula]) VALUES (N'TIP_MARCA_000003', N'TIP_MARCA', N'PANASONIC', N'A', N'admin', NULL, NULL, NULL, NULL, NULL)
INSERT [dbo].[Af_Catalogo] ([IdCatalogo], [IdTipoCatalogo], [Descripcion], [Estado], [IdUsuario], [IdUsuarioUltMod], [FechaUltMod], [IdUsuarioUltAnu], [Fecha_UltAnu], [MotiAnula]) VALUES (N'TIP_MARCA_000004', N'TIP_MARCA', N'HINO MABESA', N'A', N'admin', NULL, NULL, NULL, NULL, NULL)
INSERT [dbo].[Af_Catalogo] ([IdCatalogo], [IdTipoCatalogo], [Descripcion], [Estado], [IdUsuario], [IdUsuarioUltMod], [FechaUltMod], [IdUsuarioUltAnu], [Fecha_UltAnu], [MotiAnula]) VALUES (N'TIP_MARCA_000005', N'TIP_MARCA', N'CHEVROLET', N'A', N'admin', NULL, NULL, NULL, NULL, NULL)
INSERT [dbo].[Af_Catalogo] ([IdCatalogo], [IdTipoCatalogo], [Descripcion], [Estado], [IdUsuario], [IdUsuarioUltMod], [FechaUltMod], [IdUsuarioUltAnu], [Fecha_UltAnu], [MotiAnula]) VALUES (N'TIP_MARCA_000006', N'TIP_MARCA', N'TOYOTA', N'A', N'admin', NULL, NULL, NULL, NULL, NULL)
INSERT [dbo].[Af_Catalogo] ([IdCatalogo], [IdTipoCatalogo], [Descripcion], [Estado], [IdUsuario], [IdUsuarioUltMod], [FechaUltMod], [IdUsuarioUltAnu], [Fecha_UltAnu], [MotiAnula]) VALUES (N'TIP_MARCA_000007', N'TIP_MARCA', N'LG', N'A', N'admin', NULL, NULL, NULL, NULL, NULL)
INSERT [dbo].[Af_Catalogo] ([IdCatalogo], [IdTipoCatalogo], [Descripcion], [Estado], [IdUsuario], [IdUsuarioUltMod], [FechaUltMod], [IdUsuarioUltAnu], [Fecha_UltAnu], [MotiAnula]) VALUES (N'TIP_MODELO_0000001', N'TIP_MODELO', N'INDEFINIDO', N'A', NULL, NULL, NULL, NULL, NULL, NULL)
INSERT [dbo].[Af_Catalogo] ([IdCatalogo], [IdTipoCatalogo], [Descripcion], [Estado], [IdUsuario], [IdUsuarioUltMod], [FechaUltMod], [IdUsuarioUltAnu], [Fecha_UltAnu], [MotiAnula]) VALUES (N'TIP_UBICACION_0000001', N'TIP_UBICACION', N'CAMPUS 1', N'A', N'admin', NULL, NULL, NULL, NULL, NULL)
INSERT [dbo].[Af_Catalogo] ([IdCatalogo], [IdTipoCatalogo], [Descripcion], [Estado], [IdUsuario], [IdUsuarioUltMod], [FechaUltMod], [IdUsuarioUltAnu], [Fecha_UltAnu], [MotiAnula]) VALUES (N'TIP_UBICACION_0000002', N'TIP_UBICACION', N'CAMPUS 2', N'A', N'admin', NULL, NULL, NULL, NULL, NULL)
INSERT [dbo].[Af_Catalogo] ([IdCatalogo], [IdTipoCatalogo], [Descripcion], [Estado], [IdUsuario], [IdUsuarioUltMod], [FechaUltMod], [IdUsuarioUltAnu], [Fecha_UltAnu], [MotiAnula]) VALUES (N'TIP_UBICACION_0000003', N'TIP_UBICACION', N'INDEFINIDO', N'A', N'admin', NULL, NULL, NULL, NULL, NULL)
INSERT [dbo].[tb_ciudad] ([IdCiudad], [Cod_Ciudad], [Descripcion_Ciudad], [Estado], [IdProvincia], [IdUsuario], [Fecha_Transac], [IdUsuarioUltMod], [Fecha_UltMod], [IdUsuarioUltAnu], [Fecha_UltAnu], [MotivoAnula], [nom_pc], [ip]) VALUES (N'0055', N'00001', N'TOSAGUA', N'A', N'13', NULL, NULL, NULL, NULL, NULL, NULL, NULL, NULL, NULL)
INSERT [dbo].[tb_ciudad] ([IdCiudad], [Cod_Ciudad], [Descripcion_Ciudad], [Estado], [IdProvincia], [IdUsuario], [Fecha_Transac], [IdUsuarioUltMod], [Fecha_UltMod], [IdUsuarioUltAnu], [Fecha_UltAnu], [MotivoAnula], [nom_pc], [ip]) VALUES (N'0056', N'0002', N'BOLIVIA', N'A', N'0029', NULL, NULL, NULL, NULL, NULL, NULL, NULL, NULL, NULL)
INSERT [dbo].[tb_ciudad] ([IdCiudad], [Cod_Ciudad], [Descripcion_Ciudad], [Estado], [IdProvincia], [IdUsuario], [Fecha_Transac], [IdUsuarioUltMod], [Fecha_UltMod], [IdUsuarioUltAnu], [Fecha_UltAnu], [MotivoAnula], [nom_pc], [ip]) VALUES (N'0057', N'000', N'UNITED STATE', N'A', N'02', NULL, NULL, NULL, NULL, NULL, NULL, NULL, NULL, NULL)
INSERT [dbo].[tb_ciudad] ([IdCiudad], [Cod_Ciudad], [Descripcion_Ciudad], [Estado], [IdProvincia], [IdUsuario], [Fecha_Transac], [IdUsuarioUltMod], [Fecha_UltMod], [IdUsuarioUltAnu], [Fecha_UltAnu], [MotivoAnula], [nom_pc], [ip]) VALUES (N'0058', N'BAR', N'BUENOS AIRES', N'A', N'0030', NULL, NULL, NULL, NULL, NULL, NULL, NULL, NULL, NULL)
INSERT [dbo].[tb_ciudad] ([IdCiudad], [Cod_Ciudad], [Descripcion_Ciudad], [Estado], [IdProvincia], [IdUsuario], [Fecha_Transac], [IdUsuarioUltMod], [Fecha_UltMod], [IdUsuarioUltAnu], [Fecha_UltAnu], [MotivoAnula], [nom_pc], [ip]) VALUES (N'01', N'01', N'CUENCA', N'A', N'01', NULL, NULL, NULL, NULL, NULL, NULL, NULL, NULL, NULL)
INSERT [dbo].[tb_ciudad] ([IdCiudad], [Cod_Ciudad], [Descripcion_Ciudad], [Estado], [IdProvincia], [IdUsuario], [Fecha_Transac], [IdUsuarioUltMod], [Fecha_UltMod], [IdUsuarioUltAnu], [Fecha_UltAnu], [MotivoAnula], [nom_pc], [ip]) VALUES (N'02', N'01', N'GUARANDA', N'A', N'02', NULL, NULL, NULL, NULL, NULL, NULL, NULL, NULL, NULL)
INSERT [dbo].[tb_ciudad] ([IdCiudad], [Cod_Ciudad], [Descripcion_Ciudad], [Estado], [IdProvincia], [IdUsuario], [Fecha_Transac], [IdUsuarioUltMod], [Fecha_UltMod], [IdUsuarioUltAnu], [Fecha_UltAnu], [MotivoAnula], [nom_pc], [ip]) VALUES (N'03', N'01', N'AZOGUES', N'A', N'03', NULL, NULL, NULL, NULL, NULL, NULL, NULL, NULL, NULL)
INSERT [dbo].[tb_ciudad] ([IdCiudad], [Cod_Ciudad], [Descripcion_Ciudad], [Estado], [IdProvincia], [IdUsuario], [Fecha_Transac], [IdUsuarioUltMod], [Fecha_UltMod], [IdUsuarioUltAnu], [Fecha_UltAnu], [MotivoAnula], [nom_pc], [ip]) VALUES (N'04', N'01', N'TULCAN ', N'A', N'04', NULL, NULL, NULL, NULL, NULL, NULL, NULL, NULL, NULL)
INSERT [dbo].[tb_ciudad] ([IdCiudad], [Cod_Ciudad], [Descripcion_Ciudad], [Estado], [IdProvincia], [IdUsuario], [Fecha_Transac], [IdUsuarioUltMod], [Fecha_UltMod], [IdUsuarioUltAnu], [Fecha_UltAnu], [MotivoAnula], [nom_pc], [ip]) VALUES (N'05', N'01', N'LATACUNGA', N'A', N'05', NULL, NULL, NULL, NULL, NULL, NULL, NULL, NULL, NULL)
INSERT [dbo].[tb_ciudad] ([IdCiudad], [Cod_Ciudad], [Descripcion_Ciudad], [Estado], [IdProvincia], [IdUsuario], [Fecha_Transac], [IdUsuarioUltMod], [Fecha_UltMod], [IdUsuarioUltAnu], [Fecha_UltAnu], [MotivoAnula], [nom_pc], [ip]) VALUES (N'06', N'01', N'RIOBAMBA', N'A', N'06', NULL, NULL, NULL, NULL, NULL, NULL, NULL, NULL, NULL)
INSERT [dbo].[tb_ciudad] ([IdCiudad], [Cod_Ciudad], [Descripcion_Ciudad], [Estado], [IdProvincia], [IdUsuario], [Fecha_Transac], [IdUsuarioUltMod], [Fecha_UltMod], [IdUsuarioUltAnu], [Fecha_UltAnu], [MotivoAnula], [nom_pc], [ip]) VALUES (N'07', N'01', N'MACHALA', N'A', N'07', NULL, NULL, NULL, NULL, NULL, NULL, NULL, NULL, NULL)
INSERT [dbo].[tb_ciudad] ([IdCiudad], [Cod_Ciudad], [Descripcion_Ciudad], [Estado], [IdProvincia], [IdUsuario], [Fecha_Transac], [IdUsuarioUltMod], [Fecha_UltMod], [IdUsuarioUltAnu], [Fecha_UltAnu], [MotivoAnula], [nom_pc], [ip]) VALUES (N'08', N'01', N'ESMERALDAS', N'A', N'08', NULL, NULL, NULL, NULL, NULL, NULL, NULL, NULL, NULL)
INSERT [dbo].[tb_ciudad] ([IdCiudad], [Cod_Ciudad], [Descripcion_Ciudad], [Estado], [IdProvincia], [IdUsuario], [Fecha_Transac], [IdUsuarioUltMod], [Fecha_UltMod], [IdUsuarioUltAnu], [Fecha_UltAnu], [MotivoAnula], [nom_pc], [ip]) VALUES (N'09', N'01', N'GUAYAQUIL', N'A', N'09', NULL, NULL, NULL, NULL, NULL, NULL, NULL, NULL, NULL)
INSERT [dbo].[tb_ciudad] ([IdCiudad], [Cod_Ciudad], [Descripcion_Ciudad], [Estado], [IdProvincia], [IdUsuario], [Fecha_Transac], [IdUsuarioUltMod], [Fecha_UltMod], [IdUsuarioUltAnu], [Fecha_UltAnu], [MotivoAnula], [nom_pc], [ip]) VALUES (N'10', N'16', N'SAMBORONDON', N'A', N'09', NULL, NULL, NULL, NULL, NULL, NULL, NULL, NULL, NULL)
INSERT [dbo].[tb_ciudad] ([IdCiudad], [Cod_Ciudad], [Descripcion_Ciudad], [Estado], [IdProvincia], [IdUsuario], [Fecha_Transac], [IdUsuarioUltMod], [Fecha_UltMod], [IdUsuarioUltAnu], [Fecha_UltAnu], [MotivoAnula], [nom_pc], [ip]) VALUES (N'11', N'10', N'MILAGRO', N'A', N'09', NULL, NULL, NULL, NULL, NULL, NULL, NULL, NULL, NULL)
INSERT [dbo].[tb_ciudad] ([IdCiudad], [Cod_Ciudad], [Descripcion_Ciudad], [Estado], [IdProvincia], [IdUsuario], [Fecha_Transac], [IdUsuarioUltMod], [Fecha_UltMod], [IdUsuarioUltAnu], [Fecha_UltAnu], [MotivoAnula], [nom_pc], [ip]) VALUES (N'12', N'01', N'IBARRA', N'A', N'10', NULL, NULL, NULL, NULL, NULL, NULL, NULL, NULL, NULL)
INSERT [dbo].[tb_ciudad] ([IdCiudad], [Cod_Ciudad], [Descripcion_Ciudad], [Estado], [IdProvincia], [IdUsuario], [Fecha_Transac], [IdUsuarioUltMod], [Fecha_UltMod], [IdUsuarioUltAnu], [Fecha_UltAnu], [MotivoAnula], [nom_pc], [ip]) VALUES (N'13', N'01', N'LOJA', N'A', N'11', NULL, NULL, NULL, NULL, NULL, NULL, NULL, NULL, NULL)
INSERT [dbo].[tb_ciudad] ([IdCiudad], [Cod_Ciudad], [Descripcion_Ciudad], [Estado], [IdProvincia], [IdUsuario], [Fecha_Transac], [IdUsuarioUltMod], [Fecha_UltMod], [IdUsuarioUltAnu], [Fecha_UltAnu], [MotivoAnula], [nom_pc], [ip]) VALUES (N'14', N'01', N'BABAHOYO', N'A', N'12', NULL, NULL, NULL, NULL, NULL, NULL, NULL, NULL, NULL)
INSERT [dbo].[tb_ciudad] ([IdCiudad], [Cod_Ciudad], [Descripcion_Ciudad], [Estado], [IdProvincia], [IdUsuario], [Fecha_Transac], [IdUsuarioUltMod], [Fecha_UltMod], [IdUsuarioUltAnu], [Fecha_UltAnu], [MotivoAnula], [nom_pc], [ip]) VALUES (N'15', N'05', N'QUEVEDO', N'A', N'12', NULL, NULL, NULL, NULL, NULL, NULL, NULL, NULL, NULL)
INSERT [dbo].[tb_ciudad] ([IdCiudad], [Cod_Ciudad], [Descripcion_Ciudad], [Estado], [IdProvincia], [IdUsuario], [Fecha_Transac], [IdUsuarioUltMod], [Fecha_UltMod], [IdUsuarioUltAnu], [Fecha_UltAnu], [MotivoAnula], [nom_pc], [ip]) VALUES (N'16', N'01', N'PORTOVIEJO', N'A', N'13', NULL, NULL, NULL, NULL, NULL, NULL, NULL, NULL, NULL)
INSERT [dbo].[tb_ciudad] ([IdCiudad], [Cod_Ciudad], [Descripcion_Ciudad], [Estado], [IdProvincia], [IdUsuario], [Fecha_Transac], [IdUsuarioUltMod], [Fecha_UltMod], [IdUsuarioUltAnu], [Fecha_UltAnu], [MotivoAnula], [nom_pc], [ip]) VALUES (N'17', N'08', N'MANTA ', N'A', N'13', NULL, NULL, NULL, NULL, NULL, NULL, NULL, NULL, NULL)
INSERT [dbo].[tb_ciudad] ([IdCiudad], [Cod_Ciudad], [Descripcion_Ciudad], [Estado], [IdProvincia], [IdUsuario], [Fecha_Transac], [IdUsuarioUltMod], [Fecha_UltMod], [IdUsuarioUltAnu], [Fecha_UltAnu], [MotivoAnula], [nom_pc], [ip]) VALUES (N'18', N'12', N'ROCAFUERTE', N'A', N'13', NULL, NULL, NULL, NULL, NULL, NULL, NULL, NULL, NULL)
INSERT [dbo].[tb_ciudad] ([IdCiudad], [Cod_Ciudad], [Descripcion_Ciudad], [Estado], [IdProvincia], [IdUsuario], [Fecha_Transac], [IdUsuarioUltMod], [Fecha_UltMod], [IdUsuarioUltAnu], [Fecha_UltAnu], [MotivoAnula], [nom_pc], [ip]) VALUES (N'19', N'18', N'OLMEDO', N'A', N'13', NULL, NULL, NULL, NULL, NULL, NULL, NULL, NULL, NULL)
INSERT [dbo].[tb_ciudad] ([IdCiudad], [Cod_Ciudad], [Descripcion_Ciudad], [Estado], [IdProvincia], [IdUsuario], [Fecha_Transac], [IdUsuarioUltMod], [Fecha_UltMod], [IdUsuarioUltAnu], [Fecha_UltAnu], [MotivoAnula], [nom_pc], [ip]) VALUES (N'20', N'22', N'SAN VICENTE', N'A', N'13', NULL, NULL, NULL, NULL, NULL, NULL, NULL, NULL, NULL)
INSERT [dbo].[tb_ciudad] ([IdCiudad], [Cod_Ciudad], [Descripcion_Ciudad], [Estado], [IdProvincia], [IdUsuario], [Fecha_Transac], [IdUsuarioUltMod], [Fecha_UltMod], [IdUsuarioUltAnu], [Fecha_UltAnu], [MotivoAnula], [nom_pc], [ip]) VALUES (N'21', N'01', N'MORONA', N'A', N'14', NULL, NULL, NULL, NULL, NULL, NULL, NULL, NULL, NULL)
INSERT [dbo].[tb_ciudad] ([IdCiudad], [Cod_Ciudad], [Descripcion_Ciudad], [Estado], [IdProvincia], [IdUsuario], [Fecha_Transac], [IdUsuarioUltMod], [Fecha_UltMod], [IdUsuarioUltAnu], [Fecha_UltAnu], [MotivoAnula], [nom_pc], [ip]) VALUES (N'22', N'01', N'TENA', N'A', N'15', NULL, NULL, NULL, NULL, NULL, NULL, NULL, NULL, NULL)
INSERT [dbo].[tb_ciudad] ([IdCiudad], [Cod_Ciudad], [Descripcion_Ciudad], [Estado], [IdProvincia], [IdUsuario], [Fecha_Transac], [IdUsuarioUltMod], [Fecha_UltMod], [IdUsuarioUltAnu], [Fecha_UltAnu], [MotivoAnula], [nom_pc], [ip]) VALUES (N'23', N'01', N'PASTAZA', N'A', N'16', NULL, NULL, NULL, NULL, NULL, NULL, NULL, NULL, NULL)
INSERT [dbo].[tb_ciudad] ([IdCiudad], [Cod_Ciudad], [Descripcion_Ciudad], [Estado], [IdProvincia], [IdUsuario], [Fecha_Transac], [IdUsuarioUltMod], [Fecha_UltMod], [IdUsuarioUltAnu], [Fecha_UltAnu], [MotivoAnula], [nom_pc], [ip]) VALUES (N'24', N'01', N'PICHINCHA', N'A', N'17', NULL, NULL, NULL, NULL, NULL, NULL, NULL, NULL, NULL)
INSERT [dbo].[tb_ciudad] ([IdCiudad], [Cod_Ciudad], [Descripcion_Ciudad], [Estado], [IdProvincia], [IdUsuario], [Fecha_Transac], [IdUsuarioUltMod], [Fecha_UltMod], [IdUsuarioUltAnu], [Fecha_UltAnu], [MotivoAnula], [nom_pc], [ip]) VALUES (N'25', N'01', N'AMBATO', N'A', N'18', NULL, NULL, NULL, NULL, NULL, NULL, NULL, NULL, NULL)
INSERT [dbo].[tb_ciudad] ([IdCiudad], [Cod_Ciudad], [Descripcion_Ciudad], [Estado], [IdProvincia], [IdUsuario], [Fecha_Transac], [IdUsuarioUltMod], [Fecha_UltMod], [IdUsuarioUltAnu], [Fecha_UltAnu], [MotivoAnula], [nom_pc], [ip]) VALUES (N'26', N'01', N'ZAMORA', N'A', N'19', NULL, NULL, NULL, NULL, NULL, NULL, NULL, NULL, NULL)
INSERT [dbo].[tb_ciudad] ([IdCiudad], [Cod_Ciudad], [Descripcion_Ciudad], [Estado], [IdProvincia], [IdUsuario], [Fecha_Transac], [IdUsuarioUltMod], [Fecha_UltMod], [IdUsuarioUltAnu], [Fecha_UltAnu], [MotivoAnula], [nom_pc], [ip]) VALUES (N'27', N'01', N'SAN CRISTOBAL', N'A', N'20', NULL, NULL, NULL, NULL, NULL, NULL, NULL, NULL, NULL)
INSERT [dbo].[tb_ciudad] ([IdCiudad], [Cod_Ciudad], [Descripcion_Ciudad], [Estado], [IdProvincia], [IdUsuario], [Fecha_Transac], [IdUsuarioUltMod], [Fecha_UltMod], [IdUsuarioUltAnu], [Fecha_UltAnu], [MotivoAnula], [nom_pc], [ip]) VALUES (N'28', N'03', N'SANTA CRUZ', N'A', N'20', NULL, NULL, NULL, NULL, NULL, NULL, NULL, NULL, NULL)
INSERT [dbo].[tb_ciudad] ([IdCiudad], [Cod_Ciudad], [Descripcion_Ciudad], [Estado], [IdProvincia], [IdUsuario], [Fecha_Transac], [IdUsuarioUltMod], [Fecha_UltMod], [IdUsuarioUltAnu], [Fecha_UltAnu], [MotivoAnula], [nom_pc], [ip]) VALUES (N'29', N'01', N'LAGO AGRIO', N'A', N'21', NULL, NULL, NULL, NULL, NULL, NULL, NULL, NULL, NULL)
INSERT [dbo].[tb_ciudad] ([IdCiudad], [Cod_Ciudad], [Descripcion_Ciudad], [Estado], [IdProvincia], [IdUsuario], [Fecha_Transac], [IdUsuarioUltMod], [Fecha_UltMod], [IdUsuarioUltAnu], [Fecha_UltAnu], [MotivoAnula], [nom_pc], [ip]) VALUES (N'30', N'01', N'ORELLANA', N'A', N'22', NULL, NULL, NULL, NULL, NULL, NULL, NULL, NULL, NULL)
INSERT [dbo].[tb_ciudad] ([IdCiudad], [Cod_Ciudad], [Descripcion_Ciudad], [Estado], [IdProvincia], [IdUsuario], [Fecha_Transac], [IdUsuarioUltMod], [Fecha_UltMod], [IdUsuarioUltAnu], [Fecha_UltAnu], [MotivoAnula], [nom_pc], [ip]) VALUES (N'31', N'01', N'SANTO DOMINGO', N'A', N'23', NULL, NULL, NULL, NULL, NULL, NULL, NULL, NULL, NULL)
INSERT [dbo].[tb_ciudad] ([IdCiudad], [Cod_Ciudad], [Descripcion_Ciudad], [Estado], [IdProvincia], [IdUsuario], [Fecha_Transac], [IdUsuarioUltMod], [Fecha_UltMod], [IdUsuarioUltAnu], [Fecha_UltAnu], [MotivoAnula], [nom_pc], [ip]) VALUES (N'32', N'01', N'SANTA ELENA', N'A', N'24', NULL, NULL, NULL, NULL, NULL, NULL, NULL, NULL, NULL)
INSERT [dbo].[tb_ciudad] ([IdCiudad], [Cod_Ciudad], [Descripcion_Ciudad], [Estado], [IdProvincia], [IdUsuario], [Fecha_Transac], [IdUsuarioUltMod], [Fecha_UltMod], [IdUsuarioUltAnu], [Fecha_UltAnu], [MotivoAnula], [nom_pc], [ip]) VALUES (N'33', N'02', N'LA LIBERTAD', N'A', N'24', NULL, NULL, NULL, NULL, NULL, NULL, NULL, NULL, NULL)
INSERT [dbo].[tb_ciudad] ([IdCiudad], [Cod_Ciudad], [Descripcion_Ciudad], [Estado], [IdProvincia], [IdUsuario], [Fecha_Transac], [IdUsuarioUltMod], [Fecha_UltMod], [IdUsuarioUltAnu], [Fecha_UltAnu], [MotivoAnula], [nom_pc], [ip]) VALUES (N'34', N'03', N'SALINAS', N'A', N'24', NULL, NULL, NULL, NULL, NULL, NULL, NULL, NULL, NULL)
INSERT [dbo].[tb_ciudad] ([IdCiudad], [Cod_Ciudad], [Descripcion_Ciudad], [Estado], [IdProvincia], [IdUsuario], [Fecha_Transac], [IdUsuarioUltMod], [Fecha_UltMod], [IdUsuarioUltAnu], [Fecha_UltAnu], [MotivoAnula], [nom_pc], [ip]) VALUES (N'39', N'08', N'CHONE', N'A', N'13', NULL, NULL, NULL, NULL, NULL, NULL, NULL, NULL, NULL)
INSERT [dbo].[tb_ciudad] ([IdCiudad], [Cod_Ciudad], [Descripcion_Ciudad], [Estado], [IdProvincia], [IdUsuario], [Fecha_Transac], [IdUsuarioUltMod], [Fecha_UltMod], [IdUsuarioUltAnu], [Fecha_UltAnu], [MotivoAnula], [nom_pc], [ip]) VALUES (N'40', N'01', N'DURAN', N'A', N'09', NULL, NULL, NULL, NULL, NULL, NULL, NULL, NULL, NULL)
INSERT [dbo].[tb_ciudad] ([IdCiudad], [Cod_Ciudad], [Descripcion_Ciudad], [Estado], [IdProvincia], [IdUsuario], [Fecha_Transac], [IdUsuarioUltMod], [Fecha_UltMod], [IdUsuarioUltAnu], [Fecha_UltAnu], [MotivoAnula], [nom_pc], [ip]) VALUES (N'41', N'00', N'PERU', N'A', N'25', NULL, NULL, NULL, NULL, NULL, NULL, NULL, NULL, NULL)
INSERT [dbo].[tb_ciudad] ([IdCiudad], [Cod_Ciudad], [Descripcion_Ciudad], [Estado], [IdProvincia], [IdUsuario], [Fecha_Transac], [IdUsuarioUltMod], [Fecha_UltMod], [IdUsuarioUltAnu], [Fecha_UltAnu], [MotivoAnula], [nom_pc], [ip]) VALUES (N'42', N'00', N'BUENA FE', N'A', N'12', NULL, NULL, NULL, NULL, NULL, NULL, NULL, NULL, NULL)
INSERT [dbo].[tb_ciudad] ([IdCiudad], [Cod_Ciudad], [Descripcion_Ciudad], [Estado], [IdProvincia], [IdUsuario], [Fecha_Transac], [IdUsuarioUltMod], [Fecha_UltMod], [IdUsuarioUltAnu], [Fecha_UltAnu], [MotivoAnula], [nom_pc], [ip]) VALUES (N'43', N'01', N'EL EMPALME', N'A', N'09', NULL, NULL, NULL, NULL, NULL, NULL, NULL, NULL, NULL)
INSERT [dbo].[tb_ciudad] ([IdCiudad], [Cod_Ciudad], [Descripcion_Ciudad], [Estado], [IdProvincia], [IdUsuario], [Fecha_Transac], [IdUsuarioUltMod], [Fecha_UltMod], [IdUsuarioUltAnu], [Fecha_UltAnu], [MotivoAnula], [nom_pc], [ip]) VALUES (N'44', N'07', N'PAUTE', N'A', N'01', NULL, NULL, NULL, NULL, NULL, NULL, NULL, NULL, NULL)
INSERT [dbo].[tb_ciudad] ([IdCiudad], [Cod_Ciudad], [Descripcion_Ciudad], [Estado], [IdProvincia], [IdUsuario], [Fecha_Transac], [IdUsuarioUltMod], [Fecha_UltMod], [IdUsuarioUltAnu], [Fecha_UltAnu], [MotivoAnula], [nom_pc], [ip]) VALUES (N'45', N'01', N'EL GUABO', N'A', N'07', NULL, NULL, NULL, NULL, NULL, NULL, NULL, NULL, NULL)
INSERT [dbo].[tb_ciudad] ([IdCiudad], [Cod_Ciudad], [Descripcion_Ciudad], [Estado], [IdProvincia], [IdUsuario], [Fecha_Transac], [IdUsuarioUltMod], [Fecha_UltMod], [IdUsuarioUltAnu], [Fecha_UltAnu], [MotivoAnula], [nom_pc], [ip]) VALUES (N'46', N'00', N'SANTA ANA', N'A', N'13', NULL, NULL, NULL, NULL, NULL, NULL, NULL, NULL, NULL)
INSERT [dbo].[tb_ciudad] ([IdCiudad], [Cod_Ciudad], [Descripcion_Ciudad], [Estado], [IdProvincia], [IdUsuario], [Fecha_Transac], [IdUsuarioUltMod], [Fecha_UltMod], [IdUsuarioUltAnu], [Fecha_UltAnu], [MotivoAnula], [nom_pc], [ip]) VALUES (N'47', N'08', N'MONTECRISTI', N'A', N'13', NULL, NULL, NULL, NULL, NULL, NULL, NULL, NULL, NULL)
INSERT [dbo].[tb_ciudad] ([IdCiudad], [Cod_Ciudad], [Descripcion_Ciudad], [Estado], [IdProvincia], [IdUsuario], [Fecha_Transac], [IdUsuarioUltMod], [Fecha_UltMod], [IdUsuarioUltAnu], [Fecha_UltAnu], [MotivoAnula], [nom_pc], [ip]) VALUES (N'48', N'01', N'BAÑOS', N'A', N'18', NULL, NULL, NULL, NULL, NULL, NULL, NULL, NULL, NULL)
INSERT [dbo].[tb_ciudad] ([IdCiudad], [Cod_Ciudad], [Descripcion_Ciudad], [Estado], [IdProvincia], [IdUsuario], [Fecha_Transac], [IdUsuarioUltMod], [Fecha_UltMod], [IdUsuarioUltAnu], [Fecha_UltAnu], [MotivoAnula], [nom_pc], [ip]) VALUES (N'49', N'10', N'BOGOTÁ', N'A', N'26', NULL, NULL, NULL, NULL, NULL, NULL, NULL, NULL, NULL)
INSERT [dbo].[tb_ciudad] ([IdCiudad], [Cod_Ciudad], [Descripcion_Ciudad], [Estado], [IdProvincia], [IdUsuario], [Fecha_Transac], [IdUsuarioUltMod], [Fecha_UltMod], [IdUsuarioUltAnu], [Fecha_UltAnu], [MotivoAnula], [nom_pc], [ip]) VALUES (N'50', N'01', N'PÍLLARO', N'A', N'18', NULL, NULL, NULL, NULL, NULL, NULL, NULL, NULL, NULL)
INSERT [dbo].[tb_ciudad] ([IdCiudad], [Cod_Ciudad], [Descripcion_Ciudad], [Estado], [IdProvincia], [IdUsuario], [Fecha_Transac], [IdUsuarioUltMod], [Fecha_UltMod], [IdUsuarioUltAnu], [Fecha_UltAnu], [MotivoAnula], [nom_pc], [ip]) VALUES (N'51', N'00', N'PEDRO CARBO', N'A', N'09', NULL, NULL, NULL, NULL, NULL, NULL, NULL, NULL, NULL)
INSERT [dbo].[tb_ciudad] ([IdCiudad], [Cod_Ciudad], [Descripcion_Ciudad], [Estado], [IdProvincia], [IdUsuario], [Fecha_Transac], [IdUsuarioUltMod], [Fecha_UltMod], [IdUsuarioUltAnu], [Fecha_UltAnu], [MotivoAnula], [nom_pc], [ip]) VALUES (N'52', N'01', N'DAULE', N'A', N'09', NULL, NULL, NULL, NULL, NULL, NULL, NULL, NULL, NULL)
INSERT [dbo].[tb_ciudad] ([IdCiudad], [Cod_Ciudad], [Descripcion_Ciudad], [Estado], [IdProvincia], [IdUsuario], [Fecha_Transac], [IdUsuarioUltMod], [Fecha_UltMod], [IdUsuarioUltAnu], [Fecha_UltAnu], [MotivoAnula], [nom_pc], [ip]) VALUES (N'53', N'08', N'JIPIJAPA', N'A', N'13', NULL, NULL, NULL, NULL, NULL, NULL, NULL, NULL, NULL)
INSERT [dbo].[tb_ciudad] ([IdCiudad], [Cod_Ciudad], [Descripcion_Ciudad], [Estado], [IdProvincia], [IdUsuario], [Fecha_Transac], [IdUsuarioUltMod], [Fecha_UltMod], [IdUsuarioUltAnu], [Fecha_UltAnu], [MotivoAnula], [nom_pc], [ip]) VALUES (N'54', N'SALVA_01', N'EL SALVADOR123', N'A', N'27', NULL, NULL, NULL, NULL, NULL, NULL, NULL, NULL, NULL)
INSERT [dbo].[fa_catalogo_tipo] ([IdCatalogo_tipo], [Descripcion], [Estado]) VALUES (1, N'Estados Fabricacion Pedidos', N'A')
INSERT [dbo].[fa_catalogo_tipo] ([IdCatalogo_tipo], [Descripcion], [Estado]) VALUES (2, N'Causales Modificacion y Anulacion Pedido', N'A')
INSERT [dbo].[fa_catalogo_tipo] ([IdCatalogo_tipo], [Descripcion], [Estado]) VALUES (3, N'Tipos De Contabilizacion Factura', N'A')
INSERT [dbo].[fa_catalogo_tipo] ([IdCatalogo_tipo], [Descripcion], [Estado]) VALUES (4, N'Tipo de Cliente', N'A')
INSERT [dbo].[fa_catalogo_tipo] ([IdCatalogo_tipo], [Descripcion], [Estado]) VALUES (5, N'Actividad Comercial', N'A')
INSERT [dbo].[fa_catalogo_tipo] ([IdCatalogo_tipo], [Descripcion], [Estado]) VALUES (6, N'Motivo de Venta', N'A')
INSERT [dbo].[fa_catalogo_tipo] ([IdCatalogo_tipo], [Descripcion], [Estado]) VALUES (7, N'Naturaleza del Producto', N'A')
INSERT [dbo].[fa_catalogo_tipo] ([IdCatalogo_tipo], [Descripcion], [Estado]) VALUES (8, N'Tipo de Documentos Ventas', N'A')
INSERT [dbo].[fa_catalogo_tipo] ([IdCatalogo_tipo], [Descripcion], [Estado]) VALUES (9, N'Estado registro de unidades', N'A')
INSERT [dbo].[fa_catalogo_tipo] ([IdCatalogo_tipo], [Descripcion], [Estado]) VALUES (10, N'Estado de facturacion', N'A')
INSERT [dbo].[fa_catalogo_tipo] ([IdCatalogo_tipo], [Descripcion], [Estado]) VALUES (11, N'Estado de vigencia de tarifario', N'A')
INSERT [dbo].[fa_catalogo_tipo] ([IdCatalogo_tipo], [Descripcion], [Estado]) VALUES (12, N'Naturaleza Nota', N'A')
INSERT [dbo].[fa_catalogo_tipo] ([IdCatalogo_tipo], [Descripcion], [Estado]) VALUES (13, N'Tipo aplicacion ganancia', N'A')
INSERT [dbo].[fa_catalogo_tipo] ([IdCatalogo_tipo], [Descripcion], [Estado]) VALUES (14, N'MOTIVO DE TRASTALDO', N'A')
INSERT [dbo].[fa_catalogo_tipo] ([IdCatalogo_tipo], [Descripcion], [Estado]) VALUES (15, N'Forma de pago', N'A')
INSERT [dbo].[fa_catalogo] ([IdCatalogo], [IdCatalogo_tipo], [Nombre], [Estado], [Abrebiatura], [NombreIngles], [Orden], [IdUsuario], [IdUsuarioUltMod], [FechaUltMod], [nom_pc], [ip], [IdUsuarioUltAnu], [Fecha_UltAnu], [MotiAnula]) VALUES (N'001', 1, N'Fabricado', N'I', NULL, NULL, 1, N'SYS', N'SYS', NULL, N'SYS', N'SYS', NULL, NULL, NULL)
INSERT [dbo].[fa_catalogo] ([IdCatalogo], [IdCatalogo_tipo], [Nombre], [Estado], [Abrebiatura], [NombreIngles], [Orden], [IdUsuario], [IdUsuarioUltMod], [FechaUltMod], [nom_pc], [ip], [IdUsuarioUltAnu], [Fecha_UltAnu], [MotiAnula]) VALUES (N'0012', 1, N'Pedido Actualizado', N'I', NULL, NULL, 2, NULL, NULL, NULL, NULL, NULL, NULL, NULL, NULL)
INSERT [dbo].[fa_catalogo] ([IdCatalogo], [IdCatalogo_tipo], [Nombre], [Estado], [Abrebiatura], [NombreIngles], [Orden], [IdUsuario], [IdUsuarioUltMod], [FechaUltMod], [nom_pc], [ip], [IdUsuarioUltAnu], [Fecha_UltAnu], [MotiAnula]) VALUES (N'002', 2, N'Demora en despachos', N'A', NULL, NULL, 3, N'SYS', N'admin', null, N'SYS', N'SYS', NULL, NULL, NULL)
INSERT [dbo].[fa_catalogo] ([IdCatalogo], [IdCatalogo_tipo], [Nombre], [Estado], [Abrebiatura], [NombreIngles], [Orden], [IdUsuario], [IdUsuarioUltMod], [FechaUltMod], [nom_pc], [ip], [IdUsuarioUltAnu], [Fecha_UltAnu], [MotiAnula]) VALUES (N'003', 1, N'Por Fabricar', N'I', NULL, NULL, 2, N'SYS', N'SYS', NULL, N'SYS', N'SYS', NULL, NULL, NULL)
INSERT [dbo].[fa_catalogo] ([IdCatalogo], [IdCatalogo_tipo], [Nombre], [Estado], [Abrebiatura], [NombreIngles], [Orden], [IdUsuario], [IdUsuarioUltMod], [FechaUltMod], [nom_pc], [ip], [IdUsuarioUltAnu], [Fecha_UltAnu], [MotiAnula]) VALUES (N'004', 2, N'Deudas / Ch. Protestado', N'A', NULL, NULL, 2, N'SYS', N'SYS', NULL, N'SYS', N'SYS', NULL, NULL, NULL)
INSERT [dbo].[fa_catalogo] ([IdCatalogo], [IdCatalogo_tipo], [Nombre], [Estado], [Abrebiatura], [NombreIngles], [Orden], [IdUsuario], [IdUsuarioUltMod], [FechaUltMod], [nom_pc], [ip], [IdUsuarioUltAnu], [Fecha_UltAnu], [MotiAnula]) VALUES (N'005', 2, N'Diferencia de inventarios', N'A', NULL, NULL, 3, N'SYS', N'SYS', NULL, N'SYS', N'SYS', NULL, NULL, NULL)
INSERT [dbo].[fa_catalogo] ([IdCatalogo], [IdCatalogo_tipo], [Nombre], [Estado], [Abrebiatura], [NombreIngles], [Orden], [IdUsuario], [IdUsuarioUltMod], [FechaUltMod], [nom_pc], [ip], [IdUsuarioUltAnu], [Fecha_UltAnu], [MotiAnula]) VALUES (N'006', 2, N'Diferencias de precio', N'A', NULL, NULL, 4, N'SYS', N'SYS', NULL, N'SYS', N'SYS', NULL, NULL, NULL)
INSERT [dbo].[fa_catalogo] ([IdCatalogo], [IdCatalogo_tipo], [Nombre], [Estado], [Abrebiatura], [NombreIngles], [Orden], [IdUsuario], [IdUsuarioUltMod], [FechaUltMod], [nom_pc], [ip], [IdUsuarioUltAnu], [Fecha_UltAnu], [MotiAnula]) VALUES (N'0069', 1, N'Datos de Fabricas', N'I', NULL, NULL, 2, N'admin', N'admin', null, N'DESARROLLO', N'192.168.1.43', N'admin', NULL, N'Registro anulado')
INSERT [dbo].[fa_catalogo] ([IdCatalogo], [IdCatalogo_tipo], [Nombre], [Estado], [Abrebiatura], [NombreIngles], [Orden], [IdUsuario], [IdUsuarioUltMod], [FechaUltMod], [nom_pc], [ip], [IdUsuarioUltAnu], [Fecha_UltAnu], [MotiAnula]) VALUES (N'007', 2, N'Error de digitacion', N'A', NULL, NULL, 5, N'SYS', N'SYS', NULL, N'SYS', N'SYS', NULL, NULL, NULL)
INSERT [dbo].[fa_catalogo] ([IdCatalogo], [IdCatalogo_tipo], [Nombre], [Estado], [Abrebiatura], [NombreIngles], [Orden], [IdUsuario], [IdUsuarioUltMod], [FechaUltMod], [nom_pc], [ip], [IdUsuarioUltAnu], [Fecha_UltAnu], [MotiAnula]) VALUES (N'0070', 2, N'Demora en segundo despacho', N'I', NULL, NULL, 0, N'admin', NULL, NULL, N'DESARROLLO', N'192.168.1.43', N'admin', NULL, N'por anulacion')
INSERT [dbo].[fa_catalogo] ([IdCatalogo], [IdCatalogo_tipo], [Nombre], [Estado], [Abrebiatura], [NombreIngles], [Orden], [IdUsuario], [IdUsuarioUltMod], [FechaUltMod], [nom_pc], [ip], [IdUsuarioUltAnu], [Fecha_UltAnu], [MotiAnula]) VALUES (N'0071', 1, N'EMN', N'I', NULL, NULL, 3, N'KZAMBRANO', N'KZAMBRANO', null, N'LYANZA', N'192.168.50.1', N'KZAMBRANO', null, N'LKGBMN')
INSERT [dbo].[fa_catalogo] ([IdCatalogo], [IdCatalogo_tipo], [Nombre], [Estado], [Abrebiatura], [NombreIngles], [Orden], [IdUsuario], [IdUsuarioUltMod], [FechaUltMod], [nom_pc], [ip], [IdUsuarioUltAnu], [Fecha_UltAnu], [MotiAnula]) VALUES (N'0072', 2, N'ABC', N'I', NULL, NULL, 0, N'KZAMBRANO', N'KZAMBRANO', null, N'LYANZA', N'192.168.50.1', N'KZAMBRANO', null, N'JÑLMXC')
INSERT [dbo].[fa_catalogo] ([IdCatalogo], [IdCatalogo_tipo], [Nombre], [Estado], [Abrebiatura], [NombreIngles], [Orden], [IdUsuario], [IdUsuarioUltMod], [FechaUltMod], [nom_pc], [ip], [IdUsuarioUltAnu], [Fecha_UltAnu], [MotiAnula]) VALUES (N'0073', 3, N'POR FECHA', N'A', NULL, NULL, 0, N'KZAMBRANO', NULL, NULL, N'LYANZA', N'192.168.50.1', NULL, NULL, NULL)
INSERT [dbo].[fa_catalogo] ([IdCatalogo], [IdCatalogo_tipo], [Nombre], [Estado], [Abrebiatura], [NombreIngles], [Orden], [IdUsuario], [IdUsuarioUltMod], [FechaUltMod], [nom_pc], [ip], [IdUsuarioUltAnu], [Fecha_UltAnu], [MotiAnula]) VALUES (N'0074', 4, N'NATURAL', N'I', NULL, NULL, 0, N'KZAMBRANO', NULL, NULL, N'LYANZA', N'192.168.50.1', N'KZAMBRANO', null, N'ZXCV')
INSERT [dbo].[fa_catalogo] ([IdCatalogo], [IdCatalogo_tipo], [Nombre], [Estado], [Abrebiatura], [NombreIngles], [Orden], [IdUsuario], [IdUsuarioUltMod], [FechaUltMod], [nom_pc], [ip], [IdUsuarioUltAnu], [Fecha_UltAnu], [MotiAnula]) VALUES (N'0075', 5, N'CLIEN', N'I', NULL, NULL, 0, N'KZAMBRANO', NULL, NULL, N'LYANZA', N'192.168.50.1', N'KZAMBRANO', null, N'DFGH')
INSERT [dbo].[fa_catalogo] ([IdCatalogo], [IdCatalogo_tipo], [Nombre], [Estado], [Abrebiatura], [NombreIngles], [Orden], [IdUsuario], [IdUsuarioUltMod], [FechaUltMod], [nom_pc], [ip], [IdUsuarioUltAnu], [Fecha_UltAnu], [MotiAnula]) VALUES (N'0076', 6, N'FABRICADO', N'I', NULL, NULL, 0, N'KZAMBRANO', NULL, NULL, N'LYANZA', N'192.168.50.1', N'KZAMBRANO', null, N'M')
INSERT [dbo].[fa_catalogo] ([IdCatalogo], [IdCatalogo_tipo], [Nombre], [Estado], [Abrebiatura], [NombreIngles], [Orden], [IdUsuario], [IdUsuarioUltMod], [FechaUltMod], [nom_pc], [ip], [IdUsuarioUltAnu], [Fecha_UltAnu], [MotiAnula]) VALUES (N'0077', 8, N'NOTA D', N'I', NULL, NULL, 0, N'KZAMBRANO', N'KZAMBRANO', null, N'LYANZA', N'192.168.50.1', N'KZAMBRANO', null, N'XBNV')
INSERT [dbo].[fa_catalogo] ([IdCatalogo], [IdCatalogo_tipo], [Nombre], [Estado], [Abrebiatura], [NombreIngles], [Orden], [IdUsuario], [IdUsuarioUltMod], [FechaUltMod], [nom_pc], [ip], [IdUsuarioUltAnu], [Fecha_UltAnu], [MotiAnula]) VALUES (N'0078', 1, N'EN PROCESO DE FABRICACIÒN', N'A', NULL, NULL, 0, N'KZAMBRANO', NULL, NULL, N'LYANZA', N'192.168.50.1', NULL, NULL, NULL)
INSERT [dbo].[fa_catalogo] ([IdCatalogo], [IdCatalogo_tipo], [Nombre], [Estado], [Abrebiatura], [NombreIngles], [Orden], [IdUsuario], [IdUsuarioUltMod], [FechaUltMod], [nom_pc], [ip], [IdUsuarioUltAnu], [Fecha_UltAnu], [MotiAnula]) VALUES (N'008', 2, N'Insuficiencia de stock', N'A', NULL, NULL, 6, N'SYS', N'SYS', NULL, N'SYS', N'SYS', NULL, NULL, NULL)
INSERT [dbo].[fa_catalogo] ([IdCatalogo], [IdCatalogo_tipo], [Nombre], [Estado], [Abrebiatura], [NombreIngles], [Orden], [IdUsuario], [IdUsuarioUltMod], [FechaUltMod], [nom_pc], [ip], [IdUsuarioUltAnu], [Fecha_UltAnu], [MotiAnula]) VALUES (N'0080', 4, N'SERVICIOS', N'A', NULL, NULL, 0, N'admin', NULL, NULL, N'LYANZA', N'192.168.50.1', NULL, NULL, NULL)
INSERT [dbo].[fa_catalogo] ([IdCatalogo], [IdCatalogo_tipo], [Nombre], [Estado], [Abrebiatura], [NombreIngles], [Orden], [IdUsuario], [IdUsuarioUltMod], [FechaUltMod], [nom_pc], [ip], [IdUsuarioUltAnu], [Fecha_UltAnu], [MotiAnula]) VALUES (N'0081', 6, N'SERVICIOS', N'A', NULL, NULL, 0, N'admin', NULL, NULL, N'LYANZA', N'192.168.50.1', NULL, NULL, NULL)
INSERT [dbo].[fa_catalogo] ([IdCatalogo], [IdCatalogo_tipo], [Nombre], [Estado], [Abrebiatura], [NombreIngles], [Orden], [IdUsuario], [IdUsuarioUltMod], [FechaUltMod], [nom_pc], [ip], [IdUsuarioUltAnu], [Fecha_UltAnu], [MotiAnula]) VALUES (N'0082', 9, N'Abierto', N'A', NULL, NULL, 0, N'admin', NULL, NULL, N'LYANZA', N'192.168.50.1', NULL, NULL, NULL)
INSERT [dbo].[fa_catalogo] ([IdCatalogo], [IdCatalogo_tipo], [Nombre], [Estado], [Abrebiatura], [NombreIngles], [Orden], [IdUsuario], [IdUsuarioUltMod], [FechaUltMod], [nom_pc], [ip], [IdUsuarioUltAnu], [Fecha_UltAnu], [MotiAnula]) VALUES (N'0083', 9, N'Cerrado', N'A', NULL, NULL, 0, N'admin', NULL, NULL, N'LYANZA', N'192.168.50.1', NULL, NULL, NULL)
INSERT [dbo].[fa_catalogo] ([IdCatalogo], [IdCatalogo_tipo], [Nombre], [Estado], [Abrebiatura], [NombreIngles], [Orden], [IdUsuario], [IdUsuarioUltMod], [FechaUltMod], [nom_pc], [ip], [IdUsuarioUltAnu], [Fecha_UltAnu], [MotiAnula]) VALUES (N'009', 2, N'Solicitud del cliente', N'A', NULL, NULL, 7, N'SYS', N'SYS', NULL, N'SYS', N'SYS', NULL, NULL, NULL)
INSERT [dbo].[fa_catalogo] ([IdCatalogo], [IdCatalogo_tipo], [Nombre], [Estado], [Abrebiatura], [NombreIngles], [Orden], [IdUsuario], [IdUsuarioUltMod], [FechaUltMod], [nom_pc], [ip], [IdUsuarioUltAnu], [Fecha_UltAnu], [MotiAnula]) VALUES (N'010', 3, N'Por Sucursal', N'A', NULL, NULL, 1, NULL, NULL, NULL, NULL, NULL, NULL, NULL, NULL)
INSERT [dbo].[fa_catalogo] ([IdCatalogo], [IdCatalogo_tipo], [Nombre], [Estado], [Abrebiatura], [NombreIngles], [Orden], [IdUsuario], [IdUsuarioUltMod], [FechaUltMod], [nom_pc], [ip], [IdUsuarioUltAnu], [Fecha_UltAnu], [MotiAnula]) VALUES (N'011', 3, N'Por Categoria', N'A', NULL, NULL, 2, NULL, NULL, NULL, NULL, NULL, NULL, NULL, NULL)
INSERT [dbo].[fa_catalogo] ([IdCatalogo], [IdCatalogo_tipo], [Nombre], [Estado], [Abrebiatura], [NombreIngles], [Orden], [IdUsuario], [IdUsuarioUltMod], [FechaUltMod], [nom_pc], [ip], [IdUsuarioUltAnu], [Fecha_UltAnu], [MotiAnula]) VALUES (N'68', 1, N'por fabricar 27', N'A', NULL, NULL, 1, NULL, N'admin', NULL, NULL, NULL, NULL, NULL, NULL)
INSERT [dbo].[fa_catalogo] ([IdCatalogo], [IdCatalogo_tipo], [Nombre], [Estado], [Abrebiatura], [NombreIngles], [Orden], [IdUsuario], [IdUsuarioUltMod], [FechaUltMod], [nom_pc], [ip], [IdUsuarioUltAnu], [Fecha_UltAnu], [MotiAnula]) VALUES (N'CRE', 15, N'CREDITO', N'A', NULL, NULL, 1, NULL, NULL, NULL, NULL, NULL, NULL, NULL, NULL)
INSERT [dbo].[fa_catalogo] ([IdCatalogo], [IdCatalogo_tipo], [Nombre], [Estado], [Abrebiatura], [NombreIngles], [Orden], [IdUsuario], [IdUsuarioUltMod], [FechaUltMod], [nom_pc], [ip], [IdUsuarioUltAnu], [Fecha_UltAnu], [MotiAnula]) VALUES (N'DIST', 4, N'Distribuidor', N'A', NULL, NULL, NULL, NULL, NULL, NULL, NULL, NULL, NULL, NULL, NULL)
INSERT [dbo].[fa_catalogo] ([IdCatalogo], [IdCatalogo_tipo], [Nombre], [Estado], [Abrebiatura], [NombreIngles], [Orden], [IdUsuario], [IdUsuarioUltMod], [FechaUltMod], [nom_pc], [ip], [IdUsuarioUltAnu], [Fecha_UltAnu], [MotiAnula]) VALUES (N'EFEC', 15, N'EFECTIVO', N'A', NULL, NULL, 0, NULL, NULL, NULL, NULL, NULL, NULL, NULL, NULL)
INSERT [dbo].[fa_catalogo] ([IdCatalogo], [IdCatalogo_tipo], [Nombre], [Estado], [Abrebiatura], [NombreIngles], [Orden], [IdUsuario], [IdUsuarioUltMod], [FechaUltMod], [nom_pc], [ip], [IdUsuarioUltAnu], [Fecha_UltAnu], [MotiAnula]) VALUES (N'EST_FAC_FACTU', 10, N'Facturado', N'A', NULL, NULL, 0, N'admin', NULL, NULL, N'LYANZA', N'192.168.50.1', NULL, NULL, NULL)
INSERT [dbo].[fa_catalogo] ([IdCatalogo], [IdCatalogo_tipo], [Nombre], [Estado], [Abrebiatura], [NombreIngles], [Orden], [IdUsuario], [IdUsuarioUltMod], [FechaUltMod], [nom_pc], [ip], [IdUsuarioUltAnu], [Fecha_UltAnu], [MotiAnula]) VALUES (N'EST_FAC_PENDI', 10, N'Pendiente', N'A', NULL, NULL, 0, N'admin', NULL, NULL, N'LYANZA', N'192.168.50.1', NULL, NULL, NULL)
INSERT [dbo].[fa_catalogo] ([IdCatalogo], [IdCatalogo_tipo], [Nombre], [Estado], [Abrebiatura], [NombreIngles], [Orden], [IdUsuario], [IdUsuarioUltMod], [FechaUltMod], [nom_pc], [ip], [IdUsuarioUltAnu], [Fecha_UltAnu], [MotiAnula]) VALUES (N'EST_VIG_NOVIGEN', 11, N'No vigente', N'A', NULL, NULL, 0, N'admin', NULL, NULL, N'LYANZA', N'192.168.50.1', NULL, NULL, NULL)
INSERT [dbo].[fa_catalogo] ([IdCatalogo], [IdCatalogo_tipo], [Nombre], [Estado], [Abrebiatura], [NombreIngles], [Orden], [IdUsuario], [IdUsuarioUltMod], [FechaUltMod], [nom_pc], [ip], [IdUsuarioUltAnu], [Fecha_UltAnu], [MotiAnula]) VALUES (N'EST_VIG_VIGENTE', 11, N'Vigente', N'A', NULL, NULL, 0, N'admin', NULL, NULL, N'LYANZA', N'192.168.50.1', NULL, NULL, NULL)
INSERT [dbo].[fa_catalogo] ([IdCatalogo], [IdCatalogo_tipo], [Nombre], [Estado], [Abrebiatura], [NombreIngles], [Orden], [IdUsuario], [IdUsuarioUltMod], [FechaUltMod], [nom_pc], [ip], [IdUsuarioUltAnu], [Fecha_UltAnu], [MotiAnula]) VALUES (N'Fabri', 6, N'Por Fabricar', N'A', NULL, NULL, 0, NULL, N'KZAMBRANO', null, NULL, NULL, NULL, NULL, NULL)
INSERT [dbo].[fa_catalogo] ([IdCatalogo], [IdCatalogo_tipo], [Nombre], [Estado], [Abrebiatura], [NombreIngles], [Orden], [IdUsuario], [IdUsuarioUltMod], [FechaUltMod], [nom_pc], [ip], [IdUsuarioUltAnu], [Fecha_UltAnu], [MotiAnula]) VALUES (N'FACT', 8, N'FACTURA', N'A', NULL, NULL, 0, NULL, N'admin',null, NULL, NULL, NULL, NULL, NULL)
INSERT [dbo].[fa_catalogo] ([IdCatalogo], [IdCatalogo_tipo], [Nombre], [Estado], [Abrebiatura], [NombreIngles], [Orden], [IdUsuario], [IdUsuarioUltMod], [FechaUltMod], [nom_pc], [ip], [IdUsuarioUltAnu], [Fecha_UltAnu], [MotiAnula]) VALUES (N'INT', 12, N'Notas Internas', N'A', NULL, NULL, NULL, NULL, NULL, NULL, NULL, NULL, NULL, NULL, NULL)
INSERT [dbo].[fa_catalogo] ([IdCatalogo], [IdCatalogo_tipo], [Nombre], [Estado], [Abrebiatura], [NombreIngles], [Orden], [IdUsuario], [IdUsuarioUltMod], [FechaUltMod], [nom_pc], [ip], [IdUsuarioUltAnu], [Fecha_UltAnu], [MotiAnula]) VALUES (N'NOR', 4, N'Normal', N'A', NULL, NULL, 1, NULL, N'admin', null, NULL, NULL, NULL, NULL, NULL)
INSERT [dbo].[fa_catalogo] ([IdCatalogo], [IdCatalogo_tipo], [Nombre], [Estado], [Abrebiatura], [NombreIngles], [Orden], [IdUsuario], [IdUsuarioUltMod], [FechaUltMod], [nom_pc], [ip], [IdUsuarioUltAnu], [Fecha_UltAnu], [MotiAnula]) VALUES (N'NORM', 5, N'Normales', N'A', NULL, NULL, 0, NULL, N'admin', null, NULL, NULL, NULL, NULL, NULL)
INSERT [dbo].[fa_catalogo] ([IdCatalogo], [IdCatalogo_tipo], [Nombre], [Estado], [Abrebiatura], [NombreIngles], [Orden], [IdUsuario], [IdUsuarioUltMod], [FechaUltMod], [nom_pc], [ip], [IdUsuarioUltAnu], [Fecha_UltAnu], [MotiAnula]) VALUES (N'NTCR', 8, N'Nota de Credito', N'A', NULL, NULL, NULL, NULL, NULL, NULL, NULL, NULL, NULL, NULL, NULL)
INSERT [dbo].[fa_catalogo] ([IdCatalogo], [IdCatalogo_tipo], [Nombre], [Estado], [Abrebiatura], [NombreIngles], [Orden], [IdUsuario], [IdUsuarioUltMod], [FechaUltMod], [nom_pc], [ip], [IdUsuarioUltAnu], [Fecha_UltAnu], [MotiAnula]) VALUES (N'NTDB', 8, N'Nota de Debito', N'A', NULL, NULL, NULL, NULL, NULL, NULL, NULL, NULL, NULL, NULL, NULL)
INSERT [dbo].[fa_catalogo] ([IdCatalogo], [IdCatalogo_tipo], [Nombre], [Estado], [Abrebiatura], [NombreIngles], [Orden], [IdUsuario], [IdUsuarioUltMod], [FechaUltMod], [nom_pc], [ip], [IdUsuarioUltAnu], [Fecha_UltAnu], [MotiAnula]) VALUES (N'NTVTA', 8, N'Nota de Venta', N'A', NULL, NULL, 0, NULL, N'KZAMBRANO', null, NULL, NULL, NULL, NULL, NULL)
INSERT [dbo].[fa_catalogo] ([IdCatalogo], [IdCatalogo_tipo], [Nombre], [Estado], [Abrebiatura], [NombreIngles], [Orden], [IdUsuario], [IdUsuarioUltMod], [FechaUltMod], [nom_pc], [ip], [IdUsuarioUltAnu], [Fecha_UltAnu], [MotiAnula]) VALUES (N'PRD_X_ACFIJ', 7, N'Por Activo Fijo', N'A', NULL, NULL, 0, NULL, NULL, NULL, NULL, NULL, NULL, NULL, NULL)
INSERT [dbo].[fa_catalogo] ([IdCatalogo], [IdCatalogo_tipo], [Nombre], [Estado], [Abrebiatura], [NombreIngles], [Orden], [IdUsuario], [IdUsuarioUltMod], [FechaUltMod], [nom_pc], [ip], [IdUsuarioUltAnu], [Fecha_UltAnu], [MotiAnula]) VALUES (N'PRD_X_COMPRA', 7, N'Para la Compra', N'A', NULL, NULL, NULL, NULL, NULL, NULL, NULL, NULL, NULL, NULL, NULL)
INSERT [dbo].[fa_catalogo] ([IdCatalogo], [IdCatalogo_tipo], [Nombre], [Estado], [Abrebiatura], [NombreIngles], [Orden], [IdUsuario], [IdUsuarioUltMod], [FechaUltMod], [nom_pc], [ip], [IdUsuarioUltAnu], [Fecha_UltAnu], [MotiAnula]) VALUES (N'PRD_X_TODO', 7, N'Para Todos los Usos', N'A', NULL, NULL, NULL, NULL, NULL, NULL, NULL, NULL, NULL, NULL, NULL)
INSERT [dbo].[fa_catalogo] ([IdCatalogo], [IdCatalogo_tipo], [Nombre], [Estado], [Abrebiatura], [NombreIngles], [Orden], [IdUsuario], [IdUsuarioUltMod], [FechaUltMod], [nom_pc], [ip], [IdUsuarioUltAnu], [Fecha_UltAnu], [MotiAnula]) VALUES (N'PRD_X_VENT', 7, N'Para la Venta', N'A', NULL, NULL, 0, NULL, N'KZAMBRANO', null, NULL, NULL, NULL, NULL, NULL)
INSERT [dbo].[fa_catalogo] ([IdCatalogo], [IdCatalogo_tipo], [Nombre], [Estado], [Abrebiatura], [NombreIngles], [Orden], [IdUsuario], [IdUsuarioUltMod], [FechaUltMod], [nom_pc], [ip], [IdUsuarioUltAnu], [Fecha_UltAnu], [MotiAnula]) VALUES (N'SRI', 12, N'Notas SRI', N'A', NULL, NULL, NULL, NULL, NULL, NULL, NULL, NULL, NULL, NULL, NULL)
INSERT [dbo].[fa_catalogo] ([IdCatalogo], [IdCatalogo_tipo], [Nombre], [Estado], [Abrebiatura], [NombreIngles], [Orden], [IdUsuario], [IdUsuarioUltMod], [FechaUltMod], [nom_pc], [ip], [IdUsuarioUltAnu], [Fecha_UltAnu], [MotiAnula]) VALUES (N'TARCRE', 15, N'TARJETA DE CREDITO', N'A', NULL, NULL, 2, NULL, NULL, NULL, NULL, NULL, NULL, NULL, NULL)
INSERT [dbo].[fa_catalogo] ([IdCatalogo], [IdCatalogo_tipo], [Nombre], [Estado], [Abrebiatura], [NombreIngles], [Orden], [IdUsuario], [IdUsuarioUltMod], [FechaUltMod], [nom_pc], [ip], [IdUsuarioUltAnu], [Fecha_UltAnu], [MotiAnula]) VALUES (N'TARDEB', 15, N'TARJETA DE DEBITO', N'A', NULL, NULL, 3, NULL, NULL, NULL, NULL, NULL, NULL, NULL, NULL)
INSERT [dbo].[fa_catalogo] ([IdCatalogo], [IdCatalogo_tipo], [Nombre], [Estado], [Abrebiatura], [NombreIngles], [Orden], [IdUsuario], [IdUsuarioUltMod], [FechaUltMod], [nom_pc], [ip], [IdUsuarioUltAnu], [Fecha_UltAnu], [MotiAnula]) VALUES (N'TRAS', 14, N'TRASLADO POR VENTAS', N'A', N'TRAS', NULL, 1, NULL, NULL, NULL, NULL, NULL, NULL, NULL, NULL)
INSERT [dbo].[fa_catalogo] ([IdCatalogo], [IdCatalogo_tipo], [Nombre], [Estado], [Abrebiatura], [NombreIngles], [Orden], [IdUsuario], [IdUsuarioUltMod], [FechaUltMod], [nom_pc], [ip], [IdUsuarioUltAnu], [Fecha_UltAnu], [MotiAnula]) VALUES (N'X_ACTIVO', 13, N'X ACTIVO', N'A', NULL, NULL, NULL, NULL, NULL, NULL, NULL, NULL, NULL, NULL, NULL)
INSERT [dbo].[fa_catalogo] ([IdCatalogo], [IdCatalogo_tipo], [Nombre], [Estado], [Abrebiatura], [NombreIngles], [Orden], [IdUsuario], [IdUsuarioUltMod], [FechaUltMod], [nom_pc], [ip], [IdUsuarioUltAnu], [Fecha_UltAnu], [MotiAnula]) VALUES (N'X_SUBCENTRO', 13, N'X SUBCENTRO', N'A', NULL, NULL, NULL, NULL, NULL, NULL, NULL, NULL, NULL, NULL, NULL)
INSERT [dbo].[in_CatalogoTipo] ([IdCatalogo_tipo], [cod_Catalogo_tipo], [Descripcion], [Estado]) VALUES (1, N'EST_APROB', N'Estados Aprobacion', N'A')
INSERT [dbo].[in_CatalogoTipo] ([IdCatalogo_tipo], [cod_Catalogo_tipo], [Descripcion], [Estado]) VALUES (2, N'ZONA', N'Zonas', N'A')
INSERT [dbo].[in_CatalogoTipo] ([IdCatalogo_tipo], [cod_Catalogo_tipo], [Descripcion], [Estado]) VALUES (3, N'MOT_TRAS_BOD', N'Motivo de Traslado entre Bodegas', N'A')
INSERT [dbo].[in_CatalogoTipo] ([IdCatalogo_tipo], [cod_Catalogo_tipo], [Descripcion], [Estado]) VALUES (4, N'FECH_CONTA', N'Fecha para contabilización', N'A')
INSERT [dbo].[in_CatalogoTipo] ([IdCatalogo_tipo], [cod_Catalogo_tipo], [Descripcion], [Estado]) VALUES (5, N'EST_DESPA', N'Estado despacho', N'A')
INSERT [dbo].[in_CatalogoTipo] ([IdCatalogo_tipo], [cod_Catalogo_tipo], [Descripcion], [Estado]) VALUES (6, N'TIPO_CONTA_CTA', N'Tipo de Contabilizacion Cuentas', N'A')
INSERT [dbo].[in_CatalogoTipo] ([IdCatalogo_tipo], [cod_Catalogo_tipo], [Descripcion], [Estado]) VALUES (7, N'INVEN_O_CONSU', N'INVENTARIO O CONSUMO', N'A')
INSERT [dbo].[in_CatalogoTipo] ([IdCatalogo_tipo], [cod_Catalogo_tipo], [Descripcion], [Estado]) VALUES (8, N'ING_EGR', N'INGRESO O EGRESOS', N'A')
INSERT [dbo].[in_Catalogo] ([IdCatalogo], [IdCatalogo_tipo], [Nombre], [Estado], [Orden], [IdUsuario], [IdUsuarioUltMod], [FechaUltMod]) VALUES (N'3', 3, N'Transferecia de bodegas', N'A', 11, NULL, NULL, NULL)
INSERT [dbo].[in_Catalogo] ([IdCatalogo], [IdCatalogo_tipo], [Nombre], [Estado], [Orden], [IdUsuario], [IdUsuarioUltMod], [FechaUltMod]) VALUES (N'4', 3, N'Entrega de Productos', N'A', 12, NULL, NULL, NULL)
INSERT [dbo].[in_Catalogo] ([IdCatalogo], [IdCatalogo_tipo], [Nombre], [Estado], [Orden], [IdUsuario], [IdUsuarioUltMod], [FechaUltMod]) VALUES (N'APRO', 1, N'APROBADOO', N'A', 1, N'SYS', N'KZAMBRANO', null)
INSERT [dbo].[in_Catalogo] ([IdCatalogo], [IdCatalogo_tipo], [Nombre], [Estado], [Orden], [IdUsuario], [IdUsuarioUltMod], [FechaUltMod]) VALUES (N'C_CA_LI_GR_CC_S', 6, N'CATEGRORIA/LINEA/GRUPO/SUBGRUPO/CENTRO C/SUB CENTRO', N'A', 1, N'SYS', N'SYS', NULL)
INSERT [dbo].[in_Catalogo] ([IdCatalogo], [IdCatalogo_tipo], [Nombre], [Estado], [Orden], [IdUsuario], [IdUsuarioUltMod], [FechaUltMod]) VALUES (N'COMPRA', 3, N'COMPRA', N'A', 3, NULL, NULL, NULL)
INSERT [dbo].[in_Catalogo] ([IdCatalogo], [IdCatalogo_tipo], [Nombre], [Estado], [Orden], [IdUsuario], [IdUsuarioUltMod], [FechaUltMod]) VALUES (N'CONSIG', 3, N'CONSIGNACIÓN', N'A', 6, NULL, N'admin', null)
INSERT [dbo].[in_Catalogo] ([IdCatalogo], [IdCatalogo_tipo], [Nombre], [Estado], [Orden], [IdUsuario], [IdUsuarioUltMod], [FechaUltMod]) VALUES (N'CONT_X_BOD', 6, N'BODEGA', N'A', 1, N'SYS', N'SYS', NULL)
INSERT [dbo].[in_Catalogo] ([IdCatalogo], [IdCatalogo_tipo], [Nombre], [Estado], [Orden], [IdUsuario], [IdUsuarioUltMod], [FechaUltMod]) VALUES (N'CONT_X_CAT_LIN', 6, N'CATEGRORIA/LINEA/GRUPO/SUBGRUPO', N'A', 1, N'SYS', N'SYS', NULL)
INSERT [dbo].[in_Catalogo] ([IdCatalogo], [IdCatalogo_tipo], [Nombre], [Estado], [Orden], [IdUsuario], [IdUsuarioUltMod], [FechaUltMod]) VALUES (N'CONT_X_PRO_X_BD', 6, N'PRODUCTO X BODEGA', N'A', 1, N'SYS', N'SYS', NULL)
INSERT [dbo].[in_Catalogo] ([IdCatalogo], [IdCatalogo_tipo], [Nombre], [Estado], [Orden], [IdUsuario], [IdUsuarioUltMod], [FechaUltMod]) VALUES (N'DEVOL', 3, N'DEVOLUCIÓN', N'A', 5, NULL, N'admin', null)
INSERT [dbo].[in_Catalogo] ([IdCatalogo], [IdCatalogo_tipo], [Nombre], [Estado], [Orden], [IdUsuario], [IdUsuarioUltMod], [FechaUltMod]) VALUES (N'EGR', 8, N'EGRESOS', N'A', 1, N'SYS', N'SYS', NULL)
INSERT [dbo].[in_Catalogo] ([IdCatalogo], [IdCatalogo_tipo], [Nombre], [Estado], [Orden], [IdUsuario], [IdUsuarioUltMod], [FechaUltMod]) VALUES (N'EST_DES_DES', 5, N'DESPACHADO', N'A', 1, N'SYS', N'SYS', NULL)
INSERT [dbo].[in_Catalogo] ([IdCatalogo], [IdCatalogo_tipo], [Nombre], [Estado], [Orden], [IdUsuario], [IdUsuarioUltMod], [FechaUltMod]) VALUES (N'EST_DES_PEN', 5, N'PENDIENTE', N'A', 1, N'SYS', N'SYS', NULL)
INSERT [dbo].[in_Catalogo] ([IdCatalogo], [IdCatalogo_tipo], [Nombre], [Estado], [Orden], [IdUsuario], [IdUsuarioUltMod], [FechaUltMod]) VALUES (N'EXPOR', 3, N'EXPORTACIÓN', N'A', 9, NULL, N'admin', null)
INSERT [dbo].[in_Catalogo] ([IdCatalogo], [IdCatalogo_tipo], [Nombre], [Estado], [Orden], [IdUsuario], [IdUsuarioUltMod], [FechaUltMod]) VALUES (N'FEC_ACTUAL', 4, N'Fecha actual', N'A', 15, N'SYS', N'SYS', NULL)
INSERT [dbo].[in_Catalogo] ([IdCatalogo], [IdCatalogo_tipo], [Nombre], [Estado], [Orden], [IdUsuario], [IdUsuarioUltMod], [FechaUltMod]) VALUES (N'FEC_INGEGR', 4, N'Fecha ing. pre-aprobado', N'A', 16, N'SYS', N'SYS', NULL)
INSERT [dbo].[in_Catalogo] ([IdCatalogo], [IdCatalogo_tipo], [Nombre], [Estado], [Orden], [IdUsuario], [IdUsuarioUltMod], [FechaUltMod]) VALUES (N'IMPOR', 3, N'IMPORTACIÓN', N'A', 8, NULL, N'admin', null)
INSERT [dbo].[in_Catalogo] ([IdCatalogo], [IdCatalogo_tipo], [Nombre], [Estado], [Orden], [IdUsuario], [IdUsuarioUltMod], [FechaUltMod]) VALUES (N'ING', 8, N'INGRESOS', N'A', 1, N'SYS', N'SYS', NULL)
INSERT [dbo].[in_Catalogo] ([IdCatalogo], [IdCatalogo_tipo], [Nombre], [Estado], [Orden], [IdUsuario], [IdUsuarioUltMod], [FechaUltMod]) VALUES (N'OTROS', 3, N'OTROS', N'A', 10, NULL, NULL, NULL)
INSERT [dbo].[in_Catalogo] ([IdCatalogo], [IdCatalogo_tipo], [Nombre], [Estado], [Orden], [IdUsuario], [IdUsuarioUltMod], [FechaUltMod]) VALUES (N'REP', 1, N'REPROBADO', N'A', 13, NULL, N'admin', null)
INSERT [dbo].[in_Catalogo] ([IdCatalogo], [IdCatalogo_tipo], [Nombre], [Estado], [Orden], [IdUsuario], [IdUsuarioUltMod], [FechaUltMod]) VALUES (N'SZONA', 2, N'SUBZONA', N'A', 2, N'SYS', N'SYS', NULL)
INSERT [dbo].[in_Catalogo] ([IdCatalogo], [IdCatalogo_tipo], [Nombre], [Estado], [Orden], [IdUsuario], [IdUsuarioUltMod], [FechaUltMod]) VALUES (N'TIC_CONSU', 7, N'CONSUMO', N'A', 1, N'SYS', N'SYS', NULL)
INSERT [dbo].[in_Catalogo] ([IdCatalogo], [IdCatalogo_tipo], [Nombre], [Estado], [Orden], [IdUsuario], [IdUsuarioUltMod], [FechaUltMod]) VALUES (N'TIC_INVEN', 7, N'INVENTARIO', N'A', 1, N'SYS', N'SYS', NULL)
INSERT [dbo].[in_Catalogo] ([IdCatalogo], [IdCatalogo_tipo], [Nombre], [Estado], [Orden], [IdUsuario], [IdUsuarioUltMod], [FechaUltMod]) VALUES (N'TRANSFOR', 3, N'TRANSFORMACIÓN', N'A', 4, NULL, N'admin', null)
INSERT [dbo].[in_Catalogo] ([IdCatalogo], [IdCatalogo_tipo], [Nombre], [Estado], [Orden], [IdUsuario], [IdUsuarioUltMod], [FechaUltMod]) VALUES (N'TRAS_CV', 3, N'TRASLADO POR EMISIÓN DE ITINERANTE DE COMPROBANTE DE VENTA', N'A', 14, NULL, NULL, NULL)
INSERT [dbo].[in_Catalogo] ([IdCatalogo], [IdCatalogo_tipo], [Nombre], [Estado], [Orden], [IdUsuario], [IdUsuarioUltMod], [FechaUltMod]) VALUES (N'TRASL', 3, N'TRASLADO ENTRE ESTABLECIMIENTOS DE LA MISMA EMPRESA', N'A', 7, NULL, N'admin', null)
INSERT [dbo].[in_Catalogo] ([IdCatalogo], [IdCatalogo_tipo], [Nombre], [Estado], [Orden], [IdUsuario], [IdUsuarioUltMod], [FechaUltMod]) VALUES (N'VENTA', 3, N'VENTA', N'A', 2, NULL, NULL, NULL)
INSERT [dbo].[in_Catalogo] ([IdCatalogo], [IdCatalogo_tipo], [Nombre], [Estado], [Orden], [IdUsuario], [IdUsuarioUltMod], [FechaUltMod]) VALUES (N'XAPRO', 1, N'POR APROBAR', N'A', 2, N'SYS', N'SYS', NULL)
INSERT [dbo].[in_Catalogo] ([IdCatalogo], [IdCatalogo_tipo], [Nombre], [Estado], [Orden], [IdUsuario], [IdUsuarioUltMod], [FechaUltMod]) VALUES (N'ZONA', 2, N'ZONA', N'A', 1, N'SYS', N'SYS', NULL)
INSERT [dbo].[imp_catalogo_tipo] ([IdCatalogo_tipo], [ct_descripcion], [estado]) VALUES (1, N'TIPO EMBARQUE', 1)
INSERT [dbo].[imp_catalogo_tipo] ([IdCatalogo_tipo], [ct_descripcion], [estado]) VALUES (2, N'FORMAS DE PAGOS', 1)
INSERT [dbo].[imp_catalogo] ([IdCatalogo], [IdCatalogo_tipo], [ca_descripcion], [estado]) VALUES (1, 1, N'Aereo', 1)
INSERT [dbo].[imp_catalogo] ([IdCatalogo], [IdCatalogo_tipo], [ca_descripcion], [estado]) VALUES (2, 1, N'Terrestre', 1)
INSERT [dbo].[imp_catalogo] ([IdCatalogo], [IdCatalogo_tipo], [ca_descripcion], [estado]) VALUES (3, 1, N'Maritimo', 1)
INSERT [dbo].[imp_catalogo] ([IdCatalogo], [IdCatalogo_tipo], [ca_descripcion], [estado]) VALUES (4, 2, N'Carta de crédito', 1)
INSERT [dbo].[imp_catalogo] ([IdCatalogo], [IdCatalogo_tipo], [ca_descripcion], [estado]) VALUES (5, 2, N'Leasing', 1)
INSERT [dbo].[imp_catalogo] ([IdCatalogo], [IdCatalogo_tipo], [ca_descripcion], [estado]) VALUES (6, 2, N'Cobranza Bancaria', 1)
INSERT [dbo].[imp_catalogo] ([IdCatalogo], [IdCatalogo_tipo], [ca_descripcion], [estado]) VALUES (7, 2, N'Pago de contado', 1)
INSERT [dbo].[ba_Cbte_Ban_tipo] ([CodTipoCbteBan], [Descripcion], [Signo], [orden]) VALUES (N'CHEQ', N'CHEQUE', N'-', 1)
INSERT [dbo].[ba_Cbte_Ban_tipo] ([CodTipoCbteBan], [Descripcion], [Signo], [orden]) VALUES (N'DEPO', N'DEPOSITO', N'+', 2)
INSERT [dbo].[ba_Cbte_Ban_tipo] ([CodTipoCbteBan], [Descripcion], [Signo], [orden]) VALUES (N'NCBA', N'NOTA CREDITO BAN', N'+', 3)
INSERT [dbo].[ba_Cbte_Ban_tipo] ([CodTipoCbteBan], [Descripcion], [Signo], [orden]) VALUES (N'NDBA', N'NOTA DEBITO BAN', N'-', 4)
INSERT [dbo].[caj_catalogo] ([IdCatalogo_cj], [nom_Catalogo_cj], [IdCatalogo_cj_tipo]) VALUES (N'RECIB_CAJA', N'Recibo de Caja', N'cj_Tipo_Doc')
INSERT [dbo].[caj_catalogo] ([IdCatalogo_cj], [nom_Catalogo_cj], [IdCatalogo_cj_tipo]) VALUES (N'VALE_CAJA', N'Vale de Caja', N'cj_Tipo_Doc')
INSERT [dbo].[caj_catalogo_tipo] ([IdCatalogo_cj_tipo], [nom_IdCatalogo_cj_tipo]) VALUES (N'cj_Tipo_Doc', N'Tipo de  Documentos')
INSERT [dbo].[com_estado_cierre] ([IdEstado_cierre], [Descripcion], [estado], [Fecha_Transac], [Fecha_UltMod], [IdUsuarioUltMod], [FechaHoraAnul], [IdUsuarioUltAnu], [MotivoAnulacion]) VALUES (N'ABI', N'ABIERTA', N'A', NULL, CAST(N'2014-10-06 09:24:00.460' AS DateTime), N'hayauca', CAST(N'2014-10-06 09:23:22.970' AS DateTime), N'', N'')
INSERT [dbo].[com_estado_cierre] ([IdEstado_cierre], [Descripcion], [estado], [Fecha_Transac], [Fecha_UltMod], [IdUsuarioUltMod], [FechaHoraAnul], [IdUsuarioUltAnu], [MotivoAnulacion]) VALUES (N'CERR', N'CERRADA', N'A', NULL, NULL, NULL, NULL, NULL, NULL)
INSERT [dbo].[com_estado_cierre] ([IdEstado_cierre], [Descripcion], [estado], [Fecha_Transac], [Fecha_UltMod], [IdUsuarioUltMod], [FechaHoraAnul], [IdUsuarioUltAnu], [MotivoAnulacion]) VALUES (N'PEN', N'PENDIENTES', N'A', NULL, CAST(N'2015-03-10 08:45:02.903' AS DateTime), NULL, CAST(N'2015-03-10 08:44:53.147' AS DateTime), NULL, N'')
INSERT [dbo].[com_estado_cierre] ([IdEstado_cierre], [Descripcion], [estado], [Fecha_Transac], [Fecha_UltMod], [IdUsuarioUltMod], [FechaHoraAnul], [IdUsuarioUltAnu], [MotivoAnulacion]) VALUES (N'RES', N'RESUELTA', N'A', CAST(N'2015-03-10 08:45:52.810' AS DateTime), CAST(N'2015-03-10 08:46:08.080' AS DateTime), NULL, NULL, NULL, NULL)
INSERT [dbo].[cp_orden_pago_estado_aprob] ([IdEstadoAprobacion], [Descripcion]) VALUES (N'APRO', N'APROBADO')
INSERT [dbo].[cp_orden_pago_estado_aprob] ([IdEstadoAprobacion], [Descripcion]) VALUES (N'PENDI', N'PENDIENTE')
INSERT [dbo].[cp_orden_pago_estado_aprob] ([IdEstadoAprobacion], [Descripcion]) VALUES (N'REPRO', N'REPROBADO')
INSERT [dbo].[cp_orden_pago_tipo] ([IdTipo_op], [Descripcion], [Estado], [GeneraDiario]) VALUES (N'ANTI_EMPLE', N'Por Anticipo a Empleados', N'A', N'S')
INSERT [dbo].[cp_orden_pago_tipo] ([IdTipo_op], [Descripcion], [Estado], [GeneraDiario]) VALUES (N'ANTI_PROVEE', N'Por Anticipo a Proveedores', N'A', N'S')
INSERT [dbo].[cp_orden_pago_tipo] ([IdTipo_op], [Descripcion], [Estado], [GeneraDiario]) VALUES (N'FACT_PROVEE', N'Por cancelacion de Facturas /Proveedor', N'A', N'S')
INSERT [dbo].[cp_orden_pago_tipo] ([IdTipo_op], [Descripcion], [Estado], [GeneraDiario]) VALUES (N'LIQ_HAB', N'Por liquidación de haberes ex-empleados', N'A', N'S')
INSERT [dbo].[cp_orden_pago_tipo] ([IdTipo_op], [Descripcion], [Estado], [GeneraDiario]) VALUES (N'OTROS_CONC', N'Otros Conceptos', N'A', N'S')
INSERT [dbo].[cp_orden_pago_tipo] ([IdTipo_op], [Descripcion], [Estado], [GeneraDiario]) VALUES (N'PRESTAMOS', N'Prestamos Empleados', N'A', N'S')
INSERT [dbo].[cp_orden_pago_tipo] ([IdTipo_op], [Descripcion], [Estado], [GeneraDiario]) VALUES (N'VACACIONES', N'Por vacaciones a empleados', N'A', N'S')
INSERT [dbo].[cp_pagos_sri] ([formas_pago_sri], [codigo_pago_sri]) VALUES (N'SIN UTILIZACION DEL SISTEMA FINANCIERO', N'01')
INSERT [dbo].[cp_pagos_sri] ([formas_pago_sri], [codigo_pago_sri]) VALUES (N'CHEQUE PROPIO', N'02')
INSERT [dbo].[cp_pagos_sri] ([formas_pago_sri], [codigo_pago_sri]) VALUES (N'CHEQUE CERTIFICADO', N'03')
INSERT [dbo].[cp_pagos_sri] ([formas_pago_sri], [codigo_pago_sri]) VALUES (N'CHEQUE DE GERENCIA', N'04')
INSERT [dbo].[cp_pagos_sri] ([formas_pago_sri], [codigo_pago_sri]) VALUES (N'CHEQUE DEL EXTERIOR', N'05')
INSERT [dbo].[cp_pagos_sri] ([formas_pago_sri], [codigo_pago_sri]) VALUES (N'DÉBITO DE CUENTA', N'06')
INSERT [dbo].[cp_pagos_sri] ([formas_pago_sri], [codigo_pago_sri]) VALUES (N'TRANSFERENCIA PROPIO BANCO', N'07')
INSERT [dbo].[cp_pagos_sri] ([formas_pago_sri], [codigo_pago_sri]) VALUES (N'TRANSFERENCIA OTRO BANCO NACIONAL', N'08')
INSERT [dbo].[cp_pagos_sri] ([formas_pago_sri], [codigo_pago_sri]) VALUES (N'TRANSFERENCIA  BANCO EXTERIOR', N'09')
INSERT [dbo].[cp_pagos_sri] ([formas_pago_sri], [codigo_pago_sri]) VALUES (N'TARJETA DE CRÉDITO NACIONAL', N'10')
INSERT [dbo].[cp_pagos_sri] ([formas_pago_sri], [codigo_pago_sri]) VALUES (N'TARJETA DE CRÉDITO INTERNACIONAL', N'11')
INSERT [dbo].[cp_pagos_sri] ([formas_pago_sri], [codigo_pago_sri]) VALUES (N'GIRO', N'12')
INSERT [dbo].[cp_pagos_sri] ([formas_pago_sri], [codigo_pago_sri]) VALUES (N'DEPOSITO EN CUENTA (CORRIENTE/AHORROS)', N'13')
INSERT [dbo].[cp_pagos_sri] ([formas_pago_sri], [codigo_pago_sri]) VALUES (N'ENDOSO DE INVERSIÒN', N'14')
INSERT [dbo].[cp_pagos_sri] ([formas_pago_sri], [codigo_pago_sri]) VALUES (N'COMPENSACIÓN DE DEUDAS', N'15')
INSERT [dbo].[cp_pagos_sri] ([formas_pago_sri], [codigo_pago_sri]) VALUES (N'TARJETA DE DÉBITO', N'16')
INSERT [dbo].[cp_pagos_sri] ([formas_pago_sri], [codigo_pago_sri]) VALUES (N'DINERO ELECTRONICO', N'17')
INSERT [dbo].[cp_pagos_sri] ([formas_pago_sri], [codigo_pago_sri]) VALUES (N'TARJETA PREPAGO', N'18')
INSERT [dbo].[cp_pagos_sri] ([formas_pago_sri], [codigo_pago_sri]) VALUES (N'TARJETA CRÉDITO', N'19')
INSERT [dbo].[cp_pagos_sri] ([formas_pago_sri], [codigo_pago_sri]) VALUES (N'OTROS CON UTILIZACIÓN DEL SISTEMA FINANCIERO', N'20')
INSERT [dbo].[cp_pagos_sri] ([formas_pago_sri], [codigo_pago_sri]) VALUES (N'ENDOSO DE TÍTULOS', N'21')
INSERT [dbo].[cp_pais_sri] ([Codigo], [Pais]) VALUES (N'016', N'AMERICAN SAMOA')
INSERT [dbo].[cp_pais_sri] ([Codigo], [Pais]) VALUES (N'074', N'BOUVET ISLAND')
INSERT [dbo].[cp_pais_sri] ([Codigo], [Pais]) VALUES (N'101', N'ARGENTINA')
INSERT [dbo].[cp_pais_sri] ([Codigo], [Pais]) VALUES (N'102', N'BOLIVIA')
INSERT [dbo].[cp_pais_sri] ([Codigo], [Pais]) VALUES (N'103', N'BRASIL')
INSERT [dbo].[cp_pais_sri] ([Codigo], [Pais]) VALUES (N'104', N'CANADA')
INSERT [dbo].[cp_pais_sri] ([Codigo], [Pais]) VALUES (N'105', N'COLOMBIA')
INSERT [dbo].[cp_pais_sri] ([Codigo], [Pais]) VALUES (N'106', N'COSTA RICA')
INSERT [dbo].[cp_pais_sri] ([Codigo], [Pais]) VALUES (N'107', N'CUBA')
INSERT [dbo].[cp_pais_sri] ([Codigo], [Pais]) VALUES (N'108', N'CHILE')
INSERT [dbo].[cp_pais_sri] ([Codigo], [Pais]) VALUES (N'109', N'ANGUILA')
INSERT [dbo].[cp_pais_sri] ([Codigo], [Pais]) VALUES (N'110', N'ESTADOS UNIDOS')
INSERT [dbo].[cp_pais_sri] ([Codigo], [Pais]) VALUES (N'111', N'GUATEMALA')
INSERT [dbo].[cp_pais_sri] ([Codigo], [Pais]) VALUES (N'112', N'HAITI')
INSERT [dbo].[cp_pais_sri] ([Codigo], [Pais]) VALUES (N'113', N'HONDURAS')
INSERT [dbo].[cp_pais_sri] ([Codigo], [Pais]) VALUES (N'114', N'JAMAICA')
INSERT [dbo].[cp_pais_sri] ([Codigo], [Pais]) VALUES (N'115', N'MALVINAS  ISLAS')
INSERT [dbo].[cp_pais_sri] ([Codigo], [Pais]) VALUES (N'116', N'MEXICO')
INSERT [dbo].[cp_pais_sri] ([Codigo], [Pais]) VALUES (N'117', N'NICARAGUA')
INSERT [dbo].[cp_pais_sri] ([Codigo], [Pais]) VALUES (N'118', N'PANAMA')
INSERT [dbo].[cp_pais_sri] ([Codigo], [Pais]) VALUES (N'119', N'PARAGUAY')
INSERT [dbo].[cp_pais_sri] ([Codigo], [Pais]) VALUES (N'120', N'PERU')
INSERT [dbo].[cp_pais_sri] ([Codigo], [Pais]) VALUES (N'121', N'PUERTO RICO')
INSERT [dbo].[cp_pais_sri] ([Codigo], [Pais]) VALUES (N'122', N'REPUBLICA DOMINICANA')
INSERT [dbo].[cp_pais_sri] ([Codigo], [Pais]) VALUES (N'123', N'EL SALVADOR')
INSERT [dbo].[cp_pais_sri] ([Codigo], [Pais]) VALUES (N'124', N'TRINIDAD Y TOBAGO')
INSERT [dbo].[cp_pais_sri] ([Codigo], [Pais]) VALUES (N'125', N'URUGUAY')
INSERT [dbo].[cp_pais_sri] ([Codigo], [Pais]) VALUES (N'126', N'VENEZUELA')
INSERT [dbo].[cp_pais_sri] ([Codigo], [Pais]) VALUES (N'127', N'CURAZAO')
INSERT [dbo].[cp_pais_sri] ([Codigo], [Pais]) VALUES (N'129', N'BAHAMAS')
INSERT [dbo].[cp_pais_sri] ([Codigo], [Pais]) VALUES (N'130', N'BARBADOS')
INSERT [dbo].[cp_pais_sri] ([Codigo], [Pais]) VALUES (N'131', N'GRANADA')
INSERT [dbo].[cp_pais_sri] ([Codigo], [Pais]) VALUES (N'132', N'GUYANA')
INSERT [dbo].[cp_pais_sri] ([Codigo], [Pais]) VALUES (N'133', N'SURINAM')
INSERT [dbo].[cp_pais_sri] ([Codigo], [Pais]) VALUES (N'134', N'ANTIGUA Y BARBUDA')
INSERT [dbo].[cp_pais_sri] ([Codigo], [Pais]) VALUES (N'135', N'BELICE')
INSERT [dbo].[cp_pais_sri] ([Codigo], [Pais]) VALUES (N'136', N'DOMINICA')
INSERT [dbo].[cp_pais_sri] ([Codigo], [Pais]) VALUES (N'137', N'SAN CRISTOBAL Y NEVIS')
INSERT [dbo].[cp_pais_sri] ([Codigo], [Pais]) VALUES (N'138', N'SANTA LUCIA')
INSERT [dbo].[cp_pais_sri] ([Codigo], [Pais]) VALUES (N'139', N'SAN VICENTE Y LAS GRANAD.')
INSERT [dbo].[cp_pais_sri] ([Codigo], [Pais]) VALUES (N'140', N'ANTILLAS HOLANDESAS')
INSERT [dbo].[cp_pais_sri] ([Codigo], [Pais]) VALUES (N'141', N'ARUBA')
INSERT [dbo].[cp_pais_sri] ([Codigo], [Pais]) VALUES (N'142', N'BERMUDA')
INSERT [dbo].[cp_pais_sri] ([Codigo], [Pais]) VALUES (N'143', N'GUADALUPE')
INSERT [dbo].[cp_pais_sri] ([Codigo], [Pais]) VALUES (N'144', N'GUYANA FRANCESA')
INSERT [dbo].[cp_pais_sri] ([Codigo], [Pais]) VALUES (N'145', N'ISLAS CAIMAN')
INSERT [dbo].[cp_pais_sri] ([Codigo], [Pais]) VALUES (N'146', N'ISLAS VIRGENES (BRITANICAS)')
INSERT [dbo].[cp_pais_sri] ([Codigo], [Pais]) VALUES (N'147', N'JOHNSTON ISLA')
INSERT [dbo].[cp_pais_sri] ([Codigo], [Pais]) VALUES (N'148', N'MARTINICA')
INSERT [dbo].[cp_pais_sri] ([Codigo], [Pais]) VALUES (N'149', N'MONTSERRAT ISLA')
INSERT [dbo].[cp_pais_sri] ([Codigo], [Pais]) VALUES (N'151', N'TURCAS  Y CAICOS ISLAS')
INSERT [dbo].[cp_pais_sri] ([Codigo], [Pais]) VALUES (N'152', N'VIRGENES,ISLAS(NORT.AMER.)')
INSERT [dbo].[cp_pais_sri] ([Codigo], [Pais]) VALUES (N'201', N'ALBANIA')
INSERT [dbo].[cp_pais_sri] ([Codigo], [Pais]) VALUES (N'202', N'ALEMANIA')
INSERT [dbo].[cp_pais_sri] ([Codigo], [Pais]) VALUES (N'203', N'AUSTRIA')
INSERT [dbo].[cp_pais_sri] ([Codigo], [Pais]) VALUES (N'204', N'BELGICA')
INSERT [dbo].[cp_pais_sri] ([Codigo], [Pais]) VALUES (N'205', N'BULGARIA')
INSERT [dbo].[cp_pais_sri] ([Codigo], [Pais]) VALUES (N'207', N'ALBORAN Y PEREJIL')
INSERT [dbo].[cp_pais_sri] ([Codigo], [Pais]) VALUES (N'208', N'DINAMARCA')
INSERT [dbo].[cp_pais_sri] ([Codigo], [Pais]) VALUES (N'209', N'ESPAÑA')
INSERT [dbo].[cp_pais_sri] ([Codigo], [Pais]) VALUES (N'211', N'FRANCIA')
INSERT [dbo].[cp_pais_sri] ([Codigo], [Pais]) VALUES (N'212', N'FINLANDIA')
INSERT [dbo].[cp_pais_sri] ([Codigo], [Pais]) VALUES (N'213', N'REINO UNIDO')
INSERT [dbo].[cp_pais_sri] ([Codigo], [Pais]) VALUES (N'214', N'GRECIA')
INSERT [dbo].[cp_pais_sri] ([Codigo], [Pais]) VALUES (N'215', N'PAISES BAJOS (HOLANDA)')
INSERT [dbo].[cp_pais_sri] ([Codigo], [Pais]) VALUES (N'216', N'HUNGRIA')
INSERT [dbo].[cp_pais_sri] ([Codigo], [Pais]) VALUES (N'217', N'IRLANDA')
INSERT [dbo].[cp_pais_sri] ([Codigo], [Pais]) VALUES (N'218', N'ISLANDIA')
INSERT [dbo].[cp_pais_sri] ([Codigo], [Pais]) VALUES (N'219', N'ITALIA')
INSERT [dbo].[cp_pais_sri] ([Codigo], [Pais]) VALUES (N'220', N'LUXEMBURGO')
INSERT [dbo].[cp_pais_sri] ([Codigo], [Pais]) VALUES (N'221', N'MALTA')
INSERT [dbo].[cp_pais_sri] ([Codigo], [Pais]) VALUES (N'222', N'NORUEGA')
INSERT [dbo].[cp_pais_sri] ([Codigo], [Pais]) VALUES (N'223', N'POLONIA')
INSERT [dbo].[cp_pais_sri] ([Codigo], [Pais]) VALUES (N'224', N'PORTUGAL')
INSERT [dbo].[cp_pais_sri] ([Codigo], [Pais]) VALUES (N'225', N'RUMANIA')
INSERT [dbo].[cp_pais_sri] ([Codigo], [Pais]) VALUES (N'226', N'SUECIA')
INSERT [dbo].[cp_pais_sri] ([Codigo], [Pais]) VALUES (N'227', N'SUIZA')
INSERT [dbo].[cp_pais_sri] ([Codigo], [Pais]) VALUES (N'228', N'CANARIAS  ISLAS')
INSERT [dbo].[cp_pais_sri] ([Codigo], [Pais]) VALUES (N'229', N'UCRANIA')
INSERT [dbo].[cp_pais_sri] ([Codigo], [Pais]) VALUES (N'230', N'RUSIA')
INSERT [dbo].[cp_pais_sri] ([Codigo], [Pais]) VALUES (N'231', N'YUGOSLAVIA')
INSERT [dbo].[cp_pais_sri] ([Codigo], [Pais]) VALUES (N'233', N'ANDORRA')
INSERT [dbo].[cp_pais_sri] ([Codigo], [Pais]) VALUES (N'234', N'LIECHTENSTEIN')
INSERT [dbo].[cp_pais_sri] ([Codigo], [Pais]) VALUES (N'235', N'MONACO')
INSERT [dbo].[cp_pais_sri] ([Codigo], [Pais]) VALUES (N'237', N'SAN MARINO')
INSERT [dbo].[cp_pais_sri] ([Codigo], [Pais]) VALUES (N'238', N'VATICANO (SANTA SEDE)')
INSERT [dbo].[cp_pais_sri] ([Codigo], [Pais]) VALUES (N'239', N'GIBRALTAR')
INSERT [dbo].[cp_pais_sri] ([Codigo], [Pais]) VALUES (N'241', N'BELARUS')
INSERT [dbo].[cp_pais_sri] ([Codigo], [Pais]) VALUES (N'242', N'BOSNIA Y HERZEGOVINA')
INSERT [dbo].[cp_pais_sri] ([Codigo], [Pais]) VALUES (N'243', N'CROACIA')
INSERT [dbo].[cp_pais_sri] ([Codigo], [Pais]) VALUES (N'244', N'ESLOVENIA')
INSERT [dbo].[cp_pais_sri] ([Codigo], [Pais]) VALUES (N'245', N'ESTONIA')
INSERT [dbo].[cp_pais_sri] ([Codigo], [Pais]) VALUES (N'246', N'GEORGIA')
INSERT [dbo].[cp_pais_sri] ([Codigo], [Pais]) VALUES (N'247', N'GROENLANDIA')
INSERT [dbo].[cp_pais_sri] ([Codigo], [Pais]) VALUES (N'248', N'LETONIA')
INSERT [dbo].[cp_pais_sri] ([Codigo], [Pais]) VALUES (N'249', N'LITUANIA')
INSERT [dbo].[cp_pais_sri] ([Codigo], [Pais]) VALUES (N'250', N'MOLDOVA')
INSERT [dbo].[cp_pais_sri] ([Codigo], [Pais]) VALUES (N'251', N'MACEDONIA')
INSERT [dbo].[cp_pais_sri] ([Codigo], [Pais]) VALUES (N'252', N'ESLOVAQUIA')
INSERT [dbo].[cp_pais_sri] ([Codigo], [Pais]) VALUES (N'253', N'ISLAS FAROE')
GO
INSERT [dbo].[cp_pais_sri] ([Codigo], [Pais]) VALUES (N'260', N'FRENCH SOUTHERN TERRITORIES')
INSERT [dbo].[cp_pais_sri] ([Codigo], [Pais]) VALUES (N'301', N'AFGANISTAN')
INSERT [dbo].[cp_pais_sri] ([Codigo], [Pais]) VALUES (N'302', N'ARABIA SAUDITA')
INSERT [dbo].[cp_pais_sri] ([Codigo], [Pais]) VALUES (N'303', N'MYANMAR (BURMA)')
INSERT [dbo].[cp_pais_sri] ([Codigo], [Pais]) VALUES (N'304', N'CAMBOYA')
INSERT [dbo].[cp_pais_sri] ([Codigo], [Pais]) VALUES (N'306', N'COREA NORTE')
INSERT [dbo].[cp_pais_sri] ([Codigo], [Pais]) VALUES (N'307', N'TAIWAN (CHINA)')
INSERT [dbo].[cp_pais_sri] ([Codigo], [Pais]) VALUES (N'308', N'FILIPINAS')
INSERT [dbo].[cp_pais_sri] ([Codigo], [Pais]) VALUES (N'309', N'INDIA')
INSERT [dbo].[cp_pais_sri] ([Codigo], [Pais]) VALUES (N'310', N'INDONESIA')
INSERT [dbo].[cp_pais_sri] ([Codigo], [Pais]) VALUES (N'311', N'IRAK')
INSERT [dbo].[cp_pais_sri] ([Codigo], [Pais]) VALUES (N'312', N'IRAN (REPUBLICA ISLAMICA)')
INSERT [dbo].[cp_pais_sri] ([Codigo], [Pais]) VALUES (N'313', N'ISRAEL')
INSERT [dbo].[cp_pais_sri] ([Codigo], [Pais]) VALUES (N'314', N'JAPON')
INSERT [dbo].[cp_pais_sri] ([Codigo], [Pais]) VALUES (N'315', N'JORDANIA')
INSERT [dbo].[cp_pais_sri] ([Codigo], [Pais]) VALUES (N'316', N'KUWAIT')
INSERT [dbo].[cp_pais_sri] ([Codigo], [Pais]) VALUES (N'317', N'LAOS, REP. POP. DEMOC.')
INSERT [dbo].[cp_pais_sri] ([Codigo], [Pais]) VALUES (N'318', N'LIBANO')
INSERT [dbo].[cp_pais_sri] ([Codigo], [Pais]) VALUES (N'319', N'MALASIA')
INSERT [dbo].[cp_pais_sri] ([Codigo], [Pais]) VALUES (N'321', N'MONGOLIA (MANCHURIA)')
INSERT [dbo].[cp_pais_sri] ([Codigo], [Pais]) VALUES (N'322', N'PAKISTAN')
INSERT [dbo].[cp_pais_sri] ([Codigo], [Pais]) VALUES (N'323', N'SIRIA')
INSERT [dbo].[cp_pais_sri] ([Codigo], [Pais]) VALUES (N'325', N'TAILANDIA')
INSERT [dbo].[cp_pais_sri] ([Codigo], [Pais]) VALUES (N'327', N'BAHREIN')
INSERT [dbo].[cp_pais_sri] ([Codigo], [Pais]) VALUES (N'328', N'BANGLADESH')
INSERT [dbo].[cp_pais_sri] ([Codigo], [Pais]) VALUES (N'329', N'BUTAN')
INSERT [dbo].[cp_pais_sri] ([Codigo], [Pais]) VALUES (N'330', N'COREA DEL SUR')
INSERT [dbo].[cp_pais_sri] ([Codigo], [Pais]) VALUES (N'331', N'CHINA POPULAR')
INSERT [dbo].[cp_pais_sri] ([Codigo], [Pais]) VALUES (N'332', N'CHIPRE')
INSERT [dbo].[cp_pais_sri] ([Codigo], [Pais]) VALUES (N'333', N'EMIRATOS ARABES UNIDOS')
INSERT [dbo].[cp_pais_sri] ([Codigo], [Pais]) VALUES (N'334', N'QATAR')
INSERT [dbo].[cp_pais_sri] ([Codigo], [Pais]) VALUES (N'335', N'MALDIVAS')
INSERT [dbo].[cp_pais_sri] ([Codigo], [Pais]) VALUES (N'336', N'NEPAL')
INSERT [dbo].[cp_pais_sri] ([Codigo], [Pais]) VALUES (N'337', N'OMAN')
INSERT [dbo].[cp_pais_sri] ([Codigo], [Pais]) VALUES (N'338', N'SINGAPUR')
INSERT [dbo].[cp_pais_sri] ([Codigo], [Pais]) VALUES (N'339', N'SRI LANKA (CEILAN)')
INSERT [dbo].[cp_pais_sri] ([Codigo], [Pais]) VALUES (N'341', N'VIETNAM')
INSERT [dbo].[cp_pais_sri] ([Codigo], [Pais]) VALUES (N'342', N'YEMEN')
INSERT [dbo].[cp_pais_sri] ([Codigo], [Pais]) VALUES (N'343', N'ISLAS HEARD Y MCDONALD')
INSERT [dbo].[cp_pais_sri] ([Codigo], [Pais]) VALUES (N'344', N'BRUNEI DARUSSALAM')
INSERT [dbo].[cp_pais_sri] ([Codigo], [Pais]) VALUES (N'346', N'TURQUIA')
INSERT [dbo].[cp_pais_sri] ([Codigo], [Pais]) VALUES (N'347', N'AZERBAIJAN')
INSERT [dbo].[cp_pais_sri] ([Codigo], [Pais]) VALUES (N'348', N'KAZAJSTAN')
INSERT [dbo].[cp_pais_sri] ([Codigo], [Pais]) VALUES (N'349', N'KIRGUIZISTAN')
INSERT [dbo].[cp_pais_sri] ([Codigo], [Pais]) VALUES (N'350', N'TAJIKISTAN')
INSERT [dbo].[cp_pais_sri] ([Codigo], [Pais]) VALUES (N'351', N'TURKMENISTAN')
INSERT [dbo].[cp_pais_sri] ([Codigo], [Pais]) VALUES (N'352', N'UZBEKISTAN')
INSERT [dbo].[cp_pais_sri] ([Codigo], [Pais]) VALUES (N'353', N'PALESTINA')
INSERT [dbo].[cp_pais_sri] ([Codigo], [Pais]) VALUES (N'354', N'HONG KONG')
INSERT [dbo].[cp_pais_sri] ([Codigo], [Pais]) VALUES (N'355', N'MACAO')
INSERT [dbo].[cp_pais_sri] ([Codigo], [Pais]) VALUES (N'356', N'ARMENIA')
INSERT [dbo].[cp_pais_sri] ([Codigo], [Pais]) VALUES (N'402', N'BURKINA FASO')
INSERT [dbo].[cp_pais_sri] ([Codigo], [Pais]) VALUES (N'403', N'ARGELIA')
INSERT [dbo].[cp_pais_sri] ([Codigo], [Pais]) VALUES (N'404', N'BURUNDI')
INSERT [dbo].[cp_pais_sri] ([Codigo], [Pais]) VALUES (N'405', N'CAMERUN')
INSERT [dbo].[cp_pais_sri] ([Codigo], [Pais]) VALUES (N'406', N'CONGO')
INSERT [dbo].[cp_pais_sri] ([Codigo], [Pais]) VALUES (N'407', N'ETIOPIA')
INSERT [dbo].[cp_pais_sri] ([Codigo], [Pais]) VALUES (N'408', N'GAMBIA')
INSERT [dbo].[cp_pais_sri] ([Codigo], [Pais]) VALUES (N'409', N'GUINEA')
INSERT [dbo].[cp_pais_sri] ([Codigo], [Pais]) VALUES (N'410', N'LIBERIA')
INSERT [dbo].[cp_pais_sri] ([Codigo], [Pais]) VALUES (N'412', N'MADAGASCAR')
INSERT [dbo].[cp_pais_sri] ([Codigo], [Pais]) VALUES (N'413', N'MALAWI')
INSERT [dbo].[cp_pais_sri] ([Codigo], [Pais]) VALUES (N'414', N'MALI')
INSERT [dbo].[cp_pais_sri] ([Codigo], [Pais]) VALUES (N'415', N'MARRUECOS')
INSERT [dbo].[cp_pais_sri] ([Codigo], [Pais]) VALUES (N'416', N'MAURITANIA')
INSERT [dbo].[cp_pais_sri] ([Codigo], [Pais]) VALUES (N'417', N'NIGERIA')
INSERT [dbo].[cp_pais_sri] ([Codigo], [Pais]) VALUES (N'419', N'ZIMBABWE (RHODESIA)')
INSERT [dbo].[cp_pais_sri] ([Codigo], [Pais]) VALUES (N'420', N'SENEGAL')
INSERT [dbo].[cp_pais_sri] ([Codigo], [Pais]) VALUES (N'421', N'SUDAN')
INSERT [dbo].[cp_pais_sri] ([Codigo], [Pais]) VALUES (N'422', N'SUDAFRICA  (CISKEI)')
INSERT [dbo].[cp_pais_sri] ([Codigo], [Pais]) VALUES (N'423', N'SIERRA LEONA')
INSERT [dbo].[cp_pais_sri] ([Codigo], [Pais]) VALUES (N'425', N'TANZANIA')
INSERT [dbo].[cp_pais_sri] ([Codigo], [Pais]) VALUES (N'426', N'UGANDA')
INSERT [dbo].[cp_pais_sri] ([Codigo], [Pais]) VALUES (N'427', N'ZAMBIA')
INSERT [dbo].[cp_pais_sri] ([Codigo], [Pais]) VALUES (N'428', N'ÅLAND ISLANDS')
INSERT [dbo].[cp_pais_sri] ([Codigo], [Pais]) VALUES (N'429', N'BENIN')
INSERT [dbo].[cp_pais_sri] ([Codigo], [Pais]) VALUES (N'430', N'BOTSWANA')
INSERT [dbo].[cp_pais_sri] ([Codigo], [Pais]) VALUES (N'431', N'REPUBLICA CENTROAFRICANA')
INSERT [dbo].[cp_pais_sri] ([Codigo], [Pais]) VALUES (N'432', N'COSTA DE MARFIL')
INSERT [dbo].[cp_pais_sri] ([Codigo], [Pais]) VALUES (N'433', N'CHAD')
INSERT [dbo].[cp_pais_sri] ([Codigo], [Pais]) VALUES (N'434', N'EGIPTO')
INSERT [dbo].[cp_pais_sri] ([Codigo], [Pais]) VALUES (N'435', N'GABON')
INSERT [dbo].[cp_pais_sri] ([Codigo], [Pais]) VALUES (N'436', N'GHANA')
INSERT [dbo].[cp_pais_sri] ([Codigo], [Pais]) VALUES (N'437', N'GUINEA-BISSAU')
INSERT [dbo].[cp_pais_sri] ([Codigo], [Pais]) VALUES (N'438', N'GUINEA ECUATORIAL')
INSERT [dbo].[cp_pais_sri] ([Codigo], [Pais]) VALUES (N'439', N'KENIA')
INSERT [dbo].[cp_pais_sri] ([Codigo], [Pais]) VALUES (N'440', N'LESOTHO')
INSERT [dbo].[cp_pais_sri] ([Codigo], [Pais]) VALUES (N'441', N'MAURICIO')
INSERT [dbo].[cp_pais_sri] ([Codigo], [Pais]) VALUES (N'442', N'MOZAMBIQUE')
INSERT [dbo].[cp_pais_sri] ([Codigo], [Pais]) VALUES (N'443', N'MAYOTTE')
INSERT [dbo].[cp_pais_sri] ([Codigo], [Pais]) VALUES (N'444', N'NIGER')
INSERT [dbo].[cp_pais_sri] ([Codigo], [Pais]) VALUES (N'445', N'RWANDA')
INSERT [dbo].[cp_pais_sri] ([Codigo], [Pais]) VALUES (N'446', N'SEYCHELLES')
INSERT [dbo].[cp_pais_sri] ([Codigo], [Pais]) VALUES (N'447', N'SAHARA OCCIDENTAL')
INSERT [dbo].[cp_pais_sri] ([Codigo], [Pais]) VALUES (N'448', N'SOMALIA')
INSERT [dbo].[cp_pais_sri] ([Codigo], [Pais]) VALUES (N'449', N'SANTO TOME Y PRINCIPE')
INSERT [dbo].[cp_pais_sri] ([Codigo], [Pais]) VALUES (N'450', N'SWAZILANDIA')
INSERT [dbo].[cp_pais_sri] ([Codigo], [Pais]) VALUES (N'451', N'TOGO')
INSERT [dbo].[cp_pais_sri] ([Codigo], [Pais]) VALUES (N'452', N'TUNEZ')
INSERT [dbo].[cp_pais_sri] ([Codigo], [Pais]) VALUES (N'453', N'ZAIRE')
GO
INSERT [dbo].[cp_pais_sri] ([Codigo], [Pais]) VALUES (N'454', N'ANGOLA')
INSERT [dbo].[cp_pais_sri] ([Codigo], [Pais]) VALUES (N'456', N'CABO VERDE')
INSERT [dbo].[cp_pais_sri] ([Codigo], [Pais]) VALUES (N'458', N'COMORAS')
INSERT [dbo].[cp_pais_sri] ([Codigo], [Pais]) VALUES (N'459', N'DJIBOUTI')
INSERT [dbo].[cp_pais_sri] ([Codigo], [Pais]) VALUES (N'460', N'NAMIBIA')
INSERT [dbo].[cp_pais_sri] ([Codigo], [Pais]) VALUES (N'463', N'ERITREA')
INSERT [dbo].[cp_pais_sri] ([Codigo], [Pais]) VALUES (N'464', N'MOROCCO')
INSERT [dbo].[cp_pais_sri] ([Codigo], [Pais]) VALUES (N'465', N'REUNION')
INSERT [dbo].[cp_pais_sri] ([Codigo], [Pais]) VALUES (N'466', N'SANTA ELENA')
INSERT [dbo].[cp_pais_sri] ([Codigo], [Pais]) VALUES (N'499', N'JERSEY')
INSERT [dbo].[cp_pais_sri] ([Codigo], [Pais]) VALUES (N'501', N'AUSTRALIA')
INSERT [dbo].[cp_pais_sri] ([Codigo], [Pais]) VALUES (N'503', N'NUEVA ZELANDA')
INSERT [dbo].[cp_pais_sri] ([Codigo], [Pais]) VALUES (N'504', N'SAMOA OCCIDENTAL')
INSERT [dbo].[cp_pais_sri] ([Codigo], [Pais]) VALUES (N'506', N'FIJI')
INSERT [dbo].[cp_pais_sri] ([Codigo], [Pais]) VALUES (N'507', N'PAPUA NUEVA GUINEA')
INSERT [dbo].[cp_pais_sri] ([Codigo], [Pais]) VALUES (N'508', N'TONGA')
INSERT [dbo].[cp_pais_sri] ([Codigo], [Pais]) VALUES (N'509', N'PALAO  (BELAU)  ISLAS')
INSERT [dbo].[cp_pais_sri] ([Codigo], [Pais]) VALUES (N'510', N'KIRIBATI')
INSERT [dbo].[cp_pais_sri] ([Codigo], [Pais]) VALUES (N'511', N'MARSHALL ISLAS')
INSERT [dbo].[cp_pais_sri] ([Codigo], [Pais]) VALUES (N'512', N'MICRONESIA')
INSERT [dbo].[cp_pais_sri] ([Codigo], [Pais]) VALUES (N'513', N'NAURU')
INSERT [dbo].[cp_pais_sri] ([Codigo], [Pais]) VALUES (N'514', N'SALOMON  ISLAS')
INSERT [dbo].[cp_pais_sri] ([Codigo], [Pais]) VALUES (N'515', N'TUVALU')
INSERT [dbo].[cp_pais_sri] ([Codigo], [Pais]) VALUES (N'516', N'VANUATU')
INSERT [dbo].[cp_pais_sri] ([Codigo], [Pais]) VALUES (N'517', N'GUAM')
INSERT [dbo].[cp_pais_sri] ([Codigo], [Pais]) VALUES (N'518', N'ISLAS COCOS (KEELING)')
INSERT [dbo].[cp_pais_sri] ([Codigo], [Pais]) VALUES (N'519', N'ISLAS COOK')
INSERT [dbo].[cp_pais_sri] ([Codigo], [Pais]) VALUES (N'520', N'ISLAS NAVIDAD')
INSERT [dbo].[cp_pais_sri] ([Codigo], [Pais]) VALUES (N'521', N'MIDWAY ISLAS')
INSERT [dbo].[cp_pais_sri] ([Codigo], [Pais]) VALUES (N'522', N'NIUE ISLA')
INSERT [dbo].[cp_pais_sri] ([Codigo], [Pais]) VALUES (N'523', N'NORFOLK ISLA')
INSERT [dbo].[cp_pais_sri] ([Codigo], [Pais]) VALUES (N'524', N'NUEVA  CALEDONIA')
INSERT [dbo].[cp_pais_sri] ([Codigo], [Pais]) VALUES (N'525', N'PITCAIRN, ISLA')
INSERT [dbo].[cp_pais_sri] ([Codigo], [Pais]) VALUES (N'526', N'POLINESIA FRANCESA')
INSERT [dbo].[cp_pais_sri] ([Codigo], [Pais]) VALUES (N'529', N'TIMOR DEL ESTE')
INSERT [dbo].[cp_pais_sri] ([Codigo], [Pais]) VALUES (N'530', N'TOKELAI')
INSERT [dbo].[cp_pais_sri] ([Codigo], [Pais]) VALUES (N'531', N'WAKE ISLA')
INSERT [dbo].[cp_pais_sri] ([Codigo], [Pais]) VALUES (N'532', N'WALLIS Y FUTUNA, ISLAS')
INSERT [dbo].[cp_pais_sri] ([Codigo], [Pais]) VALUES (N'593', N'ECUADOR')
INSERT [dbo].[cp_pais_sri] ([Codigo], [Pais]) VALUES (N'594', N'AGUAS INTERNACIONALES')
INSERT [dbo].[cp_pais_sri] ([Codigo], [Pais]) VALUES (N'595', N'ALTO VOLTA')
INSERT [dbo].[cp_pais_sri] ([Codigo], [Pais]) VALUES (N'596', N'BIELORRUSIA')
INSERT [dbo].[cp_pais_sri] ([Codigo], [Pais]) VALUES (N'597', N'COTE DÍVOIRE')
INSERT [dbo].[cp_pais_sri] ([Codigo], [Pais]) VALUES (N'598', N'CYPRUS')
INSERT [dbo].[cp_pais_sri] ([Codigo], [Pais]) VALUES (N'599', N'REPUBLICA CHECA')
INSERT [dbo].[cp_pais_sri] ([Codigo], [Pais]) VALUES (N'600', N'FALKLAND ISLANDS')
INSERT [dbo].[cp_pais_sri] ([Codigo], [Pais]) VALUES (N'601', N'LATVIA')
INSERT [dbo].[cp_pais_sri] ([Codigo], [Pais]) VALUES (N'602', N'LIBIA')
INSERT [dbo].[cp_pais_sri] ([Codigo], [Pais]) VALUES (N'603', N'NORTHERN MARIANA ISL')
INSERT [dbo].[cp_pais_sri] ([Codigo], [Pais]) VALUES (N'604', N'ST. PIERRE AND MIQUE')
INSERT [dbo].[cp_pais_sri] ([Codigo], [Pais]) VALUES (N'605', N'SYRIAN ARAB REPUBLIC')
INSERT [dbo].[cp_pais_sri] ([Codigo], [Pais]) VALUES (N'606', N'TERRITORIO ANTARTICO BRITANICO')
INSERT [dbo].[cp_pais_sri] ([Codigo], [Pais]) VALUES (N'607', N'TERRITORIO BRITANICO OCEANO IN')
INSERT [dbo].[cp_pais_sri] ([Codigo], [Pais]) VALUES (N'688', N'SERBIA')
INSERT [dbo].[cp_pais_sri] ([Codigo], [Pais]) VALUES (N'831', N'GUERNSEY')
INSERT [dbo].[cp_pais_sri] ([Codigo], [Pais]) VALUES (N'832', N'JERSEY')
INSERT [dbo].[cp_pais_sri] ([Codigo], [Pais]) VALUES (N'833', N'ISLE OF MAN')
INSERT [dbo].[cp_TipoDocumento] ([CodTipoDocumento], [Codigo], [Descripcion], [Orden], [DeclaraSRI], [CodSRI], [Estado], [IdUsuario], [Fecha_Transac], [IdUsuarioUltMod], [Fecha_UltMod], [IdUsuarioUltAnu], [Fecha_UltAnu], [GeneraRetencion], [Codigo_Secuenciales_Transaccion], [Sustento_Tributario]) VALUES (N'05', N'ND', N'Nota de débito', 5, N'S', N'05', N'A', N'SYS', NULL, NULL, NULL, NULL, NULL, N'S', N'01, 02, 03, 04, 05, 06, 07, 09', N'01, 02, 03, 04, 05, 06, 07, 08, 09, 00')
INSERT [dbo].[cp_TipoDocumento] ([CodTipoDocumento], [Codigo], [Descripcion], [Orden], [DeclaraSRI], [CodSRI], [Estado], [IdUsuario], [Fecha_Transac], [IdUsuarioUltMod], [Fecha_UltMod], [IdUsuarioUltAnu], [Fecha_UltAnu], [GeneraRetencion], [Codigo_Secuenciales_Transaccion], [Sustento_Tributario]) VALUES (N'06', N'GUIA', N'Guias de Remisiòn ', 6, N'S', N'06', N'A', N'SYS', NULL, NULL, NULL, NULL, NULL, N'S', NULL, NULL)
INSERT [dbo].[cp_TipoDocumento] ([CodTipoDocumento], [Codigo], [Descripcion], [Orden], [DeclaraSRI], [CodSRI], [Estado], [IdUsuario], [Fecha_Transac], [IdUsuarioUltMod], [Fecha_UltMod], [IdUsuarioUltAnu], [Fecha_UltAnu], [GeneraRetencion], [Codigo_Secuenciales_Transaccion], [Sustento_Tributario]) VALUES (N'07', N'RET', N'Comprobante de Retención', 7, N'S', N'07', N'A', N'SYS', NULL, NULL, NULL, NULL, NULL, N'S', NULL, NULL)
INSERT [dbo].[cp_TipoDocumento] ([CodTipoDocumento], [Codigo], [Descripcion], [Orden], [DeclaraSRI], [CodSRI], [Estado], [IdUsuario], [Fecha_Transac], [IdUsuarioUltMod], [Fecha_UltMod], [IdUsuarioUltAnu], [Fecha_UltAnu], [GeneraRetencion], [Codigo_Secuenciales_Transaccion], [Sustento_Tributario]) VALUES (N'08', N'BOL', N'Boletos o entradas a espectáculos públicos', 8, N'S', N'08', N'I', N'SYS', NULL, N'admin', NULL, N'admin', NULL, N'S', N'01', N'C. netas servicios y bienes distintos de inven y AF que sustentan crédito tributario,C netas  servicios y bienes distintos de inven y AF que NO sustentan crédito tributario')
INSERT [dbo].[cp_TipoDocumento] ([CodTipoDocumento], [Codigo], [Descripcion], [Orden], [DeclaraSRI], [CodSRI], [Estado], [IdUsuario], [Fecha_Transac], [IdUsuarioUltMod], [Fecha_UltMod], [IdUsuarioUltAnu], [Fecha_UltAnu], [GeneraRetencion], [Codigo_Secuenciales_Transaccion], [Sustento_Tributario]) VALUES (N'09', N'TIQ', N'Tiquetes o vales emitidos por máquinas registradoras', 9, N'S', N'09', N'A', N'SYS', NULL, NULL, NULL, NULL, NULL, N'S', N'01', NULL)
INSERT [dbo].[cp_TipoDocumento] ([CodTipoDocumento], [Codigo], [Descripcion], [Orden], [DeclaraSRI], [CodSRI], [Estado], [IdUsuario], [Fecha_Transac], [IdUsuarioUltMod], [Fecha_UltMod], [IdUsuarioUltAnu], [Fecha_UltAnu], [GeneraRetencion], [Codigo_Secuenciales_Transaccion], [Sustento_Tributario]) VALUES (N'11', N'PAS', N'Pasajes expedidos por empresas de aviación', 10, N'S', N'11', N'A', N'SYS', NULL, NULL, NULL, NULL, NULL, N'S', N'01', N'01, 02, 05')
INSERT [dbo].[cp_TipoDocumento] ([CodTipoDocumento], [Codigo], [Descripcion], [Orden], [DeclaraSRI], [CodSRI], [Estado], [IdUsuario], [Fecha_Transac], [IdUsuarioUltMod], [Fecha_UltMod], [IdUsuarioUltAnu], [Fecha_UltAnu], [GeneraRetencion], [Codigo_Secuenciales_Transaccion], [Sustento_Tributario]) VALUES (N'12', N'DOCFIN', N'Documentos emitidos por instituciones financieras', 11, N'S', N'12', N'A', N'SYS', NULL, NULL, NULL, NULL, NULL, N'S', N'01', N'01, 02, 05')
INSERT [dbo].[cp_TipoDocumento] ([CodTipoDocumento], [Codigo], [Descripcion], [Orden], [DeclaraSRI], [CodSRI], [Estado], [IdUsuario], [Fecha_Transac], [IdUsuarioUltMod], [Fecha_UltMod], [IdUsuarioUltAnu], [Fecha_UltAnu], [GeneraRetencion], [Codigo_Secuenciales_Transaccion], [Sustento_Tributario]) VALUES (N'15', N'VTAEXT', N'Comprobante de venta emitido en el Exterior', 12, N'S', N'15', N'A', N'SYS', NULL, NULL, NULL, NULL, NULL, N'S', N'03', N'02, 04, 05, 07')
INSERT [dbo].[cp_TipoDocumento] ([CodTipoDocumento], [Codigo], [Descripcion], [Orden], [DeclaraSRI], [CodSRI], [Estado], [IdUsuario], [Fecha_Transac], [IdUsuarioUltMod], [Fecha_UltMod], [IdUsuarioUltAnu], [Fecha_UltAnu], [GeneraRetencion], [Codigo_Secuenciales_Transaccion], [Sustento_Tributario]) VALUES (N'16', N'FUE', N'Formulario Único de Exportación (FUE) o Declaración Aduanera Única (DAU) o Declaración Andina de Valor (DAV)', 13, N'S', N'16', N'A', N'SYS', NULL, NULL, NULL, NULL, NULL, N'S', N'09', NULL)
INSERT [dbo].[cp_TipoDocumento] ([CodTipoDocumento], [Codigo], [Descripcion], [Orden], [DeclaraSRI], [CodSRI], [Estado], [IdUsuario], [Fecha_Transac], [IdUsuarioUltMod], [Fecha_UltMod], [IdUsuarioUltAnu], [Fecha_UltAnu], [GeneraRetencion], [Codigo_Secuenciales_Transaccion], [Sustento_Tributario]) VALUES (N'18', N'DOC_AUT', N'Documentos autorizados utilizados en ventas excepto N/C N/D ', 14, N'S', N'18', N'A', N'SYS', NULL, NULL, NULL, NULL, NULL, N'S', N'04, 05, 06, 07', NULL)
INSERT [dbo].[cp_TipoDocumento] ([CodTipoDocumento], [Codigo], [Descripcion], [Orden], [DeclaraSRI], [CodSRI], [Estado], [IdUsuario], [Fecha_Transac], [IdUsuarioUltMod], [Fecha_UltMod], [IdUsuarioUltAnu], [Fecha_UltAnu], [GeneraRetencion], [Codigo_Secuenciales_Transaccion], [Sustento_Tributario]) VALUES (N'19', N'COUT', N'Comprobantes de Pago de Cuotas o Aportes', 15, N'S', N'19', N'A', N'SYS', NULL, NULL, NULL, NULL, NULL, N'S', N'01, 02, 03', N'02, 10')
INSERT [dbo].[cp_TipoDocumento] ([CodTipoDocumento], [Codigo], [Descripcion], [Orden], [DeclaraSRI], [CodSRI], [Estado], [IdUsuario], [Fecha_Transac], [IdUsuarioUltMod], [Fecha_UltMod], [IdUsuarioUltAnu], [Fecha_UltAnu], [GeneraRetencion], [Codigo_Secuenciales_Transaccion], [Sustento_Tributario]) VALUES (N'20', N'DOC_ADU', N'Documentos por Servicios Administrativos emitidos por Inst. del Estado', 16, N'S', N'20', N'A', N'SYS', NULL, NULL, NULL, NULL, NULL, N'S', N'01', N'02')
INSERT [dbo].[cp_TipoDocumento] ([CodTipoDocumento], [Codigo], [Descripcion], [Orden], [DeclaraSRI], [CodSRI], [Estado], [IdUsuario], [Fecha_Transac], [IdUsuarioUltMod], [Fecha_UltMod], [IdUsuarioUltAnu], [Fecha_UltAnu], [GeneraRetencion], [Codigo_Secuenciales_Transaccion], [Sustento_Tributario]) VALUES (N'21', N'PAR_AER', N'Carta de Porte Aéreo', 17, N'S', N'21', N'A', N'SYS', NULL, NULL, NULL, NULL, NULL, N'S', N'01', N'01, 02, 08')
INSERT [dbo].[cp_TipoDocumento] ([CodTipoDocumento], [Codigo], [Descripcion], [Orden], [DeclaraSRI], [CodSRI], [Estado], [IdUsuario], [Fecha_Transac], [IdUsuarioUltMod], [Fecha_UltMod], [IdUsuarioUltAnu], [Fecha_UltAnu], [GeneraRetencion], [Codigo_Secuenciales_Transaccion], [Sustento_Tributario]) VALUES (N'22', N'RECAP', N'RECAP', 18, N'S', N'22', N'A', N'SYS', NULL, NULL, NULL, NULL, NULL, N'S', N'10, 11', NULL)
INSERT [dbo].[cp_TipoDocumento] ([CodTipoDocumento], [Codigo], [Descripcion], [Orden], [DeclaraSRI], [CodSRI], [Estado], [IdUsuario], [Fecha_Transac], [IdUsuarioUltMod], [Fecha_UltMod], [IdUsuarioUltAnu], [Fecha_UltAnu], [GeneraRetencion], [Codigo_Secuenciales_Transaccion], [Sustento_Tributario]) VALUES (N'23', N'NC_TC', N'Nota de Crédito TC', 19, N'S', N'23', N'A', N'SYS', NULL, NULL, NULL, NULL, NULL, N'S', N'10, 11', NULL)
INSERT [dbo].[cp_TipoDocumento] ([CodTipoDocumento], [Codigo], [Descripcion], [Orden], [DeclaraSRI], [CodSRI], [Estado], [IdUsuario], [Fecha_Transac], [IdUsuarioUltMod], [Fecha_UltMod], [IdUsuarioUltAnu], [Fecha_UltAnu], [GeneraRetencion], [Codigo_Secuenciales_Transaccion], [Sustento_Tributario]) VALUES (N'24', N'ND_TC', N'Nota de Débito TC', 20, N'S', N'24', N'A', N'SYS', NULL, NULL, NULL, NULL, NULL, N'S', N'10, 11', NULL)
INSERT [dbo].[cp_TipoDocumento] ([CodTipoDocumento], [Codigo], [Descripcion], [Orden], [DeclaraSRI], [CodSRI], [Estado], [IdUsuario], [Fecha_Transac], [IdUsuarioUltMod], [Fecha_UltMod], [IdUsuarioUltAnu], [Fecha_UltAnu], [GeneraRetencion], [Codigo_Secuenciales_Transaccion], [Sustento_Tributario]) VALUES (N'41', N'REMB', N'Comprobante de venta emitido por reembolso', 21, N'S', N'41', N'A', N'SYS', NULL, NULL, NULL, NULL, NULL, N'S', N'01, 02, 03, 04, 05, 06, 09', N'01, 02, 03, 04, 05, 06, 07')
INSERT [dbo].[cp_TipoDocumento] ([CodTipoDocumento], [Codigo], [Descripcion], [Orden], [DeclaraSRI], [CodSRI], [Estado], [IdUsuario], [Fecha_Transac], [IdUsuarioUltMod], [Fecha_UltMod], [IdUsuarioUltAnu], [Fecha_UltAnu], [GeneraRetencion], [Codigo_Secuenciales_Transaccion], [Sustento_Tributario]) VALUES (N'42', N'RET_PRES', N'Documento agente de retención Presuntiva', 22, N'S', N'42', N'A', N'SYS', NULL, NULL, NULL, NULL, NULL, N'S', N'01', N'00')
INSERT [dbo].[cp_TipoDocumento] ([CodTipoDocumento], [Codigo], [Descripcion], [Orden], [DeclaraSRI], [CodSRI], [Estado], [IdUsuario], [Fecha_Transac], [IdUsuarioUltMod], [Fecha_UltMod], [IdUsuarioUltAnu], [Fecha_UltAnu], [GeneraRetencion], [Codigo_Secuenciales_Transaccion], [Sustento_Tributario]) VALUES (N'43', N'LIQ_EXPL', N'Liquidacion para Explotacion y Exploracion de Hidrocarburos', 23, N'S', N'43', N'A', N'SYS', NULL, NULL, NULL, NULL, NULL, N'S', N'01', N'01, 02, 06, 07')
INSERT [dbo].[cp_TipoDocumento] ([CodTipoDocumento], [Codigo], [Descripcion], [Orden], [DeclaraSRI], [CodSRI], [Estado], [IdUsuario], [Fecha_Transac], [IdUsuarioUltMod], [Fecha_UltMod], [IdUsuarioUltAnu], [Fecha_UltAnu], [GeneraRetencion], [Codigo_Secuenciales_Transaccion], [Sustento_Tributario]) VALUES (N'44', N'CBT_CONT', N'Comprobante de Contribuciones y Aportes', 24, N'S', N'44', N'A', N'SYS', NULL, NULL, NULL, NULL, NULL, N'S', N'04, 05, 06', NULL)
INSERT [dbo].[cp_TipoDocumento] ([CodTipoDocumento], [Codigo], [Descripcion], [Orden], [DeclaraSRI], [CodSRI], [Estado], [IdUsuario], [Fecha_Transac], [IdUsuarioUltMod], [Fecha_UltMod], [IdUsuarioUltAnu], [Fecha_UltAnu], [GeneraRetencion], [Codigo_Secuenciales_Transaccion], [Sustento_Tributario]) VALUES (N'45', N'LIQ_RECL', N'Liquidación por reclamos de aseguradoras', 25, N'S', N'45', N'A', N'SYS', NULL, NULL, NULL, NULL, NULL, N'S', N'01,03', N'09')
INSERT [dbo].[cp_TipoDocumento] ([CodTipoDocumento], [Codigo], [Descripcion], [Orden], [DeclaraSRI], [CodSRI], [Estado], [IdUsuario], [Fecha_Transac], [IdUsuarioUltMod], [Fecha_UltMod], [IdUsuarioUltAnu], [Fecha_UltAnu], [GeneraRetencion], [Codigo_Secuenciales_Transaccion], [Sustento_Tributario]) VALUES (N'47', N'NC_REMB', N'Nota de Crédito por Reembolso Emitida por Intermediario', 26, N'S', N'47', N'A', N'SYS', NULL, NULL, NULL, NULL, NULL, N'S', N'01, 04, 05, 06, 09', N'01, 02, 03, 04, 06, 07')
INSERT [dbo].[cp_TipoDocumento] ([CodTipoDocumento], [Codigo], [Descripcion], [Orden], [DeclaraSRI], [CodSRI], [Estado], [IdUsuario], [Fecha_Transac], [IdUsuarioUltMod], [Fecha_UltMod], [IdUsuarioUltAnu], [Fecha_UltAnu], [GeneraRetencion], [Codigo_Secuenciales_Transaccion], [Sustento_Tributario]) VALUES (N'48', N'ND_REMB', N'Nota de Débito por Reembolso Emitida por Intermediario', 27, N'S', N'48', N'A', N'SYS', NULL, NULL, NULL, NULL, NULL, N'S', N'01, 04, 05, 06, 09', N'01, 02, 03, 04, 06, 07')
INSERT [dbo].[cp_TipoDocumento] ([CodTipoDocumento], [Codigo], [Descripcion], [Orden], [DeclaraSRI], [CodSRI], [Estado], [IdUsuario], [Fecha_Transac], [IdUsuarioUltMod], [Fecha_UltMod], [IdUsuarioUltAnu], [Fecha_UltAnu], [GeneraRetencion], [Codigo_Secuenciales_Transaccion], [Sustento_Tributario]) VALUES (N'49', N'PRO_REG', N'Proveedor Directo de Exportador Bajo Régimen Especial', 28, N'S', N'49', N'A', N'SYS', NULL, NULL, NULL, NULL, NULL, N'S', N'04', NULL)
INSERT [dbo].[cp_TipoDocumento] ([CodTipoDocumento], [Codigo], [Descripcion], [Orden], [DeclaraSRI], [CodSRI], [Estado], [IdUsuario], [Fecha_Transac], [IdUsuarioUltMod], [Fecha_UltMod], [IdUsuarioUltAnu], [Fecha_UltAnu], [GeneraRetencion], [Codigo_Secuenciales_Transaccion], [Sustento_Tributario]) VALUES (N'50', N'INST', N'A Inst. Estado y Empr. Públicas que percibe ingreso exento de Imp. Renta', 29, N'S', N'50', N'A', N'SYS', NULL, NULL, NULL, NULL, NULL, N'S', N'04', NULL)
INSERT [dbo].[cp_TipoDocumento] ([CodTipoDocumento], [Codigo], [Descripcion], [Orden], [DeclaraSRI], [CodSRI], [Estado], [IdUsuario], [Fecha_Transac], [IdUsuarioUltMod], [Fecha_UltMod], [IdUsuarioUltAnu], [Fecha_UltAnu], [GeneraRetencion], [Codigo_Secuenciales_Transaccion], [Sustento_Tributario]) VALUES (N'51', N'NC_PUB', N'N/C A Inst. Estado y Empr. Públicas que percibe ingreso exento de Imp. Renta', 30, N'S', N'51', N'A', N'SYS', NULL, NULL, NULL, NULL, NULL, N'S', N'04', NULL)
INSERT [dbo].[cp_TipoDocumento] ([CodTipoDocumento], [Codigo], [Descripcion], [Orden], [DeclaraSRI], [CodSRI], [Estado], [IdUsuario], [Fecha_Transac], [IdUsuarioUltMod], [Fecha_UltMod], [IdUsuarioUltAnu], [Fecha_UltAnu], [GeneraRetencion], [Codigo_Secuenciales_Transaccion], [Sustento_Tributario]) VALUES (N'52', N'ND_PUB', N'N/D A Inst. Estado y Empr. Públicas que percibe ingreso exento de Imp. Renta', 31, N'S', N'52', N'I', N'SYS', NULL, NULL, NULL, N'admin', NULL, N'S', N'04', NULL)
INSERT [dbo].[ct_anio_fiscal] ([IdanioFiscal], [af_fechaIni], [af_fechaFin], [af_estado]) VALUES (2016, datefromparts(2016,1,1), datefromparts(2016,12,31), N'A')
INSERT [dbo].[ct_anio_fiscal] ([IdanioFiscal], [af_fechaIni], [af_fechaFin], [af_estado]) VALUES (2017, datefromparts(2017,1,1), datefromparts(2017,12,31), N'A')
INSERT [dbo].[ct_anio_fiscal] ([IdanioFiscal], [af_fechaIni], [af_fechaFin], [af_estado]) VALUES (2018, datefromparts(2018,1,1), datefromparts(2018,12,31), N'A')
INSERT [dbo].[ct_anio_fiscal] ([IdanioFiscal], [af_fechaIni], [af_fechaFin], [af_estado]) VALUES (2019, datefromparts(2019,1,1), datefromparts(2019,12,31), N'A')
INSERT [dbo].[fa_formaPago] ([IdFormaPago], [nom_FormaPago], [Estado], [IdUsuario], [Fecha_Transac], [IdUsuarioUltMod], [Fecha_UltMod], [IdUsuarioUltAnu], [Fecha_UltAnu]) VALUES (N'01', N'SIN UTILIZACION DEL SISTEMA FINANCIERO', 1, NULL, NULL, NULL, NULL, NULL, NULL)
INSERT [dbo].[fa_formaPago] ([IdFormaPago], [nom_FormaPago], [Estado], [IdUsuario], [Fecha_Transac], [IdUsuarioUltMod], [Fecha_UltMod], [IdUsuarioUltAnu], [Fecha_UltAnu]) VALUES (N'02', N'CHEQUE PROPIO', 0, NULL, NULL, NULL, NULL, NULL, NULL)
INSERT [dbo].[fa_formaPago] ([IdFormaPago], [nom_FormaPago], [Estado], [IdUsuario], [Fecha_Transac], [IdUsuarioUltMod], [Fecha_UltMod], [IdUsuarioUltAnu], [Fecha_UltAnu]) VALUES (N'03', N'CHEQUE CERTIFICADO', 0, NULL, NULL, NULL, NULL, NULL, NULL)
INSERT [dbo].[fa_formaPago] ([IdFormaPago], [nom_FormaPago], [Estado], [IdUsuario], [Fecha_Transac], [IdUsuarioUltMod], [Fecha_UltMod], [IdUsuarioUltAnu], [Fecha_UltAnu]) VALUES (N'04', N'CHEQUE DE GERENCIA', 0, NULL, NULL, NULL, NULL, NULL, NULL)
INSERT [dbo].[fa_formaPago] ([IdFormaPago], [nom_FormaPago], [Estado], [IdUsuario], [Fecha_Transac], [IdUsuarioUltMod], [Fecha_UltMod], [IdUsuarioUltAnu], [Fecha_UltAnu]) VALUES (N'05', N'CHEQUE DEL EXTERIOR', 0, NULL, NULL, NULL, NULL, NULL, NULL)
INSERT [dbo].[fa_formaPago] ([IdFormaPago], [nom_FormaPago], [Estado], [IdUsuario], [Fecha_Transac], [IdUsuarioUltMod], [Fecha_UltMod], [IdUsuarioUltAnu], [Fecha_UltAnu]) VALUES (N'06', N'DÉBITO CUENTA', 0, NULL, NULL, NULL, NULL, NULL, NULL)
INSERT [dbo].[fa_formaPago] ([IdFormaPago], [nom_FormaPago], [Estado], [IdUsuario], [Fecha_Transac], [IdUsuarioUltMod], [Fecha_UltMod], [IdUsuarioUltAnu], [Fecha_UltAnu]) VALUES (N'07', N'TRANSFERENCIA PROPIO BANCO', 0, NULL, NULL, NULL, NULL, NULL, NULL)
INSERT [dbo].[fa_formaPago] ([IdFormaPago], [nom_FormaPago], [Estado], [IdUsuario], [Fecha_Transac], [IdUsuarioUltMod], [Fecha_UltMod], [IdUsuarioUltAnu], [Fecha_UltAnu]) VALUES (N'08', N'TRANSFERENCIA OTRO BANCO NACIONAL', 0, NULL, NULL, NULL, NULL, NULL, NULL)
INSERT [dbo].[fa_formaPago] ([IdFormaPago], [nom_FormaPago], [Estado], [IdUsuario], [Fecha_Transac], [IdUsuarioUltMod], [Fecha_UltMod], [IdUsuarioUltAnu], [Fecha_UltAnu]) VALUES (N'09', N'TRANSFERENCIA BANDO EXTERIOR', 0, NULL, NULL, NULL, NULL, NULL, NULL)
INSERT [dbo].[fa_formaPago] ([IdFormaPago], [nom_FormaPago], [Estado], [IdUsuario], [Fecha_Transac], [IdUsuarioUltMod], [Fecha_UltMod], [IdUsuarioUltAnu], [Fecha_UltAnu]) VALUES (N'10', N'TARJETA DE CRÉDITO NACIONAL', 0, NULL, NULL, NULL, NULL, NULL, NULL)
INSERT [dbo].[fa_formaPago] ([IdFormaPago], [nom_FormaPago], [Estado], [IdUsuario], [Fecha_Transac], [IdUsuarioUltMod], [Fecha_UltMod], [IdUsuarioUltAnu], [Fecha_UltAnu]) VALUES (N'11', N'TARJETA DE CRÉDITO INTERNACIONAL', 0, NULL, NULL, NULL, NULL, NULL, NULL)
INSERT [dbo].[fa_formaPago] ([IdFormaPago], [nom_FormaPago], [Estado], [IdUsuario], [Fecha_Transac], [IdUsuarioUltMod], [Fecha_UltMod], [IdUsuarioUltAnu], [Fecha_UltAnu]) VALUES (N'12', N'GIRO', 0, NULL, NULL, NULL, NULL, NULL, NULL)
INSERT [dbo].[fa_formaPago] ([IdFormaPago], [nom_FormaPago], [Estado], [IdUsuario], [Fecha_Transac], [IdUsuarioUltMod], [Fecha_UltMod], [IdUsuarioUltAnu], [Fecha_UltAnu]) VALUES (N'13', N'DEPOSITO EN CUENTA(CORRIENTE/AHORROS)', 0, NULL, NULL, NULL, NULL, NULL, NULL)
INSERT [dbo].[fa_formaPago] ([IdFormaPago], [nom_FormaPago], [Estado], [IdUsuario], [Fecha_Transac], [IdUsuarioUltMod], [Fecha_UltMod], [IdUsuarioUltAnu], [Fecha_UltAnu]) VALUES (N'14', N'ENDOSO DE INVERSIÓN', 0, NULL, NULL, NULL, NULL, NULL, NULL)
INSERT [dbo].[fa_formaPago] ([IdFormaPago], [nom_FormaPago], [Estado], [IdUsuario], [Fecha_Transac], [IdUsuarioUltMod], [Fecha_UltMod], [IdUsuarioUltAnu], [Fecha_UltAnu]) VALUES (N'15', N'COMPENSANCIÓN DE DEUDAS', 0, NULL, NULL, NULL, NULL, NULL, NULL)
INSERT [dbo].[fa_formaPago] ([IdFormaPago], [nom_FormaPago], [Estado], [IdUsuario], [Fecha_Transac], [IdUsuarioUltMod], [Fecha_UltMod], [IdUsuarioUltAnu], [Fecha_UltAnu]) VALUES (N'16', N'TARJETA DE DÉBITO', 1, NULL, NULL, NULL, NULL, NULL, NULL)
INSERT [dbo].[fa_formaPago] ([IdFormaPago], [nom_FormaPago], [Estado], [IdUsuario], [Fecha_Transac], [IdUsuarioUltMod], [Fecha_UltMod], [IdUsuarioUltAnu], [Fecha_UltAnu]) VALUES (N'17', N'DINERO ELECTRONICO', 0, NULL, NULL, NULL, NULL, NULL, NULL)
INSERT [dbo].[fa_formaPago] ([IdFormaPago], [nom_FormaPago], [Estado], [IdUsuario], [Fecha_Transac], [IdUsuarioUltMod], [Fecha_UltMod], [IdUsuarioUltAnu], [Fecha_UltAnu]) VALUES (N'18', N'TARJETA PREPAGO', 0, NULL, NULL, NULL, NULL, NULL, NULL)
INSERT [dbo].[fa_formaPago] ([IdFormaPago], [nom_FormaPago], [Estado], [IdUsuario], [Fecha_Transac], [IdUsuarioUltMod], [Fecha_UltMod], [IdUsuarioUltAnu], [Fecha_UltAnu]) VALUES (N'19', N'TARJETA CRÉDITO', 1, NULL, NULL, NULL, NULL, NULL, NULL)
INSERT [dbo].[fa_formaPago] ([IdFormaPago], [nom_FormaPago], [Estado], [IdUsuario], [Fecha_Transac], [IdUsuarioUltMod], [Fecha_UltMod], [IdUsuarioUltAnu], [Fecha_UltAnu]) VALUES (N'20', N'OTROS CON UTILIZACIÓN DEL SISTEMA FINANCIERO', 1, NULL, NULL, NULL, NULL, NULL, NULL)
INSERT [dbo].[fa_formaPago] ([IdFormaPago], [nom_FormaPago], [Estado], [IdUsuario], [Fecha_Transac], [IdUsuarioUltMod], [Fecha_UltMod], [IdUsuarioUltAnu], [Fecha_UltAnu]) VALUES (N'21', N'ENDOSO DE TÍTULOS', 0, NULL, NULL, NULL, NULL, NULL, NULL)
INSERT [dbo].[fa_formaPago] ([IdFormaPago], [nom_FormaPago], [Estado], [IdUsuario], [Fecha_Transac], [IdUsuarioUltMod], [Fecha_UltMod], [IdUsuarioUltAnu], [Fecha_UltAnu]) VALUES (N'50', N'PRUEBAS', 0, N'admin', NULL, N'admin', NULL, N'admin', NULL)
INSERT [dbo].[tb_banco] ([IdBanco], [ba_descripcion], [Estado], [CodigoLegal], [TieneFormatoTransferencia]) VALUES (1, N'BANCO DE FOMENTO', N'A', N'2', 1)
INSERT [dbo].[tb_banco] ([IdBanco], [ba_descripcion], [Estado], [CodigoLegal], [TieneFormatoTransferencia]) VALUES (2, N'BANCO ECUATORIANO DE LA VIVIENDA', N'A', N'3', 1)
INSERT [dbo].[tb_banco] ([IdBanco], [ba_descripcion], [Estado], [CodigoLegal], [TieneFormatoTransferencia]) VALUES (3, N'PICHINCHA', N'A', N'10', 0)
INSERT [dbo].[tb_banco] ([IdBanco], [ba_descripcion], [Estado], [CodigoLegal], [TieneFormatoTransferencia]) VALUES (4, N'BANCO DE GUAYAQUIL', N'A', N'17', 1)
INSERT [dbo].[tb_banco] ([IdBanco], [ba_descripcion], [Estado], [CodigoLegal], [TieneFormatoTransferencia]) VALUES (5, N'BANCO TERRITORIAL', N'A', N'19', 0)
INSERT [dbo].[tb_banco] ([IdBanco], [ba_descripcion], [Estado], [CodigoLegal], [TieneFormatoTransferencia]) VALUES (6, N'LLOYDS BANK', N'A', N'20', 0)
INSERT [dbo].[tb_banco] ([IdBanco], [ba_descripcion], [Estado], [CodigoLegal], [TieneFormatoTransferencia]) VALUES (7, N'CITIBANK', N'A', N'24', 0)
INSERT [dbo].[tb_banco] ([IdBanco], [ba_descripcion], [Estado], [CodigoLegal], [TieneFormatoTransferencia]) VALUES (8, N'BANCO DE MACHALA', N'A', N'25', 0)
INSERT [dbo].[tb_banco] ([IdBanco], [ba_descripcion], [Estado], [CodigoLegal], [TieneFormatoTransferencia]) VALUES (9, N'BANCO UNIBANCO S.A', N'A', N'26', 0)
INSERT [dbo].[tb_banco] ([IdBanco], [ba_descripcion], [Estado], [CodigoLegal], [TieneFormatoTransferencia]) VALUES (10, N'BANCO DE LOJA', N'A', N'29', 0)
INSERT [dbo].[tb_banco] ([IdBanco], [ba_descripcion], [Estado], [CodigoLegal], [TieneFormatoTransferencia]) VALUES (11, N'PACIFICO', N'A', N'30', 0)
INSERT [dbo].[tb_banco] ([IdBanco], [ba_descripcion], [Estado], [CodigoLegal], [TieneFormatoTransferencia]) VALUES (12, N'BANCO DE LOS ANDES', N'A', N'31', 0)
INSERT [dbo].[tb_banco] ([IdBanco], [ba_descripcion], [Estado], [CodigoLegal], [TieneFormatoTransferencia]) VALUES (13, N'BANCO INTERNACIONAL', N'A', N'32', 0)
INSERT [dbo].[tb_banco] ([IdBanco], [ba_descripcion], [Estado], [CodigoLegal], [TieneFormatoTransferencia]) VALUES (14, N'BANCO BOLIVARIANO', N'A', N'34', 1)
INSERT [dbo].[tb_banco] ([IdBanco], [ba_descripcion], [Estado], [CodigoLegal], [TieneFormatoTransferencia]) VALUES (15, N'BANCO DEL AUSTRO', N'A', N'35', 0)
INSERT [dbo].[tb_banco] ([IdBanco], [ba_descripcion], [Estado], [CodigoLegal], [TieneFormatoTransferencia]) VALUES (16, N'PRODUBANCO', N'A', N'36', 0)
INSERT [dbo].[tb_banco] ([IdBanco], [ba_descripcion], [Estado], [CodigoLegal], [TieneFormatoTransferencia]) VALUES (17, N'BANCO AMAZONAS', N'A', N'37', 0)
INSERT [dbo].[tb_banco] ([IdBanco], [ba_descripcion], [Estado], [CodigoLegal], [TieneFormatoTransferencia]) VALUES (18, N'BANCO COMERCIAL DE MANABI', N'A', N'39', 0)
INSERT [dbo].[tb_banco] ([IdBanco], [ba_descripcion], [Estado], [CodigoLegal], [TieneFormatoTransferencia]) VALUES (19, N'BANCO MM JARAMILLO ARTEAGA', N'A', N'40', 0)
INSERT [dbo].[tb_banco] ([IdBanco], [ba_descripcion], [Estado], [CodigoLegal], [TieneFormatoTransferencia]) VALUES (20, N'COOPERATIVA PREVISION AHORRO Y DESARROLLO', N'A', N'41', 0)
INSERT [dbo].[tb_banco] ([IdBanco], [ba_descripcion], [Estado], [CodigoLegal], [TieneFormatoTransferencia]) VALUES (21, N'BANCO GENERAL RUMINAHUI', N'A', N'42', 0)
INSERT [dbo].[tb_banco] ([IdBanco], [ba_descripcion], [Estado], [CodigoLegal], [TieneFormatoTransferencia]) VALUES (22, N'BANCO DEL LITORAL', N'A', N'43', 0)
INSERT [dbo].[tb_banco] ([IdBanco], [ba_descripcion], [Estado], [CodigoLegal], [TieneFormatoTransferencia]) VALUES (23, N'BANCO SUDAMERICANO', N'A', N'45', 0)
INSERT [dbo].[tb_banco] ([IdBanco], [ba_descripcion], [Estado], [CodigoLegal], [TieneFormatoTransferencia]) VALUES (24, N'BANCO COFIEC', N'A', N'50', 0)
INSERT [dbo].[tb_banco] ([IdBanco], [ba_descripcion], [Estado], [CodigoLegal], [TieneFormatoTransferencia]) VALUES (25, N'BANCO CENTROMUNDO', N'A', N'51', 0)
INSERT [dbo].[tb_banco] ([IdBanco], [ba_descripcion], [Estado], [CodigoLegal], [TieneFormatoTransferencia]) VALUES (26, N'BANCO SOLIDARIO', N'A', N'59', 0)
INSERT [dbo].[tb_banco] ([IdBanco], [ba_descripcion], [Estado], [CodigoLegal], [TieneFormatoTransferencia]) VALUES (27, N'BANCO PROCREDIT', N'A', N'0060', 0)
INSERT [dbo].[tb_dia] ([idDia], [sdia], [nemonico], [sdiaIngles]) VALUES (1, N'DOMINGO', N'Dom  ', N'Sunday')
INSERT [dbo].[tb_dia] ([idDia], [sdia], [nemonico], [sdiaIngles]) VALUES (2, N'LUNES', N'Lun  ', N'Monday')
INSERT [dbo].[tb_dia] ([idDia], [sdia], [nemonico], [sdiaIngles]) VALUES (3, N'MARTES', N'Mar  ', N'Tuesday')
INSERT [dbo].[tb_dia] ([idDia], [sdia], [nemonico], [sdiaIngles]) VALUES (4, N'MIÉRCOLES', N'Mie  ', N'Wednesday')
INSERT [dbo].[tb_dia] ([idDia], [sdia], [nemonico], [sdiaIngles]) VALUES (5, N'JUEVES', N'Jue  ', N'Thursday')
INSERT [dbo].[tb_dia] ([idDia], [sdia], [nemonico], [sdiaIngles]) VALUES (6, N'VIERNES', N'Vie  ', N'Friday')
INSERT [dbo].[tb_dia] ([idDia], [sdia], [nemonico], [sdiaIngles]) VALUES (7, N'SÁBADO', N'Sab  ', N'Saturday')
INSERT [dbo].[tb_mes] ([idMes], [smes], [Nemonico], [smesIngles]) VALUES (1, N'Enero', N'Ene', N'January')
INSERT [dbo].[tb_mes] ([idMes], [smes], [Nemonico], [smesIngles]) VALUES (2, N'Febrero', N'Feb', N'February')
INSERT [dbo].[tb_mes] ([idMes], [smes], [Nemonico], [smesIngles]) VALUES (3, N'Marzo', N'Mar', N'March')
INSERT [dbo].[tb_mes] ([idMes], [smes], [Nemonico], [smesIngles]) VALUES (4, N'Abril', N'Abr', N'April')
INSERT [dbo].[tb_mes] ([idMes], [smes], [Nemonico], [smesIngles]) VALUES (5, N'Mayo', N'May', N'May')
INSERT [dbo].[tb_mes] ([idMes], [smes], [Nemonico], [smesIngles]) VALUES (6, N'Junio', N'Jun', N'June')
INSERT [dbo].[tb_mes] ([idMes], [smes], [Nemonico], [smesIngles]) VALUES (7, N'Julio', N'Jul', N'July')
INSERT [dbo].[tb_mes] ([idMes], [smes], [Nemonico], [smesIngles]) VALUES (8, N'Agosto', N'Ago', N'August')
INSERT [dbo].[tb_mes] ([idMes], [smes], [Nemonico], [smesIngles]) VALUES (9, N'Septiembre', N'Sep', N'September')
INSERT [dbo].[tb_mes] ([idMes], [smes], [Nemonico], [smesIngles]) VALUES (10, N'Octubre', N'Oct', N'October')
INSERT [dbo].[tb_mes] ([idMes], [smes], [Nemonico], [smesIngles]) VALUES (11, N'Noviembre', N'Nov', N'November')
INSERT [dbo].[tb_mes] ([idMes], [smes], [Nemonico], [smesIngles]) VALUES (12, N'Diciembre', N'Dic', N'December')
INSERT [dbo].[tb_persona_tipo] ([IdTipo_Persona], [Descricpion]) VALUES (N'CLIENTE', N'CLIENTE')
INSERT [dbo].[tb_persona_tipo] ([IdTipo_Persona], [Descricpion]) VALUES (N'EMPLEA', N'EMPLEADO')
INSERT [dbo].[tb_persona_tipo] ([IdTipo_Persona], [Descricpion]) VALUES (N'PERSONA', N'PERSONA')
INSERT [dbo].[tb_persona_tipo] ([IdTipo_Persona], [Descricpion]) VALUES (N'PROVEE', N'PROVEEDOR')
INSERT [dbo].[tb_sis_Documento_Tipo] ([codDocumentoTipo], [descripcion], [estado], [Posicion]) VALUES (N'FACT', N'Factura', N'A', 1)
INSERT [dbo].[tb_sis_Documento_Tipo] ([codDocumentoTipo], [descripcion], [estado], [Posicion]) VALUES (N'GUIA', N'Guia Remision', N'A', 0)
INSERT [dbo].[tb_sis_Documento_Tipo] ([codDocumentoTipo], [descripcion], [estado], [Posicion]) VALUES (N'NTCR', N'Nota de Credito', N'A', 0)
INSERT [dbo].[tb_sis_Documento_Tipo] ([codDocumentoTipo], [descripcion], [estado], [Posicion]) VALUES (N'NTDB', N'Nota de Debito', N'A', 0)
INSERT [dbo].[tb_sis_Documento_Tipo] ([codDocumentoTipo], [descripcion], [estado], [Posicion]) VALUES (N'RETEN', N'Retencion en La fuente', N'A', 1)
insert into seg_usuario (IdUsuario,Contrasena,estado,Nombre,ExigirDirectivaContrasenia,CambiarContraseniaSgtSesion,es_super_admin,contrasena_admin,IdMenu,IPUsuario,IPImpresora)
select 'admin','1b6c53436c61f0f1fd9fb9c801558812','A','Administrador',1,1,1,'123',null,null,null
INSERT [dbo].[tb_parroquia] ([IdParroquia], [cod_parroquia], [nom_parroquia], [estado], [IdCiudad_Canton], [IdUsuario], [Fecha_Transac], [IdUsuarioUltMod], [Fecha_UltMod], [IdUsuarioUltAnu], [Fecha_UltAnu], [MotivoAnula], [nom_pc], [ip]) VALUES (N'01', N'50', N'CUENCA, CABECERA CANTONAL Y CAPITAL PROVINCIAL.', 1, N'01', NULL, NULL, NULL, NULL, NULL, NULL, NULL, NULL, NULL)
INSERT [dbo].[tb_parroquia] ([IdParroquia], [cod_parroquia], [nom_parroquia], [estado], [IdCiudad_Canton], [IdUsuario], [Fecha_Transac], [IdUsuarioUltMod], [Fecha_UltMod], [IdUsuarioUltAnu], [Fecha_UltAnu], [MotivoAnula], [nom_pc], [ip]) VALUES (N'02', N'50', N'GUARANDA, CABECERA CANTONAL Y CAPITAL PROVINCIAL', 1, N'02', NULL, NULL, NULL, NULL, NULL, NULL, NULL, NULL, NULL)
INSERT [dbo].[tb_parroquia] ([IdParroquia], [cod_parroquia], [nom_parroquia], [estado], [IdCiudad_Canton], [IdUsuario], [Fecha_Transac], [IdUsuarioUltMod], [Fecha_UltMod], [IdUsuarioUltAnu], [Fecha_UltAnu], [MotivoAnula], [nom_pc], [ip]) VALUES (N'03', N'50', N'AZOGUES, CABECERA CANTONAL Y CAPITAL PROVINCIAL', 1, N'03', NULL, NULL, NULL, NULL, NULL, NULL, NULL, NULL, NULL)
INSERT [dbo].[tb_parroquia] ([IdParroquia], [cod_parroquia], [nom_parroquia], [estado], [IdCiudad_Canton], [IdUsuario], [Fecha_Transac], [IdUsuarioUltMod], [Fecha_UltMod], [IdUsuarioUltAnu], [Fecha_UltAnu], [MotivoAnula], [nom_pc], [ip]) VALUES (N'04', N'50', N'TULCÁN, CABECERA CANTONAL Y CAPITAL PROVINCIAL', 1, N'04', NULL, NULL, NULL, NULL, NULL, NULL, NULL, NULL, NULL)
INSERT [dbo].[tb_parroquia] ([IdParroquia], [cod_parroquia], [nom_parroquia], [estado], [IdCiudad_Canton], [IdUsuario], [Fecha_Transac], [IdUsuarioUltMod], [Fecha_UltMod], [IdUsuarioUltAnu], [Fecha_UltAnu], [MotivoAnula], [nom_pc], [ip]) VALUES (N'05', N'50', N'LATACUNGA, CABECERA CANTONAL Y CAPITAL PROVINCIAL', 1, N'05', NULL, NULL, NULL, NULL, NULL, NULL, NULL, NULL, NULL)
INSERT [dbo].[tb_parroquia] ([IdParroquia], [cod_parroquia], [nom_parroquia], [estado], [IdCiudad_Canton], [IdUsuario], [Fecha_Transac], [IdUsuarioUltMod], [Fecha_UltMod], [IdUsuarioUltAnu], [Fecha_UltAnu], [MotivoAnula], [nom_pc], [ip]) VALUES (N'06', N'50', N'RIOBAMBA, CABECERA CANTONAL Y CAPITAL PROVINCIAL', 1, N'06', NULL, NULL, NULL, NULL, NULL, NULL, NULL, NULL, NULL)
INSERT [dbo].[tb_parroquia] ([IdParroquia], [cod_parroquia], [nom_parroquia], [estado], [IdCiudad_Canton], [IdUsuario], [Fecha_Transac], [IdUsuarioUltMod], [Fecha_UltMod], [IdUsuarioUltAnu], [Fecha_UltAnu], [MotivoAnula], [nom_pc], [ip]) VALUES (N'07', N'50', N'MACHALA, CABECERA CANTONAL Y CAPITAL PROVINCIAL', 1, N'07', NULL, NULL, NULL, NULL, NULL, NULL, NULL, NULL, NULL)
INSERT [dbo].[tb_parroquia] ([IdParroquia], [cod_parroquia], [nom_parroquia], [estado], [IdCiudad_Canton], [IdUsuario], [Fecha_Transac], [IdUsuarioUltMod], [Fecha_UltMod], [IdUsuarioUltAnu], [Fecha_UltAnu], [MotivoAnula], [nom_pc], [ip]) VALUES (N'08', N'50', N'ESMERALDAS, CABECERA CANTONAL Y CAPITAL PROVINCIAL', 1, N'08', NULL, NULL, NULL, NULL, NULL, NULL, NULL, NULL, NULL)
INSERT [dbo].[tb_parroquia] ([IdParroquia], [cod_parroquia], [nom_parroquia], [estado], [IdCiudad_Canton], [IdUsuario], [Fecha_Transac], [IdUsuarioUltMod], [Fecha_UltMod], [IdUsuarioUltAnu], [Fecha_UltAnu], [MotivoAnula], [nom_pc], [ip]) VALUES (N'09', N'50', N'GUAYAQUIL, CABECERA CANTONAL Y CAPITAL PROVINCIAL', 1, N'09', NULL, NULL, NULL, NULL, NULL, NULL, NULL, NULL, NULL)
INSERT [dbo].[tb_parroquia] ([IdParroquia], [cod_parroquia], [nom_parroquia], [estado], [IdCiudad_Canton], [IdUsuario], [Fecha_Transac], [IdUsuarioUltMod], [Fecha_UltMod], [IdUsuarioUltAnu], [Fecha_UltAnu], [MotivoAnula], [nom_pc], [ip]) VALUES (N'10', N'01', N'AYACUCHO', 1, N'09', NULL, NULL, NULL, NULL, NULL, NULL, NULL, NULL, NULL)
INSERT [dbo].[tb_parroquia] ([IdParroquia], [cod_parroquia], [nom_parroquia], [estado], [IdCiudad_Canton], [IdUsuario], [Fecha_Transac], [IdUsuarioUltMod], [Fecha_UltMod], [IdUsuarioUltAnu], [Fecha_UltAnu], [MotivoAnula], [nom_pc], [ip]) VALUES (N'11', N'02', N'BOLÍVAR  (SAGRARIO) ', 1, N'09', NULL, NULL, NULL, NULL, NULL, NULL, NULL, NULL, NULL)
INSERT [dbo].[tb_parroquia] ([IdParroquia], [cod_parroquia], [nom_parroquia], [estado], [IdCiudad_Canton], [IdUsuario], [Fecha_Transac], [IdUsuarioUltMod], [Fecha_UltMod], [IdUsuarioUltAnu], [Fecha_UltAnu], [MotivoAnula], [nom_pc], [ip]) VALUES (N'12', N'03', N'CARBO (CONCEPCIÓN) ', 1, N'09', NULL, NULL, NULL, NULL, NULL, NULL, NULL, NULL, NULL)
INSERT [dbo].[tb_parroquia] ([IdParroquia], [cod_parroquia], [nom_parroquia], [estado], [IdCiudad_Canton], [IdUsuario], [Fecha_Transac], [IdUsuarioUltMod], [Fecha_UltMod], [IdUsuarioUltAnu], [Fecha_UltAnu], [MotivoAnula], [nom_pc], [ip]) VALUES (N'13', N'04', N'FEBRES CORDERO', 1, N'09', NULL, NULL, NULL, NULL, NULL, NULL, NULL, NULL, NULL)
INSERT [dbo].[tb_parroquia] ([IdParroquia], [cod_parroquia], [nom_parroquia], [estado], [IdCiudad_Canton], [IdUsuario], [Fecha_Transac], [IdUsuarioUltMod], [Fecha_UltMod], [IdUsuarioUltAnu], [Fecha_UltAnu], [MotivoAnula], [nom_pc], [ip]) VALUES (N'14', N'05', N'GARCÍA MORENO', 1, N'09', NULL, NULL, NULL, NULL, NULL, NULL, NULL, NULL, NULL)
INSERT [dbo].[tb_parroquia] ([IdParroquia], [cod_parroquia], [nom_parroquia], [estado], [IdCiudad_Canton], [IdUsuario], [Fecha_Transac], [IdUsuarioUltMod], [Fecha_UltMod], [IdUsuarioUltAnu], [Fecha_UltAnu], [MotivoAnula], [nom_pc], [ip]) VALUES (N'15', N'06', N'LETAMENDI', 1, N'09', NULL, NULL, NULL, NULL, NULL, NULL, NULL, NULL, NULL)
INSERT [dbo].[tb_parroquia] ([IdParroquia], [cod_parroquia], [nom_parroquia], [estado], [IdCiudad_Canton], [IdUsuario], [Fecha_Transac], [IdUsuarioUltMod], [Fecha_UltMod], [IdUsuarioUltAnu], [Fecha_UltAnu], [MotivoAnula], [nom_pc], [ip]) VALUES (N'16', N'07', N'NUEVE DE OCTUBRE', 1, N'09', NULL, NULL, NULL, NULL, NULL, NULL, NULL, NULL, NULL)
INSERT [dbo].[tb_parroquia] ([IdParroquia], [cod_parroquia], [nom_parroquia], [estado], [IdCiudad_Canton], [IdUsuario], [Fecha_Transac], [IdUsuarioUltMod], [Fecha_UltMod], [IdUsuarioUltAnu], [Fecha_UltAnu], [MotivoAnula], [nom_pc], [ip]) VALUES (N'17', N'08', N'OLMEDO  (SAN ALEJO) ', 1, N'09', NULL, NULL, NULL, NULL, NULL, NULL, NULL, NULL, NULL)
INSERT [dbo].[tb_parroquia] ([IdParroquia], [cod_parroquia], [nom_parroquia], [estado], [IdCiudad_Canton], [IdUsuario], [Fecha_Transac], [IdUsuarioUltMod], [Fecha_UltMod], [IdUsuarioUltAnu], [Fecha_UltAnu], [MotivoAnula], [nom_pc], [ip]) VALUES (N'18', N'09', N'ROCA', 1, N'09', NULL, NULL, NULL, NULL, NULL, NULL, NULL, NULL, NULL)
INSERT [dbo].[tb_parroquia] ([IdParroquia], [cod_parroquia], [nom_parroquia], [estado], [IdCiudad_Canton], [IdUsuario], [Fecha_Transac], [IdUsuarioUltMod], [Fecha_UltMod], [IdUsuarioUltAnu], [Fecha_UltAnu], [MotivoAnula], [nom_pc], [ip]) VALUES (N'19', N'10', N'ROCAFUERTE', 1, N'09', NULL, NULL, NULL, NULL, NULL, NULL, NULL, NULL, NULL)
INSERT [dbo].[tb_parroquia] ([IdParroquia], [cod_parroquia], [nom_parroquia], [estado], [IdCiudad_Canton], [IdUsuario], [Fecha_Transac], [IdUsuarioUltMod], [Fecha_UltMod], [IdUsuarioUltAnu], [Fecha_UltAnu], [MotivoAnula], [nom_pc], [ip]) VALUES (N'20', N'11', N'SUCRE', 1, N'09', NULL, NULL, NULL, NULL, NULL, NULL, NULL, NULL, NULL)
INSERT [dbo].[tb_parroquia] ([IdParroquia], [cod_parroquia], [nom_parroquia], [estado], [IdCiudad_Canton], [IdUsuario], [Fecha_Transac], [IdUsuarioUltMod], [Fecha_UltMod], [IdUsuarioUltAnu], [Fecha_UltAnu], [MotivoAnula], [nom_pc], [ip]) VALUES (N'21', N'12', N'TARQUI', 1, N'09', NULL, NULL, NULL, NULL, NULL, NULL, NULL, NULL, NULL)
INSERT [dbo].[tb_parroquia] ([IdParroquia], [cod_parroquia], [nom_parroquia], [estado], [IdCiudad_Canton], [IdUsuario], [Fecha_Transac], [IdUsuarioUltMod], [Fecha_UltMod], [IdUsuarioUltAnu], [Fecha_UltAnu], [MotivoAnula], [nom_pc], [ip]) VALUES (N'22', N'13', N'URDANETA', 1, N'09', NULL, NULL, NULL, NULL, NULL, NULL, NULL, NULL, NULL)
INSERT [dbo].[tb_parroquia] ([IdParroquia], [cod_parroquia], [nom_parroquia], [estado], [IdCiudad_Canton], [IdUsuario], [Fecha_Transac], [IdUsuarioUltMod], [Fecha_UltMod], [IdUsuarioUltAnu], [Fecha_UltAnu], [MotivoAnula], [nom_pc], [ip]) VALUES (N'23', N'14', N'XIMENA', 1, N'09', NULL, NULL, NULL, NULL, NULL, NULL, NULL, NULL, NULL)
INSERT [dbo].[tb_parroquia] ([IdParroquia], [cod_parroquia], [nom_parroquia], [estado], [IdCiudad_Canton], [IdUsuario], [Fecha_Transac], [IdUsuarioUltMod], [Fecha_UltMod], [IdUsuarioUltAnu], [Fecha_UltAnu], [MotivoAnula], [nom_pc], [ip]) VALUES (N'24', N'15', N'PASCUALES', 1, N'09', NULL, NULL, NULL, NULL, NULL, NULL, NULL, NULL, NULL)
INSERT [dbo].[tb_parroquia] ([IdParroquia], [cod_parroquia], [nom_parroquia], [estado], [IdCiudad_Canton], [IdUsuario], [Fecha_Transac], [IdUsuarioUltMod], [Fecha_UltMod], [IdUsuarioUltAnu], [Fecha_UltAnu], [MotivoAnula], [nom_pc], [ip]) VALUES (N'25', N'01', N'SAMBORONDÓN', 1, N'10', NULL, NULL, NULL, NULL, NULL, NULL, NULL, NULL, NULL)
INSERT [dbo].[tb_parroquia] ([IdParroquia], [cod_parroquia], [nom_parroquia], [estado], [IdCiudad_Canton], [IdUsuario], [Fecha_Transac], [IdUsuarioUltMod], [Fecha_UltMod], [IdUsuarioUltAnu], [Fecha_UltAnu], [MotivoAnula], [nom_pc], [ip]) VALUES (N'26', N'02', N'LA PUNTILLA (SATÉLITE)', 1, N'10', NULL, NULL, NULL, NULL, NULL, NULL, NULL, NULL, NULL)
INSERT [dbo].[tb_parroquia] ([IdParroquia], [cod_parroquia], [nom_parroquia], [estado], [IdCiudad_Canton], [IdUsuario], [Fecha_Transac], [IdUsuarioUltMod], [Fecha_UltMod], [IdUsuarioUltAnu], [Fecha_UltAnu], [MotivoAnula], [nom_pc], [ip]) VALUES (N'27', N'50', N'MILAGRO, CABECERA CANTONAL', 1, N'11', NULL, NULL, NULL, NULL, NULL, NULL, NULL, NULL, NULL)
INSERT [dbo].[tb_parroquia] ([IdParroquia], [cod_parroquia], [nom_parroquia], [estado], [IdCiudad_Canton], [IdUsuario], [Fecha_Transac], [IdUsuarioUltMod], [Fecha_UltMod], [IdUsuarioUltAnu], [Fecha_UltAnu], [MotivoAnula], [nom_pc], [ip]) VALUES (N'28', N'50', N'SAN MIGUEL DE IBARRA, CABECERA CANTONAL Y CAPITAL PROVINCIAL', 1, N'12', NULL, NULL, NULL, NULL, NULL, NULL, NULL, NULL, NULL)
INSERT [dbo].[tb_parroquia] ([IdParroquia], [cod_parroquia], [nom_parroquia], [estado], [IdCiudad_Canton], [IdUsuario], [Fecha_Transac], [IdUsuarioUltMod], [Fecha_UltMod], [IdUsuarioUltAnu], [Fecha_UltAnu], [MotivoAnula], [nom_pc], [ip]) VALUES (N'29', N'50', N'LOJA, CABECERA CANTONAL Y CAPITAL PROVINCIAL', 1, N'13', NULL, NULL, NULL, NULL, NULL, NULL, NULL, NULL, NULL)
INSERT [dbo].[tb_parroquia] ([IdParroquia], [cod_parroquia], [nom_parroquia], [estado], [IdCiudad_Canton], [IdUsuario], [Fecha_Transac], [IdUsuarioUltMod], [Fecha_UltMod], [IdUsuarioUltAnu], [Fecha_UltAnu], [MotivoAnula], [nom_pc], [ip]) VALUES (N'30', N'50', N'BABAHOYO, CABECERA CANTONAL Y CAPITAL PROVINCIAL', 1, N'14', NULL, NULL, NULL, NULL, NULL, NULL, NULL, NULL, NULL)
INSERT [dbo].[tb_parroquia] ([IdParroquia], [cod_parroquia], [nom_parroquia], [estado], [IdCiudad_Canton], [IdUsuario], [Fecha_Transac], [IdUsuarioUltMod], [Fecha_UltMod], [IdUsuarioUltAnu], [Fecha_UltAnu], [MotivoAnula], [nom_pc], [ip]) VALUES (N'31', N'50', N'QUEVEDO, CABECERA CANTONAL', 1, N'15', NULL, NULL, NULL, NULL, NULL, NULL, NULL, NULL, NULL)
INSERT [dbo].[tb_parroquia] ([IdParroquia], [cod_parroquia], [nom_parroquia], [estado], [IdCiudad_Canton], [IdUsuario], [Fecha_Transac], [IdUsuarioUltMod], [Fecha_UltMod], [IdUsuarioUltAnu], [Fecha_UltAnu], [MotivoAnula], [nom_pc], [ip]) VALUES (N'32', N'50', N'PORTOVIEJO, CABECERA CANTONAL Y CAPITAL PROVINCIAL', 1, N'16', NULL, NULL, NULL, NULL, NULL, NULL, NULL, NULL, NULL)
INSERT [dbo].[tb_parroquia] ([IdParroquia], [cod_parroquia], [nom_parroquia], [estado], [IdCiudad_Canton], [IdUsuario], [Fecha_Transac], [IdUsuarioUltMod], [Fecha_UltMod], [IdUsuarioUltAnu], [Fecha_UltAnu], [MotivoAnula], [nom_pc], [ip]) VALUES (N'33', N'50', N'MANTA, CABECERA CANTONAL', 1, N'17', NULL, NULL, NULL, NULL, NULL, NULL, NULL, NULL, NULL)
INSERT [dbo].[tb_parroquia] ([IdParroquia], [cod_parroquia], [nom_parroquia], [estado], [IdCiudad_Canton], [IdUsuario], [Fecha_Transac], [IdUsuarioUltMod], [Fecha_UltMod], [IdUsuarioUltAnu], [Fecha_UltAnu], [MotivoAnula], [nom_pc], [ip]) VALUES (N'34', N'50', N'ROCAFUERTE, CABECERA CANTONAL', 1, N'18', NULL, NULL, NULL, NULL, NULL, NULL, NULL, NULL, NULL)
INSERT [dbo].[tb_parroquia] ([IdParroquia], [cod_parroquia], [nom_parroquia], [estado], [IdCiudad_Canton], [IdUsuario], [Fecha_Transac], [IdUsuarioUltMod], [Fecha_UltMod], [IdUsuarioUltAnu], [Fecha_UltAnu], [MotivoAnula], [nom_pc], [ip]) VALUES (N'35', N'50', N'OLMEDO, CABECERA CANTONAL', 1, N'19', NULL, NULL, NULL, NULL, NULL, NULL, NULL, NULL, NULL)
INSERT [dbo].[tb_parroquia] ([IdParroquia], [cod_parroquia], [nom_parroquia], [estado], [IdCiudad_Canton], [IdUsuario], [Fecha_Transac], [IdUsuarioUltMod], [Fecha_UltMod], [IdUsuarioUltAnu], [Fecha_UltAnu], [MotivoAnula], [nom_pc], [ip]) VALUES (N'36', N'50', N'SAN VICENTE, CABECERA CANTONAL', 1, N'20', NULL, NULL, NULL, NULL, NULL, NULL, NULL, NULL, NULL)
INSERT [dbo].[tb_parroquia] ([IdParroquia], [cod_parroquia], [nom_parroquia], [estado], [IdCiudad_Canton], [IdUsuario], [Fecha_Transac], [IdUsuarioUltMod], [Fecha_UltMod], [IdUsuarioUltAnu], [Fecha_UltAnu], [MotivoAnula], [nom_pc], [ip]) VALUES (N'37', N'50', N'MACAS, CABECERA CANTONAL Y CAPITAL PROVINCIAL ', 1, N'21', NULL, NULL, NULL, NULL, NULL, NULL, NULL, NULL, NULL)
INSERT [dbo].[tb_parroquia] ([IdParroquia], [cod_parroquia], [nom_parroquia], [estado], [IdCiudad_Canton], [IdUsuario], [Fecha_Transac], [IdUsuarioUltMod], [Fecha_UltMod], [IdUsuarioUltAnu], [Fecha_UltAnu], [MotivoAnula], [nom_pc], [ip]) VALUES (N'38', N'50', N'TENA, CABECERA CANTONAL Y CAPITAL PROVINCIAL', 1, N'22', NULL, NULL, NULL, NULL, NULL, NULL, NULL, NULL, NULL)
INSERT [dbo].[tb_parroquia] ([IdParroquia], [cod_parroquia], [nom_parroquia], [estado], [IdCiudad_Canton], [IdUsuario], [Fecha_Transac], [IdUsuarioUltMod], [Fecha_UltMod], [IdUsuarioUltAnu], [Fecha_UltAnu], [MotivoAnula], [nom_pc], [ip]) VALUES (N'39', N'50', N'PUYO, CABECERA CANTONAL Y CAPITAL PROVINCIAL', 1, N'23', NULL, NULL, NULL, NULL, NULL, NULL, NULL, NULL, NULL)
INSERT [dbo].[tb_parroquia] ([IdParroquia], [cod_parroquia], [nom_parroquia], [estado], [IdCiudad_Canton], [IdUsuario], [Fecha_Transac], [IdUsuarioUltMod], [Fecha_UltMod], [IdUsuarioUltAnu], [Fecha_UltAnu], [MotivoAnula], [nom_pc], [ip]) VALUES (N'40', N'50', N'QUITO DISTRITO METROPOLITANO, CABECERA CANTONAL', 1, N'24', NULL, NULL, NULL, NULL, NULL, NULL, NULL, NULL, NULL)
INSERT [dbo].[tb_parroquia] ([IdParroquia], [cod_parroquia], [nom_parroquia], [estado], [IdCiudad_Canton], [IdUsuario], [Fecha_Transac], [IdUsuarioUltMod], [Fecha_UltMod], [IdUsuarioUltAnu], [Fecha_UltAnu], [MotivoAnula], [nom_pc], [ip]) VALUES (N'41', N'50', N'AMBATO, CABECERA CANTONAL Y CAPITAL PROVINCIAL', 1, N'25', NULL, NULL, NULL, NULL, NULL, NULL, NULL, NULL, NULL)
INSERT [dbo].[tb_parroquia] ([IdParroquia], [cod_parroquia], [nom_parroquia], [estado], [IdCiudad_Canton], [IdUsuario], [Fecha_Transac], [IdUsuarioUltMod], [Fecha_UltMod], [IdUsuarioUltAnu], [Fecha_UltAnu], [MotivoAnula], [nom_pc], [ip]) VALUES (N'42', N'50', N'ZAMORA, CABECERA CANTONAL Y CAPITAL PROVINCIAL', 1, N'26', NULL, NULL, NULL, NULL, NULL, NULL, NULL, NULL, NULL)
INSERT [dbo].[tb_parroquia] ([IdParroquia], [cod_parroquia], [nom_parroquia], [estado], [IdCiudad_Canton], [IdUsuario], [Fecha_Transac], [IdUsuarioUltMod], [Fecha_UltMod], [IdUsuarioUltAnu], [Fecha_UltAnu], [MotivoAnula], [nom_pc], [ip]) VALUES (N'43', N'50', N'PUERTO BAQUERIZO MORENO, CABECERA CANTONAL Y CAPITAL PROVINCIAL', 1, N'27', NULL, NULL, NULL, NULL, NULL, NULL, NULL, NULL, NULL)
INSERT [dbo].[tb_parroquia] ([IdParroquia], [cod_parroquia], [nom_parroquia], [estado], [IdCiudad_Canton], [IdUsuario], [Fecha_Transac], [IdUsuarioUltMod], [Fecha_UltMod], [IdUsuarioUltAnu], [Fecha_UltAnu], [MotivoAnula], [nom_pc], [ip]) VALUES (N'44', N'50', N'PUERTO AYORA, CABECERA CANTONAL', 1, N'28', NULL, NULL, NULL, NULL, NULL, NULL, NULL, NULL, NULL)
INSERT [dbo].[tb_parroquia] ([IdParroquia], [cod_parroquia], [nom_parroquia], [estado], [IdCiudad_Canton], [IdUsuario], [Fecha_Transac], [IdUsuarioUltMod], [Fecha_UltMod], [IdUsuarioUltAnu], [Fecha_UltAnu], [MotivoAnula], [nom_pc], [ip]) VALUES (N'45', N'50', N'NUEVA LOJA, CABECERA CANTONAL Y CAPITAL PROVINCIAL', 1, N'29', NULL, NULL, NULL, NULL, NULL, NULL, NULL, NULL, NULL)
INSERT [dbo].[tb_parroquia] ([IdParroquia], [cod_parroquia], [nom_parroquia], [estado], [IdCiudad_Canton], [IdUsuario], [Fecha_Transac], [IdUsuarioUltMod], [Fecha_UltMod], [IdUsuarioUltAnu], [Fecha_UltAnu], [MotivoAnula], [nom_pc], [ip]) VALUES (N'46', N'50', N'PUERTO FRANCISCO DE ORELLANA (EL COCA),CABECERA CANTONAL', 1, N'30', NULL, NULL, NULL, NULL, NULL, NULL, NULL, NULL, NULL)
INSERT [dbo].[tb_parroquia] ([IdParroquia], [cod_parroquia], [nom_parroquia], [estado], [IdCiudad_Canton], [IdUsuario], [Fecha_Transac], [IdUsuarioUltMod], [Fecha_UltMod], [IdUsuarioUltAnu], [Fecha_UltAnu], [MotivoAnula], [nom_pc], [ip]) VALUES (N'47', N'50', N'SANTO DOMINGO DE LOS COLORADOS, CABECERA CANTONAL Y CAPITAL PROVINCIAL', 1, N'31', NULL, NULL, NULL, NULL, NULL, NULL, NULL, NULL, NULL)
INSERT [dbo].[tb_parroquia] ([IdParroquia], [cod_parroquia], [nom_parroquia], [estado], [IdCiudad_Canton], [IdUsuario], [Fecha_Transac], [IdUsuarioUltMod], [Fecha_UltMod], [IdUsuarioUltAnu], [Fecha_UltAnu], [MotivoAnula], [nom_pc], [ip]) VALUES (N'48', N'50', N'SANTA ELENA, CABECERA CANTONAL Y CAPITAL PROVINCIAL', 1, N'32', NULL, NULL, NULL, NULL, NULL, NULL, NULL, NULL, NULL)
INSERT [dbo].[tb_parroquia] ([IdParroquia], [cod_parroquia], [nom_parroquia], [estado], [IdCiudad_Canton], [IdUsuario], [Fecha_Transac], [IdUsuarioUltMod], [Fecha_UltMod], [IdUsuarioUltAnu], [Fecha_UltAnu], [MotivoAnula], [nom_pc], [ip]) VALUES (N'49', N'50', N'LA LIBERTAD, CABECERA CANTONAL', 1, N'33', NULL, NULL, NULL, NULL, NULL, NULL, NULL, NULL, NULL)
INSERT [dbo].[tb_parroquia] ([IdParroquia], [cod_parroquia], [nom_parroquia], [estado], [IdCiudad_Canton], [IdUsuario], [Fecha_Transac], [IdUsuarioUltMod], [Fecha_UltMod], [IdUsuarioUltAnu], [Fecha_UltAnu], [MotivoAnula], [nom_pc], [ip]) VALUES (N'50', N'50', N'SALINAS, CABECERA CANTONAL', 1, N'34', NULL, NULL, NULL, NULL, NULL, NULL, NULL, NULL, NULL)
INSERT [dbo].[tb_parroquia] ([IdParroquia], [cod_parroquia], [nom_parroquia], [estado], [IdCiudad_Canton], [IdUsuario], [Fecha_Transac], [IdUsuarioUltMod], [Fecha_UltMod], [IdUsuarioUltAnu], [Fecha_UltAnu], [MotivoAnula], [nom_pc], [ip]) VALUES (N'51', N'50', N'CHONE, CABECERA CANTONAL', 1, N'39', NULL, NULL, NULL, NULL, NULL, NULL, NULL, NULL, NULL)
INSERT [dbo].[tb_parroquia] ([IdParroquia], [cod_parroquia], [nom_parroquia], [estado], [IdCiudad_Canton], [IdUsuario], [Fecha_Transac], [IdUsuarioUltMod], [Fecha_UltMod], [IdUsuarioUltAnu], [Fecha_UltAnu], [MotivoAnula], [nom_pc], [ip]) VALUES (N'52', N'01', N'DURAN', 1, N'40', NULL, NULL, NULL, NULL, NULL, NULL, NULL, NULL, NULL)
INSERT [dbo].[tb_parroquia] ([IdParroquia], [cod_parroquia], [nom_parroquia], [estado], [IdCiudad_Canton], [IdUsuario], [Fecha_Transac], [IdUsuarioUltMod], [Fecha_UltMod], [IdUsuarioUltAnu], [Fecha_UltAnu], [MotivoAnula], [nom_pc], [ip]) VALUES (N'53', N'00', N'PERU', 1, N'41', NULL, NULL, NULL, NULL, NULL, NULL, NULL, NULL, NULL)
INSERT [dbo].[tb_parroquia] ([IdParroquia], [cod_parroquia], [nom_parroquia], [estado], [IdCiudad_Canton], [IdUsuario], [Fecha_Transac], [IdUsuarioUltMod], [Fecha_UltMod], [IdUsuarioUltAnu], [Fecha_UltAnu], [MotivoAnula], [nom_pc], [ip]) VALUES (N'54', N'00', N'BUENA FE', 1, N'42', NULL, NULL, NULL, NULL, NULL, NULL, NULL, NULL, NULL)
INSERT [dbo].[tb_parroquia] ([IdParroquia], [cod_parroquia], [nom_parroquia], [estado], [IdCiudad_Canton], [IdUsuario], [Fecha_Transac], [IdUsuarioUltMod], [Fecha_UltMod], [IdUsuarioUltAnu], [Fecha_UltAnu], [MotivoAnula], [nom_pc], [ip]) VALUES (N'55', N'01', N'EL EMPALME', 1, N'43', NULL, NULL, NULL, NULL, NULL, NULL, NULL, NULL, NULL)
INSERT [dbo].[tb_parroquia] ([IdParroquia], [cod_parroquia], [nom_parroquia], [estado], [IdCiudad_Canton], [IdUsuario], [Fecha_Transac], [IdUsuarioUltMod], [Fecha_UltMod], [IdUsuarioUltAnu], [Fecha_UltAnu], [MotivoAnula], [nom_pc], [ip]) VALUES (N'56', N'07', N'PAUTE', 1, N'44', NULL, NULL, NULL, NULL, NULL, NULL, NULL, NULL, NULL)
INSERT [dbo].[tb_parroquia] ([IdParroquia], [cod_parroquia], [nom_parroquia], [estado], [IdCiudad_Canton], [IdUsuario], [Fecha_Transac], [IdUsuarioUltMod], [Fecha_UltMod], [IdUsuarioUltAnu], [Fecha_UltAnu], [MotivoAnula], [nom_pc], [ip]) VALUES (N'57', N'50', N'EL GUABO', 1, N'45', NULL, NULL, NULL, NULL, NULL, NULL, NULL, NULL, NULL)
INSERT [dbo].[tb_parroquia] ([IdParroquia], [cod_parroquia], [nom_parroquia], [estado], [IdCiudad_Canton], [IdUsuario], [Fecha_Transac], [IdUsuarioUltMod], [Fecha_UltMod], [IdUsuarioUltAnu], [Fecha_UltAnu], [MotivoAnula], [nom_pc], [ip]) VALUES (N'58', N'58', N'SANTA ANA', 1, N'46', NULL, NULL, NULL, NULL, NULL, NULL, NULL, NULL, NULL)
INSERT [dbo].[tb_parroquia] ([IdParroquia], [cod_parroquia], [nom_parroquia], [estado], [IdCiudad_Canton], [IdUsuario], [Fecha_Transac], [IdUsuarioUltMod], [Fecha_UltMod], [IdUsuarioUltAnu], [Fecha_UltAnu], [MotivoAnula], [nom_pc], [ip]) VALUES (N'59', N'50', N'MONTECRISTI', 1, N'47', NULL, NULL, NULL, NULL, NULL, NULL, NULL, NULL, NULL)
INSERT [dbo].[tb_parroquia] ([IdParroquia], [cod_parroquia], [nom_parroquia], [estado], [IdCiudad_Canton], [IdUsuario], [Fecha_Transac], [IdUsuarioUltMod], [Fecha_UltMod], [IdUsuarioUltAnu], [Fecha_UltAnu], [MotivoAnula], [nom_pc], [ip]) VALUES (N'60', N'50', N'BAÑOS', 1, N'48', NULL, NULL, NULL, NULL, NULL, NULL, NULL, NULL, NULL)
INSERT [dbo].[tb_parroquia] ([IdParroquia], [cod_parroquia], [nom_parroquia], [estado], [IdCiudad_Canton], [IdUsuario], [Fecha_Transac], [IdUsuarioUltMod], [Fecha_UltMod], [IdUsuarioUltAnu], [Fecha_UltAnu], [MotivoAnula], [nom_pc], [ip]) VALUES (N'61', N'51', N'BOGOTÁ', 1, N'49', NULL, NULL, NULL, NULL, NULL, NULL, NULL, NULL, NULL)
INSERT [dbo].[tb_parroquia] ([IdParroquia], [cod_parroquia], [nom_parroquia], [estado], [IdCiudad_Canton], [IdUsuario], [Fecha_Transac], [IdUsuarioUltMod], [Fecha_UltMod], [IdUsuarioUltAnu], [Fecha_UltAnu], [MotivoAnula], [nom_pc], [ip]) VALUES (N'62', N'52', N'PÍLLARO', 1, N'50', NULL, NULL, NULL, NULL, NULL, NULL, NULL, NULL, NULL)
INSERT [dbo].[tb_parroquia] ([IdParroquia], [cod_parroquia], [nom_parroquia], [estado], [IdCiudad_Canton], [IdUsuario], [Fecha_Transac], [IdUsuarioUltMod], [Fecha_UltMod], [IdUsuarioUltAnu], [Fecha_UltAnu], [MotivoAnula], [nom_pc], [ip]) VALUES (N'63', N'63', N'PEDRO CARBO', 1, N'51', NULL, NULL, NULL, NULL, NULL, NULL, NULL, NULL, NULL)
INSERT [dbo].[tb_parroquia] ([IdParroquia], [cod_parroquia], [nom_parroquia], [estado], [IdCiudad_Canton], [IdUsuario], [Fecha_Transac], [IdUsuarioUltMod], [Fecha_UltMod], [IdUsuarioUltAnu], [Fecha_UltAnu], [MotivoAnula], [nom_pc], [ip]) VALUES (N'64', N'64', N'EL SALVADOR', 1, N'54', NULL, NULL, NULL, NULL, NULL, NULL, NULL, NULL, NULL)
